{"total_norm": 7.848917484283447, "target_norm": 1.0466041564941406, "param2norm_diff": {"model.embed_tokens.weight": 0.20553196966648102, "model.layers.0.self_attn.q_proj.weight": 0.04775948449969292, "model.layers.0.self_attn.k_proj.weight": 0.024877497926354408, "model.layers.0.self_attn.v_proj.weight": 0.02418597787618637, "model.layers.0.self_attn.o_proj.weight": 0.04822985827922821, "model.layers.0.mlp.gate_proj.weight": 0.09525708854198456, "model.layers.0.mlp.up_proj.weight": 0.0947982519865036, "model.layers.0.mlp.down_proj.weight": 0.09498842805624008, "model.layers.0.input_layernorm.weight": 0.0009949386585503817, "model.layers.0.post_attention_layernorm.weight": 0.0010474963346496224, "model.layers.1.self_attn.q_proj.weight": 0.04872827231884003, "model.layers.1.self_attn.k_proj.weight": 0.023821460083127022, "model.layers.1.self_attn.v_proj.weight": 0.024272585287690163, "model.layers.1.self_attn.o_proj.weight": 0.049581579864025116, "model.layers.1.mlp.gate_proj.weight": 0.0949321836233139, "model.layers.1.mlp.up_proj.weight": 0.0949469655752182, "model.layers.1.mlp.down_proj.weight": 0.09584145992994308, "model.layers.1.input_layernorm.weight": 0.0010663262801244855, "model.layers.1.post_attention_layernorm.weight": 0.001040227129124105, "model.layers.2.self_attn.q_proj.weight": 0.04978358373045921, "model.layers.2.self_attn.k_proj.weight": 0.024290412664413452, "model.layers.2.self_attn.v_proj.weight": 0.024637795984745026, "model.layers.2.self_attn.o_proj.weight": 0.05013173446059227, "model.layers.2.mlp.gate_proj.weight": 0.09722898155450821, "model.layers.2.mlp.up_proj.weight": 0.09707542508840561, "model.layers.2.mlp.down_proj.weight": 0.09812989085912704, "model.layers.2.input_layernorm.weight": 0.0010455491719767451, "model.layers.2.post_attention_layernorm.weight": 0.0010517516639083624, "model.layers.3.self_attn.q_proj.weight": 0.049547988921403885, "model.layers.3.self_attn.k_proj.weight": 0.0243605338037014, "model.layers.3.self_attn.v_proj.weight": 0.024585075676441193, "model.layers.3.self_attn.o_proj.weight": 0.050172001123428345, "model.layers.3.mlp.gate_proj.weight": 0.10055194795131683, "model.layers.3.mlp.up_proj.weight": 0.10003966838121414, "model.layers.3.mlp.down_proj.weight": 0.10126903653144836, "model.layers.3.input_layernorm.weight": 0.0010520280338823795, "model.layers.3.post_attention_layernorm.weight": 0.0010893484577536583, "model.layers.4.self_attn.q_proj.weight": 0.049962207674980164, "model.layers.4.self_attn.k_proj.weight": 0.02457108348608017, "model.layers.4.self_attn.v_proj.weight": 0.024699348956346512, "model.layers.4.self_attn.o_proj.weight": 0.04984072595834732, "model.layers.4.mlp.gate_proj.weight": 0.10222477465867996, "model.layers.4.mlp.up_proj.weight": 0.10167098045349121, "model.layers.4.mlp.down_proj.weight": 0.10237395018339157, "model.layers.4.input_layernorm.weight": 0.001073015620931983, "model.layers.4.post_attention_layernorm.weight": 0.0011214063270017505, "model.layers.5.self_attn.q_proj.weight": 0.0499148964881897, "model.layers.5.self_attn.k_proj.weight": 0.024723263457417488, "model.layers.5.self_attn.v_proj.weight": 0.02524716593325138, "model.layers.5.self_attn.o_proj.weight": 0.050890568643808365, "model.layers.5.mlp.gate_proj.weight": 0.10298848152160645, "model.layers.5.mlp.up_proj.weight": 0.10244178026914597, "model.layers.5.mlp.down_proj.weight": 0.10295798629522324, "model.layers.5.input_layernorm.weight": 0.0011071704793721437, "model.layers.5.post_attention_layernorm.weight": 0.001138327643275261, "model.layers.6.self_attn.q_proj.weight": 0.051393426954746246, "model.layers.6.self_attn.k_proj.weight": 0.025199107825756073, "model.layers.6.self_attn.v_proj.weight": 0.025253914296627045, "model.layers.6.self_attn.o_proj.weight": 0.05098067224025726, "model.layers.6.mlp.gate_proj.weight": 0.10417766869068146, "model.layers.6.mlp.up_proj.weight": 0.10337261855602264, "model.layers.6.mlp.down_proj.weight": 0.10422959178686142, "model.layers.6.input_layernorm.weight": 0.0011120311683043838, "model.layers.6.post_attention_layernorm.weight": 0.0011181841837242246, "model.layers.7.self_attn.q_proj.weight": 0.05081763491034508, "model.layers.7.self_attn.k_proj.weight": 0.02501656673848629, "model.layers.7.self_attn.v_proj.weight": 0.024922523647546768, "model.layers.7.self_attn.o_proj.weight": 0.05127286538481712, "model.layers.7.mlp.gate_proj.weight": 0.10596851259469986, "model.layers.7.mlp.up_proj.weight": 0.1049293503165245, "model.layers.7.mlp.down_proj.weight": 0.10639054328203201, "model.layers.7.input_layernorm.weight": 0.001050602993927896, "model.layers.7.post_attention_layernorm.weight": 0.0011551995994523168, "model.layers.8.self_attn.q_proj.weight": 0.05168772116303444, "model.layers.8.self_attn.k_proj.weight": 0.025466980412602425, "model.layers.8.self_attn.v_proj.weight": 0.025611715391278267, "model.layers.8.self_attn.o_proj.weight": 0.05197171866893768, "model.layers.8.mlp.gate_proj.weight": 0.10833053290843964, "model.layers.8.mlp.up_proj.weight": 0.10717450827360153, "model.layers.8.mlp.down_proj.weight": 0.1083121970295906, "model.layers.8.input_layernorm.weight": 0.001121895737014711, "model.layers.8.post_attention_layernorm.weight": 0.0011747099924832582, "model.layers.9.self_attn.q_proj.weight": 0.05398832634091377, "model.layers.9.self_attn.k_proj.weight": 0.026353318244218826, "model.layers.9.self_attn.v_proj.weight": 0.02613290213048458, "model.layers.9.self_attn.o_proj.weight": 0.053790319710969925, "model.layers.9.mlp.gate_proj.weight": 0.11004812270402908, "model.layers.9.mlp.up_proj.weight": 0.10928889364004135, "model.layers.9.mlp.down_proj.weight": 0.11046255379915237, "model.layers.9.input_layernorm.weight": 0.0011351376306265593, "model.layers.9.post_attention_layernorm.weight": 0.0011882723774760962, "model.layers.10.self_attn.q_proj.weight": 0.05220743641257286, "model.layers.10.self_attn.k_proj.weight": 0.02629159949719906, "model.layers.10.self_attn.v_proj.weight": 0.02691817097365856, "model.layers.10.self_attn.o_proj.weight": 0.05535304918885231, "model.layers.10.mlp.gate_proj.weight": 0.1095164343714714, "model.layers.10.mlp.up_proj.weight": 0.11004618555307388, "model.layers.10.mlp.down_proj.weight": 0.11051573604345322, "model.layers.10.input_layernorm.weight": 0.0011396958725526929, "model.layers.10.post_attention_layernorm.weight": 0.0011764102382585406, "model.layers.11.self_attn.q_proj.weight": 0.05408547446131706, "model.layers.11.self_attn.k_proj.weight": 0.026669863611459732, "model.layers.11.self_attn.v_proj.weight": 0.027253372594714165, "model.layers.11.self_attn.o_proj.weight": 0.055869560688734055, "model.layers.11.mlp.gate_proj.weight": 0.10909581184387207, "model.layers.11.mlp.up_proj.weight": 0.11130328476428986, "model.layers.11.mlp.down_proj.weight": 0.11134672164916992, "model.layers.11.input_layernorm.weight": 0.0011643029283732176, "model.layers.11.post_attention_layernorm.weight": 0.0012124805944040418, "model.layers.12.self_attn.q_proj.weight": 0.05406545475125313, "model.layers.12.self_attn.k_proj.weight": 0.025746051222085953, "model.layers.12.self_attn.v_proj.weight": 0.027358269318938255, "model.layers.12.self_attn.o_proj.weight": 0.0560414083302021, "model.layers.12.mlp.gate_proj.weight": 0.11042759567499161, "model.layers.12.mlp.up_proj.weight": 0.1113995835185051, "model.layers.12.mlp.down_proj.weight": 0.11205391585826874, "model.layers.12.input_layernorm.weight": 0.001183748827315867, "model.layers.12.post_attention_layernorm.weight": 0.0012040166184306145, "model.layers.13.self_attn.q_proj.weight": 0.05332626402378082, "model.layers.13.self_attn.k_proj.weight": 0.02676149643957615, "model.layers.13.self_attn.v_proj.weight": 0.027535971254110336, "model.layers.13.self_attn.o_proj.weight": 0.056009575724601746, "model.layers.13.mlp.gate_proj.weight": 0.1127195879817009, "model.layers.13.mlp.up_proj.weight": 0.11324775218963623, "model.layers.13.mlp.down_proj.weight": 0.11344544589519501,