{"total_norm": 7.70170259475708, "target_norm": 1.0262386798858643, "param2norm_diff": {"model.embed_tokens.weight": 0.20206695795059204, "model.layers.0.self_attn.q_proj.weight": 0.045965079218149185, "model.layers.0.self_attn.k_proj.weight": 0.022513052448630333, "model.layers.0.self_attn.v_proj.weight": 0.02313772402703762, "model.layers.0.self_attn.o_proj.weight": 0.047344841063022614, "model.layers.0.mlp.gate_proj.weight": 0.09268640726804733, "model.layers.0.mlp.up_proj.weight": 0.09262838214635849, "model.layers.0.mlp.down_proj.weight": 0.09276675432920456, "model.layers.0.input_layernorm.weight": 0.0009944152552634478, "model.layers.0.post_attention_layernorm.weight": 0.0010244589066132903, "model.layers.1.self_attn.q_proj.weight": 0.04719686880707741, "model.layers.1.self_attn.k_proj.weight": 0.023529663681983948, "model.layers.1.self_attn.v_proj.weight": 0.02363957278430462, "model.layers.1.self_attn.o_proj.weight": 0.0475299246609211, "model.layers.1.mlp.gate_proj.weight": 0.09234587103128433, "model.layers.1.mlp.up_proj.weight": 0.09256817400455475, "model.layers.1.mlp.down_proj.weight": 0.09288971871137619, "model.layers.1.input_layernorm.weight": 0.001042598276399076, "model.layers.1.post_attention_layernorm.weight": 0.0010079797357320786, "model.layers.2.self_attn.q_proj.weight": 0.049526944756507874, "model.layers.2.self_attn.k_proj.weight": 0.024339182302355766, "model.layers.2.self_attn.v_proj.weight": 0.023819493129849434, "model.layers.2.self_attn.o_proj.weight": 0.048596084117889404, "model.layers.2.mlp.gate_proj.weight": 0.09348145127296448, "model.layers.2.mlp.up_proj.weight": 0.09369010478258133, "model.layers.2.mlp.down_proj.weight": 0.09458352625370026, "model.layers.2.input_layernorm.weight": 0.001047487952746451, "model.layers.2.post_attention_layernorm.weight": 0.0010060165077447891, "model.layers.3.self_attn.q_proj.weight": 0.04871298000216484, "model.layers.3.self_attn.k_proj.weight": 0.0237073116004467, "model.layers.3.self_attn.v_proj.weight": 0.02331838198006153, "model.layers.3.self_attn.o_proj.weight": 0.04804527387022972, "model.layers.3.mlp.gate_proj.weight": 0.09739981591701508, "model.layers.3.mlp.up_proj.weight": 0.09759064763784409, "model.layers.3.mlp.down_proj.weight": 0.09823732823133469, "model.layers.3.input_layernorm.weight": 0.0010025161318480968, "model.layers.3.post_attention_layernorm.weight": 0.0010835675057023764, "model.layers.4.self_attn.q_proj.weight": 0.04865520820021629, "model.layers.4.self_attn.k_proj.weight": 0.024710021913051605, "model.layers.4.self_attn.v_proj.weight": 0.024503862485289574, "model.layers.4.self_attn.o_proj.weight": 0.04861266538500786, "model.layers.4.mlp.gate_proj.weight": 0.09847993403673172, "model.layers.4.mlp.up_proj.weight": 0.09808935225009918, "model.layers.4.mlp.down_proj.weight": 0.09855976700782776, "model.layers.4.input_layernorm.weight": 0.001067133154720068, "model.layers.4.post_attention_layernorm.weight": 0.0010967772686854005, "model.layers.5.self_attn.q_proj.weight": 0.049145959317684174, "model.layers.5.self_attn.k_proj.weight": 0.025128059089183807, "model.layers.5.self_attn.v_proj.weight": 0.024547558277845383, "model.layers.5.self_attn.o_proj.weight": 0.049405537545681, "model.layers.5.mlp.gate_proj.weight": 0.09893816709518433, "model.layers.5.mlp.up_proj.weight": 0.09833159297704697, "model.layers.5.mlp.down_proj.weight": 0.09917116910219193, "model.layers.5.input_layernorm.weight": 0.0010773587273433805, "model.layers.5.post_attention_layernorm.weight": 0.0010752961970865726, "model.layers.6.self_attn.q_proj.weight": 0.04896887391805649, "model.layers.6.self_attn.k_proj.weight": 0.024078557267785072, "model.layers.6.self_attn.v_proj.weight": 0.024674873799085617, "model.layers.6.self_attn.o_proj.weight": 0.04988202080130577, "model.layers.6.mlp.gate_proj.weight": 0.10042737424373627, "model.layers.6.mlp.up_proj.weight": 0.10000160336494446, "model.layers.6.mlp.down_proj.weight": 0.10087276250123978, "model.layers.6.input_layernorm.weight": 0.0010540426010265946, "model.layers.6.post_attention_layernorm.weight": 0.001113559352234006, "model.layers.7.self_attn.q_proj.weight": 0.04955650120973587, "model.layers.7.self_attn.k_proj.weight": 0.024614056572318077, "model.layers.7.self_attn.v_proj.weight": 0.024941476061940193, "model.layers.7.self_attn.o_proj.weight": 0.05098103731870651, "model.layers.7.mlp.gate_proj.weight": 0.1026119589805603, "model.layers.7.mlp.up_proj.weight": 0.10226036608219147, "model.layers.7.mlp.down_proj.weight": 0.10328800976276398, "model.layers.7.input_layernorm.weight": 0.0011040776735171676, "model.layers.7.post_attention_layernorm.weight": 0.0011354348389431834, "model.layers.8.self_attn.q_proj.weight": 0.05107962712645531, "model.layers.8.self_attn.k_proj.weight": 0.025265665724873543, "model.layers.8.self_attn.v_proj.weight": 0.025357788428664207, "model.layers.8.self_attn.o_proj.weight": 0.05175754800438881, "model.layers.8.mlp.gate_proj.weight": 0.10601960122585297, "model.layers.8.mlp.up_proj.weight": 0.10528840869665146, "model.layers.8.mlp.down_proj.weight": 0.10659005492925644, "model.layers.8.input_layernorm.weight": 0.0010733058443292975, "model.layers.8.post_attention_layernorm.weight": 0.0011566324392333627, "model.layers.9.self_attn.q_proj.weight": 0.05224643647670746, "model.layers.9.self_attn.k_proj.weight": 0.025552239269018173, "model.layers.9.self_attn.v_proj.weight": 0.025996951386332512, "model.layers.9.self_attn.o_proj.weight": 0.053181953728199005, "model.layers.9.mlp.gate_proj.weight": 0.10839520394802094, "model.layers.9.mlp.up_proj.weight": 0.10804692655801773, "model.layers.9.mlp.down_proj.weight": 0.10905840992927551, "model.layers.9.input_layernorm.weight": 0.00112254754640162, "model.layers.9.post_attention_layernorm.weight": 0.0011915925424546003, "model.layers.10.self_attn.q_proj.weight": 0.053020212799310684, "model.layers.10.self_attn.k_proj.weight": 0.025496814399957657, "model.layers.10.self_attn.v_proj.weight": 0.026875939220190048, "model.layers.10.self_attn.o_proj.weight": 0.054834719747304916, "model.layers.10.mlp.gate_proj.weight": 0.10924502462148666, "model.layers.10.mlp.up_proj.weight": 0.11044098436832428, "model.layers.10.mlp.down_proj.weight": 0.11044581234455109, "model.layers.10.input_layernorm.weight": 0.0011770578566938639, "model.layers.10.post_attention_layernorm.weight": 0.001205234439112246, "model.layers.11.self_attn.q_proj.weight": 0.05311709642410278, "model.layers.11.self_attn.k_proj.weight": 0.026618484407663345, "model.layers.11.self_attn.v_proj.weight": 0.02746603824198246, "model.layers.11.self_attn.o_proj.weight": 0.055855777114629745, "model.layers.11.mlp.gate_proj.weight": 0.11040739715099335, "model.layers.11.mlp.up_proj.weight": 0.11165325343608856, "model.layers.11.mlp.down_proj.weight": 0.11131054908037186, "model.layers.11.input_layernorm.weight": 0.001138597377575934, "model.layers.11.post_attention_layernorm.weight": 0.0012259195791557431, "model.layers.12.self_attn.q_proj.weight": 0.055172376334667206, "model.layers.12.self_attn.k_proj.weight": 0.027095137163996696, "model.layers.12.self_attn.v_proj.weight": 0.027682216838002205, "model.layers.12.self_attn.o_proj.weight": 0.05693693831562996, "model.layers.12.mlp.gate_proj.weight": 0.11046397686004639, "model.layers.12.mlp.up_proj.weight": 0.11108536273241043, "model.layers.12.mlp.down_proj.weight": 0.11090271919965744, "model.layers.12.input_layernorm.weight": 0.0011920599499717355, "model.layers.12.post_attention_layernorm.weight": 0.0012424655724316835, "model.layers.13.self_attn.q_proj.weight": 0.05377467721700668, "model.layers.13.self_attn.k_proj.weight": 0.026727432385087013, "model.layers.13.self_attn.v_proj.weight": 0.027883833274245262, "model.layers.13.self_attn.o_proj.weight": 0.055496539920568466, "model.layers.13.mlp.gate_proj.weight": 0.11131283640861511, "model.layers.13.mlp.up_proj.weight": 0.11150088161230087, "model.layers.13.mlp.down_proj.weight": 0.11167211830615997,