{"total_norm": 7.073397159576416, "target_norm": 0.9285929203033447, "param2norm_diff": {"model.embed_tokens.weight": 0.15645307302474976, "model.layers.0.self_attn.q_proj.weight": 0.043999187648296356, "model.layers.0.self_attn.k_proj.weight": 0.02335362322628498, "model.layers.0.self_attn.v_proj.weight": 0.02251395210623741, "model.layers.0.self_attn.o_proj.weight": 0.045603811740875244, "model.layers.0.mlp.gate_proj.weight": 0.09115864336490631, "model.layers.0.mlp.up_proj.weight": 0.09129747748374939, "model.layers.0.mlp.down_proj.weight": 0.0912247970700264, "model.layers.0.input_layernorm.weight": 0.0009921749588102102, "model.layers.0.post_attention_layernorm.weight": 0.0010247454047203064, "model.layers.1.self_attn.q_proj.weight": 0.04553496837615967, "model.layers.1.self_attn.k_proj.weight": 0.021669508889317513, "model.layers.1.self_attn.v_proj.weight": 0.02256620116531849, "model.layers.1.self_attn.o_proj.weight": 0.044821176677942276, "model.layers.1.mlp.gate_proj.weight": 0.09009155631065369, "model.layers.1.mlp.up_proj.weight": 0.0897054597735405, "model.layers.1.mlp.down_proj.weight": 0.0896158441901207, "model.layers.1.input_layernorm.weight": 0.0009830285562202334, "model.layers.1.post_attention_layernorm.weight": 0.0009955099085345864, "model.layers.2.self_attn.q_proj.weight": 0.045596517622470856, "model.layers.2.self_attn.k_proj.weight": 0.02295219525694847, "model.layers.2.self_attn.v_proj.weight": 0.022333243861794472, "model.layers.2.self_attn.o_proj.weight": 0.044527072459459305, "model.layers.2.mlp.gate_proj.weight": 0.08895574510097504, "model.layers.2.mlp.up_proj.weight": 0.08818855881690979, "model.layers.2.mlp.down_proj.weight": 0.08970113098621368, "model.layers.2.input_layernorm.weight": 0.0009850134374573827, "model.layers.2.post_attention_layernorm.weight": 0.0009740559617057443, "model.layers.3.self_attn.q_proj.weight": 0.0435120090842247, "model.layers.3.self_attn.k_proj.weight": 0.021456899121403694, "model.layers.3.self_attn.v_proj.weight": 0.022090181708335876, "model.layers.3.self_attn.o_proj.weight": 0.04418906196951866, "model.layers.3.mlp.gate_proj.weight": 0.09204930812120438, "model.layers.3.mlp.up_proj.weight": 0.09115087985992432, "model.layers.3.mlp.down_proj.weight": 0.09184130281209946, "model.layers.3.input_layernorm.weight": 0.0009684307151474059, "model.layers.3.post_attention_layernorm.weight": 0.000966896943282336, "model.layers.4.self_attn.q_proj.weight": 0.04589555785059929, "model.layers.4.self_attn.k_proj.weight": 0.02299363911151886, "model.layers.4.self_attn.v_proj.weight": 0.02264774776995182, "model.layers.4.self_attn.o_proj.weight": 0.045090071856975555, "model.layers.4.mlp.gate_proj.weight": 0.09242253750562668, "model.layers.4.mlp.up_proj.weight": 0.09148593991994858, "model.layers.4.mlp.down_proj.weight": 0.09166141599416733, "model.layers.4.input_layernorm.weight": 0.000994919566437602, "model.layers.4.post_attention_layernorm.weight": 0.0010073451558128, "model.layers.5.self_attn.q_proj.weight": 0.04627586901187897, "model.layers.5.self_attn.k_proj.weight": 0.02330138348042965, "model.layers.5.self_attn.v_proj.weight": 0.022969212383031845, "model.layers.5.self_attn.o_proj.weight": 0.04572916030883789, "model.layers.5.mlp.gate_proj.weight": 0.09306451678276062, "model.layers.5.mlp.up_proj.weight": 0.09247147291898727, "model.layers.5.mlp.down_proj.weight": 0.0921516939997673, "model.layers.5.input_layernorm.weight": 0.001011460437439382, "model.layers.5.post_attention_layernorm.weight": 0.0010141882812604308, "model.layers.6.self_attn.q_proj.weight": 0.046567920595407486, "model.layers.6.self_attn.k_proj.weight": 0.02288113720715046, "model.layers.6.self_attn.v_proj.weight": 0.02285263128578663, "model.layers.6.self_attn.o_proj.weight": 0.04629695788025856, "model.layers.6.mlp.gate_proj.weight": 0.09332598000764847, "model.layers.6.mlp.up_proj.weight": 0.09227363020181656, "model.layers.6.mlp.down_proj.weight": 0.09274207800626755, "model.layers.6.input_layernorm.weight": 0.0010321374284103513, "model.layers.6.post_attention_layernorm.weight": 0.0010086226975545287, "model.layers.7.self_attn.q_proj.weight": 0.046440985053777695, "model.layers.7.self_attn.k_proj.weight": 0.023018892854452133, "model.layers.7.self_attn.v_proj.weight": 0.022638989612460136, "model.layers.7.self_attn.o_proj.weight": 0.04658575356006622, "model.layers.7.mlp.gate_proj.weight": 0.09471800178289413, "model.layers.7.mlp.up_proj.weight": 0.09431572258472443, "model.layers.7.mlp.down_proj.weight": 0.09471295773983002, "model.layers.7.input_layernorm.weight": 0.000992171815596521, "model.layers.7.post_attention_layernorm.weight": 0.0010128681315109134, "model.layers.8.self_attn.q_proj.weight": 0.047380756586790085, "model.layers.8.self_attn.k_proj.weight": 0.02304377779364586, "model.layers.8.self_attn.v_proj.weight": 0.02269960194826126, "model.layers.8.self_attn.o_proj.weight": 0.046469803899526596, "model.layers.8.mlp.gate_proj.weight": 0.09594990313053131, "model.layers.8.mlp.up_proj.weight": 0.09474911540746689, "model.layers.8.mlp.down_proj.weight": 0.09502894431352615, "model.layers.8.input_layernorm.weight": 0.00099739502184093, "model.layers.8.post_attention_layernorm.weight": 0.001034656772390008, "model.layers.9.self_attn.q_proj.weight": 0.04722514748573303, "model.layers.9.self_attn.k_proj.weight": 0.023390870541334152, "model.layers.9.self_attn.v_proj.weight": 0.02334773540496826, "model.layers.9.self_attn.o_proj.weight": 0.04756005108356476, "model.layers.9.mlp.gate_proj.weight": 0.09804561734199524, "model.layers.9.mlp.up_proj.weight": 0.09733311831951141, "model.layers.9.mlp.down_proj.weight": 0.09811409562826157, "model.layers.9.input_layernorm.weight": 0.0009900085860863328, "model.layers.9.post_attention_layernorm.weight": 0.001072734477929771, "model.layers.10.self_attn.q_proj.weight": 0.048499900847673416, "model.layers.10.self_attn.k_proj.weight": 0.02401195466518402, "model.layers.10.self_attn.v_proj.weight": 0.02417466603219509, "model.layers.10.self_attn.o_proj.weight": 0.049094073474407196, "model.layers.10.mlp.gate_proj.weight": 0.10015051066875458, "model.layers.10.mlp.up_proj.weight": 0.0994163379073143, "model.layers.10.mlp.down_proj.weight": 0.0997849851846695, "model.layers.10.input_layernorm.weight": 0.001066854689270258, "model.layers.10.post_attention_layernorm.weight": 0.0010859401663765311, "model.layers.11.self_attn.q_proj.weight": 0.04812170937657356, "model.layers.11.self_attn.k_proj.weight": 0.023445172235369682, "model.layers.11.self_attn.v_proj.weight": 0.0245525985956192, "model.layers.11.self_attn.o_proj.weight": 0.04983352869749069, "model.layers.11.mlp.gate_proj.weight": 0.10213498771190643, "model.layers.11.mlp.up_proj.weight": 0.101741723716259, "model.layers.11.mlp.down_proj.weight": 0.10212615132331848, "model.layers.11.input_layernorm.weight": 0.0009968760423362255, "model.layers.11.post_attention_layernorm.weight": 0.0011021801037713885, "model.layers.12.self_attn.q_proj.weight": 0.04897132143378258, "model.layers.12.self_attn.k_proj.weight": 0.0237018670886755, "model.layers.12.self_attn.v_proj.weight": 0.024866169318556786, "model.layers.12.self_attn.o_proj.weight": 0.04998581483960152, "model.layers.12.mlp.gate_proj.weight": 0.10181338340044022, "model.layers.12.mlp.up_proj.weight": 0.10206664353609085, "model.layers.12.mlp.down_proj.weight": 0.10163428634405136, "model.layers.12.input_layernorm.weight": 0.0010783008765429258, "model.layers.12.post_attention_layernorm.weight": 0.0010980189545080066, "model.layers.13.self_attn.q_proj.weight": 0.04931967705488205, "model.layers.13.self_attn.k_proj.weight": 0.024478478357195854, "model.layers.13.self_attn.v_proj.weight": 0.02498745545744896, "model.layers.13.self_attn.o_proj.weight": 0.05058421194553375, "model.layers.13.mlp.gate_proj.weight": 0.10227703303098679, "model.layers.13.mlp.up_proj.weight": 0.1024194285273552, "model.layers.13.mlp.down_proj.weight": 0.10230697691440582,