{"total_norm": 7.422796726226807, "target_norm": 0.989132821559906, "param2norm_diff": {"model.embed_tokens.weight": 0.19564512372016907, "model.layers.0.self_attn.q_proj.weight": 0.046256765723228455, "model.layers.0.self_attn.k_proj.weight": 0.023244576528668404, "model.layers.0.self_attn.v_proj.weight": 0.023123223334550858, "model.layers.0.self_attn.o_proj.weight": 0.04556985944509506, "model.layers.0.mlp.gate_proj.weight": 0.09125123172998428, "model.layers.0.mlp.up_proj.weight": 0.09129289537668228, "model.layers.0.mlp.down_proj.weight": 0.09131671488285065, "model.layers.0.input_layernorm.weight": 0.0010380798485130072, "model.layers.0.post_attention_layernorm.weight": 0.0010196990333497524, "model.layers.1.self_attn.q_proj.weight": 0.04588492214679718, "model.layers.1.self_attn.k_proj.weight": 0.02261488512158394, "model.layers.1.self_attn.v_proj.weight": 0.02202630043029785, "model.layers.1.self_attn.o_proj.weight": 0.045096781104803085, "model.layers.1.mlp.gate_proj.weight": 0.09041977673768997, "model.layers.1.mlp.up_proj.weight": 0.0901644229888916, "model.layers.1.mlp.down_proj.weight": 0.09027890115976334, "model.layers.1.input_layernorm.weight": 0.0010023138020187616, "model.layers.1.post_attention_layernorm.weight": 0.0009744042763486505, "model.layers.2.self_attn.q_proj.weight": 0.04590136557817459, "model.layers.2.self_attn.k_proj.weight": 0.021126624196767807, "model.layers.2.self_attn.v_proj.weight": 0.02257160283625126, "model.layers.2.self_attn.o_proj.weight": 0.04666352644562721, "model.layers.2.mlp.gate_proj.weight": 0.09150094538927078, "model.layers.2.mlp.up_proj.weight": 0.09120216220617294, "model.layers.2.mlp.down_proj.weight": 0.09153744578361511, "model.layers.2.input_layernorm.weight": 0.0009035582188516855, "model.layers.2.post_attention_layernorm.weight": 0.0009925193153321743, "model.layers.3.self_attn.q_proj.weight": 0.04570871219038963, "model.layers.3.self_attn.k_proj.weight": 0.02197687327861786, "model.layers.3.self_attn.v_proj.weight": 0.022582517936825752, "model.layers.3.self_attn.o_proj.weight": 0.04638604819774628, "model.layers.3.mlp.gate_proj.weight": 0.09333589673042297, "model.layers.3.mlp.up_proj.weight": 0.09315849840641022, "model.layers.3.mlp.down_proj.weight": 0.09378551691770554, "model.layers.3.input_layernorm.weight": 0.0009373985812999308, "model.layers.3.post_attention_layernorm.weight": 0.0010042856447398663, "model.layers.4.self_attn.q_proj.weight": 0.04572639614343643, "model.layers.4.self_attn.k_proj.weight": 0.022663287818431854, "model.layers.4.self_attn.v_proj.weight": 0.022583065554499626, "model.layers.4.self_attn.o_proj.weight": 0.04636446386575699, "model.layers.4.mlp.gate_proj.weight": 0.09320037066936493, "model.layers.4.mlp.up_proj.weight": 0.09316155314445496, "model.layers.4.mlp.down_proj.weight": 0.09380557388067245, "model.layers.4.input_layernorm.weight": 0.000986593309789896, "model.layers.4.post_attention_layernorm.weight": 0.0010316628031432629, "model.layers.5.self_attn.q_proj.weight": 0.0461651049554348, "model.layers.5.self_attn.k_proj.weight": 0.02235318161547184, "model.layers.5.self_attn.v_proj.weight": 0.023408135399222374, "model.layers.5.self_attn.o_proj.weight": 0.04740658402442932, "model.layers.5.mlp.gate_proj.weight": 0.09494209289550781, "model.layers.5.mlp.up_proj.weight": 0.09439501166343689, "model.layers.5.mlp.down_proj.weight": 0.09514796733856201, "model.layers.5.input_layernorm.weight": 0.0010058992775157094, "model.layers.5.post_attention_layernorm.weight": 0.001011190819554031, "model.layers.6.self_attn.q_proj.weight": 0.04639524593949318, "model.layers.6.self_attn.k_proj.weight": 0.022922057658433914, "model.layers.6.self_attn.v_proj.weight": 0.023536333814263344, "model.layers.6.self_attn.o_proj.weight": 0.048039358109235764, "model.layers.6.mlp.gate_proj.weight": 0.09675143659114838, "model.layers.6.mlp.up_proj.weight": 0.09629000723361969, "model.layers.6.mlp.down_proj.weight": 0.0976138710975647, "model.layers.6.input_layernorm.weight": 0.0009785769507288933, "model.layers.6.post_attention_layernorm.weight": 0.001044837641529739, "model.layers.7.self_attn.q_proj.weight": 0.04756498336791992, "model.layers.7.self_attn.k_proj.weight": 0.02368994802236557, "model.layers.7.self_attn.v_proj.weight": 0.02403511479496956, "model.layers.7.self_attn.o_proj.weight": 0.04909486323595047, "model.layers.7.mlp.gate_proj.weight": 0.09932634979486465, "model.layers.7.mlp.up_proj.weight": 0.09894805401563644, "model.layers.7.mlp.down_proj.weight": 0.10013287514448166, "model.layers.7.input_layernorm.weight": 0.0010273931547999382, "model.layers.7.post_attention_layernorm.weight": 0.00108861003536731, "model.layers.8.self_attn.q_proj.weight": 0.04826447740197182, "model.layers.8.self_attn.k_proj.weight": 0.02375568263232708, "model.layers.8.self_attn.v_proj.weight": 0.02449134550988674, "model.layers.8.self_attn.o_proj.weight": 0.049995776265859604, "model.layers.8.mlp.gate_proj.weight": 0.10249903053045273, "model.layers.8.mlp.up_proj.weight": 0.10196936875581741, "model.layers.8.mlp.down_proj.weight": 0.10302542895078659, "model.layers.8.input_layernorm.weight": 0.001049399608746171, "model.layers.8.post_attention_layernorm.weight": 0.0011150928912684321, "model.layers.9.self_attn.q_proj.weight": 0.05044247582554817, "model.layers.9.self_attn.k_proj.weight": 0.025002023205161095, "model.layers.9.self_attn.v_proj.weight": 0.02537206932902336, "model.layers.9.self_attn.o_proj.weight": 0.051690809428691864, "model.layers.9.mlp.gate_proj.weight": 0.10490604490041733, "model.layers.9.mlp.up_proj.weight": 0.10521454364061356, "model.layers.9.mlp.down_proj.weight": 0.10610197484493256, "model.layers.9.input_layernorm.weight": 0.0011009759036824107, "model.layers.9.post_attention_layernorm.weight": 0.0011473683407530189, "model.layers.10.self_attn.q_proj.weight": 0.051550474017858505, "model.layers.10.self_attn.k_proj.weight": 0.02584373764693737, "model.layers.10.self_attn.v_proj.weight": 0.026430435478687286, "model.layers.10.self_attn.o_proj.weight": 0.05308406054973602, "model.layers.10.mlp.gate_proj.weight": 0.10554580390453339, "model.layers.10.mlp.up_proj.weight": 0.10676053166389465, "model.layers.10.mlp.down_proj.weight": 0.10725182294845581, "model.layers.10.input_layernorm.weight": 0.0011601055739447474, "model.layers.10.post_attention_layernorm.weight": 0.001164148678071797, "model.layers.11.self_attn.q_proj.weight": 0.05288054049015045, "model.layers.11.self_attn.k_proj.weight": 0.025881310924887657, "model.layers.11.self_attn.v_proj.weight": 0.026765426620841026, "model.layers.11.self_attn.o_proj.weight": 0.054721567779779434, "model.layers.11.mlp.gate_proj.weight": 0.1055707111954689, "model.layers.11.mlp.up_proj.weight": 0.10701191425323486, "model.layers.11.mlp.down_proj.weight": 0.10719050467014313, "model.layers.11.input_layernorm.weight": 0.001148759969510138, "model.layers.11.post_attention_layernorm.weight": 0.0011728829704225063, "model.layers.12.self_attn.q_proj.weight": 0.05187346786260605, "model.layers.12.self_attn.k_proj.weight": 0.02492438070476055, "model.layers.12.self_attn.v_proj.weight": 0.026523182168602943, "model.layers.12.self_attn.o_proj.weight": 0.053992483764886856, "model.layers.12.mlp.gate_proj.weight": 0.10588167607784271, "model.layers.12.mlp.up_proj.weight": 0.10661433637142181, "model.layers.12.mlp.down_proj.weight": 0.10689188539981842, "model.layers.12.input_layernorm.weight": 0.0011307795066386461, "model.layers.12.post_attention_layernorm.weight": 0.0011676894500851631, "model.layers.13.self_attn.q_proj.weight": 0.05132874473929405, "model.layers.13.self_attn.k_proj.weight": 0.02622605487704277, "model.layers.13.self_attn.v_proj.weight": 0.027417980134487152, "model.layers.13.self_attn.o_proj.weight": 0.054041069000959396, "model.layers.13.mlp.gate_proj.weight": 0.10703233629465103, "model.layers.13.mlp.up_proj.weight": 0.10735686123371124, "model.layers.13.mlp.down_proj.weight": 0.10770615935325623,