{"total_norm": 7.033872604370117, "target_norm": 0.9090566635131836, "param2norm_diff": {"model.embed_tokens.weight": 0.16365286707878113, "model.layers.0.self_attn.q_proj.weight": 0.04481009766459465, "model.layers.0.self_attn.k_proj.weight": 0.023292507976293564, "model.layers.0.self_attn.v_proj.weight": 0.023298192769289017, "model.layers.0.self_attn.o_proj.weight": 0.04536750912666321, "model.layers.0.mlp.gate_proj.weight": 0.08971325308084488, "model.layers.0.mlp.up_proj.weight": 0.0897647961974144, "model.layers.0.mlp.down_proj.weight": 0.09007979929447174, "model.layers.0.input_layernorm.weight": 0.0010215608635917306, "model.layers.0.post_attention_layernorm.weight": 0.0009651267318986356, "model.layers.1.self_attn.q_proj.weight": 0.04563869535923004, "model.layers.1.self_attn.k_proj.weight": 0.02282029762864113, "model.layers.1.self_attn.v_proj.weight": 0.02268965169787407, "model.layers.1.self_attn.o_proj.weight": 0.04530191421508789, "model.layers.1.mlp.gate_proj.weight": 0.08967525511980057, "model.layers.1.mlp.up_proj.weight": 0.08966468274593353, "model.layers.1.mlp.down_proj.weight": 0.09003417193889618, "model.layers.1.input_layernorm.weight": 0.0009862022707238793, "model.layers.1.post_attention_layernorm.weight": 0.0009701913222670555, "model.layers.2.self_attn.q_proj.weight": 0.045932721346616745, "model.layers.2.self_attn.k_proj.weight": 0.022654030472040176, "model.layers.2.self_attn.v_proj.weight": 0.023220989853143692, "model.layers.2.self_attn.o_proj.weight": 0.04632456228137016, "model.layers.2.mlp.gate_proj.weight": 0.09080579876899719, "model.layers.2.mlp.up_proj.weight": 0.09020191431045532, "model.layers.2.mlp.down_proj.weight": 0.09062450379133224, "model.layers.2.input_layernorm.weight": 0.0010056347819045186, "model.layers.2.post_attention_layernorm.weight": 0.0009953953558579087, "model.layers.3.self_attn.q_proj.weight": 0.04562412202358246, "model.layers.3.self_attn.k_proj.weight": 0.021972186863422394, "model.layers.3.self_attn.v_proj.weight": 0.022249983623623848, "model.layers.3.self_attn.o_proj.weight": 0.04500340297818184, "model.layers.3.mlp.gate_proj.weight": 0.0917116329073906, "model.layers.3.mlp.up_proj.weight": 0.09053230285644531, "model.layers.3.mlp.down_proj.weight": 0.09141044318675995, "model.layers.3.input_layernorm.weight": 0.0009654844761826098, "model.layers.3.post_attention_layernorm.weight": 0.0009629006963223219, "model.layers.4.self_attn.q_proj.weight": 0.045421052724123, "model.layers.4.self_attn.k_proj.weight": 0.022009413689374924, "model.layers.4.self_attn.v_proj.weight": 0.022307036444544792, "model.layers.4.self_attn.o_proj.weight": 0.04517914354801178, "model.layers.4.mlp.gate_proj.weight": 0.09177365154027939, "model.layers.4.mlp.up_proj.weight": 0.09091028571128845, "model.layers.4.mlp.down_proj.weight": 0.09150631725788116, "model.layers.4.input_layernorm.weight": 0.0009322856785729527, "model.layers.4.post_attention_layernorm.weight": 0.000992174493148923, "model.layers.5.self_attn.q_proj.weight": 0.04662371054291725, "model.layers.5.self_attn.k_proj.weight": 0.023038586601614952, "model.layers.5.self_attn.v_proj.weight": 0.02298574708402157, "model.layers.5.self_attn.o_proj.weight": 0.046177081763744354, "model.layers.5.mlp.gate_proj.weight": 0.09226207435131073, "model.layers.5.mlp.up_proj.weight": 0.09185764938592911, "model.layers.5.mlp.down_proj.weight": 0.0920136496424675, "model.layers.5.input_layernorm.weight": 0.0009926959173753858, "model.layers.5.post_attention_layernorm.weight": 0.0009932739194482565, "model.layers.6.self_attn.q_proj.weight": 0.04662591591477394, "model.layers.6.self_attn.k_proj.weight": 0.023285549134016037, "model.layers.6.self_attn.v_proj.weight": 0.022686434909701347, "model.layers.6.self_attn.o_proj.weight": 0.045827075839042664, "model.layers.6.mlp.gate_proj.weight": 0.0934772938489914, "model.layers.6.mlp.up_proj.weight": 0.0926266610622406, "model.layers.6.mlp.down_proj.weight": 0.09309147298336029, "model.layers.6.input_layernorm.weight": 0.0010052344296127558, "model.layers.6.post_attention_layernorm.weight": 0.0010023483773693442, "model.layers.7.self_attn.q_proj.weight": 0.04610663279891014, "model.layers.7.self_attn.k_proj.weight": 0.02240653894841671, "model.layers.7.self_attn.v_proj.weight": 0.02309383638203144, "model.layers.7.self_attn.o_proj.weight": 0.04671575129032135, "model.layers.7.mlp.gate_proj.weight": 0.09510230273008347, "model.layers.7.mlp.up_proj.weight": 0.09468598663806915, "model.layers.7.mlp.down_proj.weight": 0.09461089223623276, "model.layers.7.input_layernorm.weight": 0.00100329692941159, "model.layers.7.post_attention_layernorm.weight": 0.0010402846382930875, "model.layers.8.self_attn.q_proj.weight": 0.04591478407382965, "model.layers.8.self_attn.k_proj.weight": 0.02280700020492077, "model.layers.8.self_attn.v_proj.weight": 0.023213181644678116, "model.layers.8.self_attn.o_proj.weight": 0.047391124069690704, "model.layers.8.mlp.gate_proj.weight": 0.09600300341844559, "model.layers.8.mlp.up_proj.weight": 0.09521157294511795, "model.layers.8.mlp.down_proj.weight": 0.09596218168735504, "model.layers.8.input_layernorm.weight": 0.0010192658519372344, "model.layers.8.post_attention_layernorm.weight": 0.0010711292270570993, "model.layers.9.self_attn.q_proj.weight": 0.04742592200636864, "model.layers.9.self_attn.k_proj.weight": 0.0234540868550539, "model.layers.9.self_attn.v_proj.weight": 0.02384370192885399, "model.layers.9.self_attn.o_proj.weight": 0.0482078492641449, "model.layers.9.mlp.gate_proj.weight": 0.0977027416229248, "model.layers.9.mlp.up_proj.weight": 0.09736520051956177, "model.layers.9.mlp.down_proj.weight": 0.09795680642127991, "model.layers.9.input_layernorm.weight": 0.0010043829679489136, "model.layers.9.post_attention_layernorm.weight": 0.0010624786373227835, "model.layers.10.self_attn.q_proj.weight": 0.04921698570251465, "model.layers.10.self_attn.k_proj.weight": 0.023577652871608734, "model.layers.10.self_attn.v_proj.weight": 0.02395547553896904, "model.layers.10.self_attn.o_proj.weight": 0.0490422286093235, "model.layers.10.mlp.gate_proj.weight": 0.09800214320421219, "model.layers.10.mlp.up_proj.weight": 0.09797566384077072, "model.layers.10.mlp.down_proj.weight": 0.0982649028301239, "model.layers.10.input_layernorm.weight": 0.0010627605952322483, "model.layers.10.post_attention_layernorm.weight": 0.0010845580836758018, "model.layers.11.self_attn.q_proj.weight": 0.04804598167538643, "model.layers.11.self_attn.k_proj.weight": 0.024310648441314697, "model.layers.11.self_attn.v_proj.weight": 0.02438621036708355, "model.layers.11.self_attn.o_proj.weight": 0.049571599811315536, "model.layers.11.mlp.gate_proj.weight": 0.09863153100013733, "model.layers.11.mlp.up_proj.weight": 0.09903648495674133, "model.layers.11.mlp.down_proj.weight": 0.09946209192276001, "model.layers.11.input_layernorm.weight": 0.0010419641621410847, "model.layers.11.post_attention_layernorm.weight": 0.0010673077777028084, "model.layers.12.self_attn.q_proj.weight": 0.04886822775006294, "model.layers.12.self_attn.k_proj.weight": 0.024424362927675247, "model.layers.12.self_attn.v_proj.weight": 0.024812079966068268, "model.layers.12.self_attn.o_proj.weight": 0.04982345923781395, "model.layers.12.mlp.gate_proj.weight": 0.09883090108633041, "model.layers.12.mlp.up_proj.weight": 0.09873957931995392, "model.layers.12.mlp.down_proj.weight": 0.098953977227211, "model.layers.12.input_layernorm.weight": 0.0010932047152891755, "model.layers.12.post_attention_layernorm.weight": 0.0010903903748840094, "model.layers.13.self_attn.q_proj.weight": 0.04729744791984558, "model.layers.13.self_attn.k_proj.weight": 0.023772679269313812, "model.layers.13.self_attn.v_proj.weight": 0.024278564378619194, "model.layers.13.self_attn.o_proj.weight": 0.048645779490470886, "model.layers.13.mlp.gate_proj.weight": 0.09946281462907791, "model.layers.13.mlp.up_proj.weight": 0.0993446409702301, "model.layers.13.mlp.down_proj.weight": 0.09958966076374054,