{"total_norm": 7.246402263641357, "target_norm": 0.9529157280921936, "param2norm_diff": {"model.embed_tokens.weight": 0.17697882652282715, "model.layers.0.self_attn.q_proj.weight": 0.04288773611187935, "model.layers.0.self_attn.k_proj.weight": 0.022015534341335297, "model.layers.0.self_attn.v_proj.weight": 0.02259194478392601, "model.layers.0.self_attn.o_proj.weight": 0.045016076415777206, "model.layers.0.mlp.gate_proj.weight": 0.08973847329616547, "model.layers.0.mlp.up_proj.weight": 0.08970513194799423, "model.layers.0.mlp.down_proj.weight": 0.09005191922187805, "model.layers.0.input_layernorm.weight": 0.0010249043116346002, "model.layers.0.post_attention_layernorm.weight": 0.000985213671810925, "model.layers.1.self_attn.q_proj.weight": 0.04568028077483177, "model.layers.1.self_attn.k_proj.weight": 0.022470887750387192, "model.layers.1.self_attn.v_proj.weight": 0.022454973310232162, "model.layers.1.self_attn.o_proj.weight": 0.04542671516537666, "model.layers.1.mlp.gate_proj.weight": 0.09022675454616547, "model.layers.1.mlp.up_proj.weight": 0.08968349546194077, "model.layers.1.mlp.down_proj.weight": 0.09016816318035126, "model.layers.1.input_layernorm.weight": 0.0009811150375753641, "model.layers.1.post_attention_layernorm.weight": 0.0009953482076525688, "model.layers.2.self_attn.q_proj.weight": 0.046738896518945694, "model.layers.2.self_attn.k_proj.weight": 0.023030415177345276, "model.layers.2.self_attn.v_proj.weight": 0.02302183397114277, "model.layers.2.self_attn.o_proj.weight": 0.046046268194913864, "model.layers.2.mlp.gate_proj.weight": 0.0909707248210907, "model.layers.2.mlp.up_proj.weight": 0.09039954841136932, "model.layers.2.mlp.down_proj.weight": 0.0916060358285904, "model.layers.2.input_layernorm.weight": 0.001034674933180213, "model.layers.2.post_attention_layernorm.weight": 0.0009875338291749358, "model.layers.3.self_attn.q_proj.weight": 0.0471663661301136, "model.layers.3.self_attn.k_proj.weight": 0.022913197055459023, "model.layers.3.self_attn.v_proj.weight": 0.022536231204867363, "model.layers.3.self_attn.o_proj.weight": 0.04571143165230751, "model.layers.3.mlp.gate_proj.weight": 0.09305766224861145, "model.layers.3.mlp.up_proj.weight": 0.09266906976699829, "model.layers.3.mlp.down_proj.weight": 0.0932394340634346, "model.layers.3.input_layernorm.weight": 0.0009959096787497401, "model.layers.3.post_attention_layernorm.weight": 0.0009974930435419083, "model.layers.4.self_attn.q_proj.weight": 0.046970050781965256, "model.layers.4.self_attn.k_proj.weight": 0.023660782724618912, "model.layers.4.self_attn.v_proj.weight": 0.022898204624652863, "model.layers.4.self_attn.o_proj.weight": 0.046114664524793625, "model.layers.4.mlp.gate_proj.weight": 0.09424863010644913, "model.layers.4.mlp.up_proj.weight": 0.09439489990472794, "model.layers.4.mlp.down_proj.weight": 0.09458273649215698, "model.layers.4.input_layernorm.weight": 0.0009943959303200245, "model.layers.4.post_attention_layernorm.weight": 0.001032122876495123, "model.layers.5.self_attn.q_proj.weight": 0.048305366188287735, "model.layers.5.self_attn.k_proj.weight": 0.024359462782740593, "model.layers.5.self_attn.v_proj.weight": 0.023406032472848892, "model.layers.5.self_attn.o_proj.weight": 0.04718394950032234, "model.layers.5.mlp.gate_proj.weight": 0.09550703316926956, "model.layers.5.mlp.up_proj.weight": 0.09528292715549469, "model.layers.5.mlp.down_proj.weight": 0.09562261402606964, "model.layers.5.input_layernorm.weight": 0.0010543111711740494, "model.layers.5.post_attention_layernorm.weight": 0.0010458159958943725, "model.layers.6.self_attn.q_proj.weight": 0.0476808026432991, "model.layers.6.self_attn.k_proj.weight": 0.023497501388192177, "model.layers.6.self_attn.v_proj.weight": 0.023403704166412354, "model.layers.6.self_attn.o_proj.weight": 0.04763081297278404, "model.layers.6.mlp.gate_proj.weight": 0.09664704650640488, "model.layers.6.mlp.up_proj.weight": 0.0965239405632019, "model.layers.6.mlp.down_proj.weight": 0.09697578847408295, "model.layers.6.input_layernorm.weight": 0.0010521230287849903, "model.layers.6.post_attention_layernorm.weight": 0.0010684526059776545, "model.layers.7.self_attn.q_proj.weight": 0.04766489565372467, "model.layers.7.self_attn.k_proj.weight": 0.023635128512978554, "model.layers.7.self_attn.v_proj.weight": 0.024202115833759308, "model.layers.7.self_attn.o_proj.weight": 0.04907280579209328, "model.layers.7.mlp.gate_proj.weight": 0.09786804765462875, "model.layers.7.mlp.up_proj.weight": 0.09758146107196808, "model.layers.7.mlp.down_proj.weight": 0.09820585697889328, "model.layers.7.input_layernorm.weight": 0.0010454029543325305, "model.layers.7.post_attention_layernorm.weight": 0.001067622797563672, "model.layers.8.self_attn.q_proj.weight": 0.04844663664698601, "model.layers.8.self_attn.k_proj.weight": 0.023917458951473236, "model.layers.8.self_attn.v_proj.weight": 0.024134967476129532, "model.layers.8.self_attn.o_proj.weight": 0.04914010688662529, "model.layers.8.mlp.gate_proj.weight": 0.0997808501124382, "model.layers.8.mlp.up_proj.weight": 0.09848532825708389, "model.layers.8.mlp.down_proj.weight": 0.09977227449417114, "model.layers.8.input_layernorm.weight": 0.0010555797489359975, "model.layers.8.post_attention_layernorm.weight": 0.001071570790372789, "model.layers.9.self_attn.q_proj.weight": 0.04936879128217697, "model.layers.9.self_attn.k_proj.weight": 0.024242646992206573, "model.layers.9.self_attn.v_proj.weight": 0.024892404675483704, "model.layers.9.self_attn.o_proj.weight": 0.05026790127158165, "model.layers.9.mlp.gate_proj.weight": 0.10085896402597427, "model.layers.9.mlp.up_proj.weight": 0.09954553097486496, "model.layers.9.mlp.down_proj.weight": 0.1003805473446846, "model.layers.9.input_layernorm.weight": 0.001071779290214181, "model.layers.9.post_attention_layernorm.weight": 0.0010773931862786412, "model.layers.10.self_attn.q_proj.weight": 0.05028771236538887, "model.layers.10.self_attn.k_proj.weight": 0.02490595169365406, "model.layers.10.self_attn.v_proj.weight": 0.025110755115747452, "model.layers.10.self_attn.o_proj.weight": 0.05133018642663956, "model.layers.10.mlp.gate_proj.weight": 0.10012529790401459, "model.layers.10.mlp.up_proj.weight": 0.10062269121408463, "model.layers.10.mlp.down_proj.weight": 0.10100165009498596, "model.layers.10.input_layernorm.weight": 0.0010882917558774352, "model.layers.10.post_attention_layernorm.weight": 0.0010981372324749827, "model.layers.11.self_attn.q_proj.weight": 0.051432617008686066, "model.layers.11.self_attn.k_proj.weight": 0.025735482573509216, "model.layers.11.self_attn.v_proj.weight": 0.025636397302150726, "model.layers.11.self_attn.o_proj.weight": 0.05209029093384743, "model.layers.11.mlp.gate_proj.weight": 0.10008743405342102, "model.layers.11.mlp.up_proj.weight": 0.10096491873264313, "model.layers.11.mlp.down_proj.weight": 0.10120745748281479, "model.layers.11.input_layernorm.weight": 0.0011027740547433496, "model.layers.11.post_attention_layernorm.weight": 0.00109484710264951, "model.layers.12.self_attn.q_proj.weight": 0.051545292139053345, "model.layers.12.self_attn.k_proj.weight": 0.025195064023137093, "model.layers.12.self_attn.v_proj.weight": 0.024712488055229187, "model.layers.12.self_attn.o_proj.weight": 0.051470812410116196, "model.layers.12.mlp.gate_proj.weight": 0.10056068003177643, "model.layers.12.mlp.up_proj.weight": 0.1008756160736084, "model.layers.12.mlp.down_proj.weight": 0.10103438049554825, "model.layers.12.input_layernorm.weight": 0.0010765789775177836, "model.layers.12.post_attention_layernorm.weight": 0.0010864664800465107, "model.layers.13.self_attn.q_proj.weight": 0.049305807799100876, "model.layers.13.self_attn.k_proj.weight": 0.024272538721561432, "model.layers.13.self_attn.v_proj.weight": 0.02492188848555088, "model.layers.13.self_attn.o_proj.weight": 0.05005591735243797, "model.layers.13.mlp.gate_proj.weight": 0.10267271846532822, "model.layers.13.mlp.up_proj.weight": 0.10283426195383072, "model.layers.13.mlp.down_proj.weight": 0.10345639288425446,