{"total_norm": 7.2279253005981445, "target_norm": 0.9340213537216187, "param2norm_diff": {"model.embed_tokens.weight": 0.16016563773155212, "model.layers.0.self_attn.q_proj.weight": 0.044492095708847046, "model.layers.0.self_attn.k_proj.weight": 0.02400274947285652, "model.layers.0.self_attn.v_proj.weight": 0.02272234484553337, "model.layers.0.self_attn.o_proj.weight": 0.04546638950705528, "model.layers.0.mlp.gate_proj.weight": 0.08970478922128677, "model.layers.0.mlp.up_proj.weight": 0.0895475521683693, "model.layers.0.mlp.down_proj.weight": 0.08975421637296677, "model.layers.0.input_layernorm.weight": 0.0010066403774544597, "model.layers.0.post_attention_layernorm.weight": 0.0009999206522479653, "model.layers.1.self_attn.q_proj.weight": 0.04716163128614426, "model.layers.1.self_attn.k_proj.weight": 0.023216402158141136, "model.layers.1.self_attn.v_proj.weight": 0.022545579820871353, "model.layers.1.self_attn.o_proj.weight": 0.045990847051143646, "model.layers.1.mlp.gate_proj.weight": 0.08967725187540054, "model.layers.1.mlp.up_proj.weight": 0.08943713456392288, "model.layers.1.mlp.down_proj.weight": 0.08964157104492188, "model.layers.1.input_layernorm.weight": 0.0009764357819221914, "model.layers.1.post_attention_layernorm.weight": 0.0009769006865099072, "model.layers.2.self_attn.q_proj.weight": 0.04771686717867851, "model.layers.2.self_attn.k_proj.weight": 0.023701678961515427, "model.layers.2.self_attn.v_proj.weight": 0.022905204445123672, "model.layers.2.self_attn.o_proj.weight": 0.046533964574337006, "model.layers.2.mlp.gate_proj.weight": 0.09034212678670883, "model.layers.2.mlp.up_proj.weight": 0.09014017134904861, "model.layers.2.mlp.down_proj.weight": 0.09068010747432709, "model.layers.2.input_layernorm.weight": 0.0010081103537231684, "model.layers.2.post_attention_layernorm.weight": 0.0009822300635278225, "model.layers.3.self_attn.q_proj.weight": 0.04686077684164047, "model.layers.3.self_attn.k_proj.weight": 0.023362278938293457, "model.layers.3.self_attn.v_proj.weight": 0.022648166865110397, "model.layers.3.self_attn.o_proj.weight": 0.046826597303152084, "model.layers.3.mlp.gate_proj.weight": 0.09262518584728241, "model.layers.3.mlp.up_proj.weight": 0.09274929016828537, "model.layers.3.mlp.down_proj.weight": 0.09339258819818497, "model.layers.3.input_layernorm.weight": 0.0009884698083624244, "model.layers.3.post_attention_layernorm.weight": 0.000982919242233038, "model.layers.4.self_attn.q_proj.weight": 0.04711559787392616, "model.layers.4.self_attn.k_proj.weight": 0.023076536133885384, "model.layers.4.self_attn.v_proj.weight": 0.02362922392785549, "model.layers.4.self_attn.o_proj.weight": 0.046860549598932266, "model.layers.4.mlp.gate_proj.weight": 0.09494733810424805, "model.layers.4.mlp.up_proj.weight": 0.09449627250432968, "model.layers.4.mlp.down_proj.weight": 0.09489111602306366, "model.layers.4.input_layernorm.weight": 0.0010575983906164765, "model.layers.4.post_attention_layernorm.weight": 0.0010053938021883368, "model.layers.5.self_attn.q_proj.weight": 0.04579079896211624, "model.layers.5.self_attn.k_proj.weight": 0.023362120613455772, "model.layers.5.self_attn.v_proj.weight": 0.023369314149022102, "model.layers.5.self_attn.o_proj.weight": 0.0468633770942688, "model.layers.5.mlp.gate_proj.weight": 0.09629306942224503, "model.layers.5.mlp.up_proj.weight": 0.09509402513504028, "model.layers.5.mlp.down_proj.weight": 0.09528069943189621, "model.layers.5.input_layernorm.weight": 0.0010233359644189477, "model.layers.5.post_attention_layernorm.weight": 0.0010292858351022005, "model.layers.6.self_attn.q_proj.weight": 0.046021174639463425, "model.layers.6.self_attn.k_proj.weight": 0.022839508950710297, "model.layers.6.self_attn.v_proj.weight": 0.02369297295808792, "model.layers.6.self_attn.o_proj.weight": 0.04768894240260124, "model.layers.6.mlp.gate_proj.weight": 0.09776473790407181, "model.layers.6.mlp.up_proj.weight": 0.09684806317090988, "model.layers.6.mlp.down_proj.weight": 0.09724140912294388, "model.layers.6.input_layernorm.weight": 0.001023301505483687, "model.layers.6.post_attention_layernorm.weight": 0.0010622813133522868, "model.layers.7.self_attn.q_proj.weight": 0.04766543209552765, "model.layers.7.self_attn.k_proj.weight": 0.023274371400475502, "model.layers.7.self_attn.v_proj.weight": 0.024338919669389725, "model.layers.7.self_attn.o_proj.weight": 0.0485617034137249, "model.layers.7.mlp.gate_proj.weight": 0.09936261177062988, "model.layers.7.mlp.up_proj.weight": 0.09809456765651703, "model.layers.7.mlp.down_proj.weight": 0.09833335131406784, "model.layers.7.input_layernorm.weight": 0.001041957875713706, "model.layers.7.post_attention_layernorm.weight": 0.0010681580752134323, "model.layers.8.self_attn.q_proj.weight": 0.04749549180269241, "model.layers.8.self_attn.k_proj.weight": 0.023638145998120308, "model.layers.8.self_attn.v_proj.weight": 0.024188458919525146, "model.layers.8.self_attn.o_proj.weight": 0.0486665815114975, "model.layers.8.mlp.gate_proj.weight": 0.10109885782003403, "model.layers.8.mlp.up_proj.weight": 0.0995185375213623, "model.layers.8.mlp.down_proj.weight": 0.10021515190601349, "model.layers.8.input_layernorm.weight": 0.0010566849960014224, "model.layers.8.post_attention_layernorm.weight": 0.0010805815691128373, "model.layers.9.self_attn.q_proj.weight": 0.049428973346948624, "model.layers.9.self_attn.k_proj.weight": 0.024635031819343567, "model.layers.9.self_attn.v_proj.weight": 0.02446269802749157, "model.layers.9.self_attn.o_proj.weight": 0.0496324747800827, "model.layers.9.mlp.gate_proj.weight": 0.1027972474694252, "model.layers.9.mlp.up_proj.weight": 0.10107049345970154, "model.layers.9.mlp.down_proj.weight": 0.10170571506023407, "model.layers.9.input_layernorm.weight": 0.0010401189792901278, "model.layers.9.post_attention_layernorm.weight": 0.001106486190110445, "model.layers.10.self_attn.q_proj.weight": 0.04924650117754936, "model.layers.10.self_attn.k_proj.weight": 0.02522437460720539, "model.layers.10.self_attn.v_proj.weight": 0.02483781985938549, "model.layers.10.self_attn.o_proj.weight": 0.050529662519693375, "model.layers.10.mlp.gate_proj.weight": 0.10263287276029587, "model.layers.10.mlp.up_proj.weight": 0.10200315713882446, "model.layers.10.mlp.down_proj.weight": 0.10194157809019089, "model.layers.10.input_layernorm.weight": 0.0010871166596189141, "model.layers.10.post_attention_layernorm.weight": 0.0010882200440391898, "model.layers.11.self_attn.q_proj.weight": 0.050236620008945465, "model.layers.11.self_attn.k_proj.weight": 0.02455967664718628, "model.layers.11.self_attn.v_proj.weight": 0.025031281635165215, "model.layers.11.self_attn.o_proj.weight": 0.05172596499323845, "model.layers.11.mlp.gate_proj.weight": 0.10159075260162354, "model.layers.11.mlp.up_proj.weight": 0.10194848477840424, "model.layers.11.mlp.down_proj.weight": 0.10231184214353561, "model.layers.11.input_layernorm.weight": 0.0010396238649263978, "model.layers.11.post_attention_layernorm.weight": 0.0011168188648298383, "model.layers.12.self_attn.q_proj.weight": 0.05132988095283508, "model.layers.12.self_attn.k_proj.weight": 0.025960620492696762, "model.layers.12.self_attn.v_proj.weight": 0.02541709877550602, "model.layers.12.self_attn.o_proj.weight": 0.05170099437236786, "model.layers.12.mlp.gate_proj.weight": 0.1001414880156517, "model.layers.12.mlp.up_proj.weight": 0.1004951074719429, "model.layers.12.mlp.down_proj.weight": 0.10125426203012466, "model.layers.12.input_layernorm.weight": 0.0011233260156586766, "model.layers.12.post_attention_layernorm.weight": 0.0010941852815449238, "model.layers.13.self_attn.q_proj.weight": 0.05082332342863083, "model.layers.13.self_attn.k_proj.weight": 0.024930601939558983, "model.layers.13.self_attn.v_proj.weight": 0.025637060403823853, "model.layers.13.self_attn.o_proj.weight": 0.05151449888944626, "model.layers.13.mlp.gate_proj.weight": 0.10068824142217636, "model.layers.13.mlp.up_proj.weight": 0.10089482367038727, "model.layers.13.mlp.down_proj.weight": 0.10220550745725632,