{"total_norm": 7.347668170928955, "target_norm": 0.9805580377578735, "param2norm_diff": {"model.embed_tokens.weight": 0.18251462280750275, "model.layers.0.self_attn.q_proj.weight": 0.04432419314980507, "model.layers.0.self_attn.k_proj.weight": 0.022563084959983826, "model.layers.0.self_attn.v_proj.weight": 0.02320249192416668, "model.layers.0.self_attn.o_proj.weight": 0.04672715440392494, "model.layers.0.mlp.gate_proj.weight": 0.09234696626663208, "model.layers.0.mlp.up_proj.weight": 0.09264267981052399, "model.layers.0.mlp.down_proj.weight": 0.09295390546321869, "model.layers.0.input_layernorm.weight": 0.0010262290015816689, "model.layers.0.post_attention_layernorm.weight": 0.001024658908136189, "model.layers.1.self_attn.q_proj.weight": 0.046597447246313095, "model.layers.1.self_attn.k_proj.weight": 0.02221604250371456, "model.layers.1.self_attn.v_proj.weight": 0.023094136267900467, "model.layers.1.self_attn.o_proj.weight": 0.04679505154490471, "model.layers.1.mlp.gate_proj.weight": 0.09265653043985367, "model.layers.1.mlp.up_proj.weight": 0.09274207800626755, "model.layers.1.mlp.down_proj.weight": 0.09316471219062805, "model.layers.1.input_layernorm.weight": 0.0010059793712571263, "model.layers.1.post_attention_layernorm.weight": 0.001037207548506558, "model.layers.2.self_attn.q_proj.weight": 0.04726744443178177, "model.layers.2.self_attn.k_proj.weight": 0.02295304276049137, "model.layers.2.self_attn.v_proj.weight": 0.02330203726887703, "model.layers.2.self_attn.o_proj.weight": 0.046951889991760254, "model.layers.2.mlp.gate_proj.weight": 0.09268363565206528, "model.layers.2.mlp.up_proj.weight": 0.09279476851224899, "model.layers.2.mlp.down_proj.weight": 0.09288433194160461, "model.layers.2.input_layernorm.weight": 0.0010045865783467889, "model.layers.2.post_attention_layernorm.weight": 0.0010197176598012447, "model.layers.3.self_attn.q_proj.weight": 0.04668569937348366, "model.layers.3.self_attn.k_proj.weight": 0.023433836176991463, "model.layers.3.self_attn.v_proj.weight": 0.023586731404066086, "model.layers.3.self_attn.o_proj.weight": 0.04673222452402115, "model.layers.3.mlp.gate_proj.weight": 0.09302348643541336, "model.layers.3.mlp.up_proj.weight": 0.09284164756536484, "model.layers.3.mlp.down_proj.weight": 0.09342950582504272, "model.layers.3.input_layernorm.weight": 0.0010448639513924718, "model.layers.3.post_attention_layernorm.weight": 0.0010074194287881255, "model.layers.4.self_attn.q_proj.weight": 0.047426290810108185, "model.layers.4.self_attn.k_proj.weight": 0.0235440656542778, "model.layers.4.self_attn.v_proj.weight": 0.02356187254190445, "model.layers.4.self_attn.o_proj.weight": 0.04635602608323097, "model.layers.4.mlp.gate_proj.weight": 0.0943831354379654, "model.layers.4.mlp.up_proj.weight": 0.09456639736890793, "model.layers.4.mlp.down_proj.weight": 0.09510692209005356, "model.layers.4.input_layernorm.weight": 0.0010336305713281035, "model.layers.4.post_attention_layernorm.weight": 0.0010228331666439772, "model.layers.5.self_attn.q_proj.weight": 0.046112410724163055, "model.layers.5.self_attn.k_proj.weight": 0.023107772693037987, "model.layers.5.self_attn.v_proj.weight": 0.023460963740944862, "model.layers.5.self_attn.o_proj.weight": 0.04728717729449272, "model.layers.5.mlp.gate_proj.weight": 0.09511354565620422, "model.layers.5.mlp.up_proj.weight": 0.0951794758439064, "model.layers.5.mlp.down_proj.weight": 0.09550809115171432, "model.layers.5.input_layernorm.weight": 0.001025748555548489, "model.layers.5.post_attention_layernorm.weight": 0.0010519723873585463, "model.layers.6.self_attn.q_proj.weight": 0.047019343823194504, "model.layers.6.self_attn.k_proj.weight": 0.023370036855340004, "model.layers.6.self_attn.v_proj.weight": 0.02357499860227108, "model.layers.6.self_attn.o_proj.weight": 0.0478597953915596, "model.layers.6.mlp.gate_proj.weight": 0.09571016579866409, "model.layers.6.mlp.up_proj.weight": 0.09552953392267227, "model.layers.6.mlp.down_proj.weight": 0.09629243612289429, "model.layers.6.input_layernorm.weight": 0.0010056478204205632, "model.layers.6.post_attention_layernorm.weight": 0.0010498748160898685, "model.layers.7.self_attn.q_proj.weight": 0.04731149598956108, "model.layers.7.self_attn.k_proj.weight": 0.023245984688401222, "model.layers.7.self_attn.v_proj.weight": 0.023620249703526497, "model.layers.7.self_attn.o_proj.weight": 0.04789059981703758, "model.layers.7.mlp.gate_proj.weight": 0.09670721739530563, "model.layers.7.mlp.up_proj.weight": 0.09633972495794296, "model.layers.7.mlp.down_proj.weight": 0.09724926948547363, "model.layers.7.input_layernorm.weight": 0.0010288682533428073, "model.layers.7.post_attention_layernorm.weight": 0.0010542809031903744, "model.layers.8.self_attn.q_proj.weight": 0.04774041101336479, "model.layers.8.self_attn.k_proj.weight": 0.023474207147955894, "model.layers.8.self_attn.v_proj.weight": 0.024097910150885582, "model.layers.8.self_attn.o_proj.weight": 0.048316363245248795, "model.layers.8.mlp.gate_proj.weight": 0.09871108084917068, "model.layers.8.mlp.up_proj.weight": 0.09845244884490967, "model.layers.8.mlp.down_proj.weight": 0.09933196753263474, "model.layers.8.input_layernorm.weight": 0.0010402394691482186, "model.layers.8.post_attention_layernorm.weight": 0.0010752648813650012, "model.layers.9.self_attn.q_proj.weight": 0.04975612834095955, "model.layers.9.self_attn.k_proj.weight": 0.02438521385192871, "model.layers.9.self_attn.v_proj.weight": 0.024294385686516762, "model.layers.9.self_attn.o_proj.weight": 0.04966772720217705, "model.layers.9.mlp.gate_proj.weight": 0.10135118663311005, "model.layers.9.mlp.up_proj.weight": 0.10145539045333862, "model.layers.9.mlp.down_proj.weight": 0.10225813090801239, "model.layers.9.input_layernorm.weight": 0.0010339501313865185, "model.layers.9.post_attention_layernorm.weight": 0.0011083715362474322, "model.layers.10.self_attn.q_proj.weight": 0.04939895123243332, "model.layers.10.self_attn.k_proj.weight": 0.02457062155008316, "model.layers.10.self_attn.v_proj.weight": 0.025021027773618698, "model.layers.10.self_attn.o_proj.weight": 0.05109969526529312, "model.layers.10.mlp.gate_proj.weight": 0.10230329632759094, "model.layers.10.mlp.up_proj.weight": 0.10282427072525024, "model.layers.10.mlp.down_proj.weight": 0.103428415954113, "model.layers.10.input_layernorm.weight": 0.0010711674112826586, "model.layers.10.post_attention_layernorm.weight": 0.0011301120975986123, "model.layers.11.self_attn.q_proj.weight": 0.05139606073498726, "model.layers.11.self_attn.k_proj.weight": 0.025133667513728142, "model.layers.11.self_attn.v_proj.weight": 0.025867629796266556, "model.layers.11.self_attn.o_proj.weight": 0.05244310572743416, "model.layers.11.mlp.gate_proj.weight": 0.10396365821361542, "model.layers.11.mlp.up_proj.weight": 0.10491230338811874, "model.layers.11.mlp.down_proj.weight": 0.10518614947795868, "model.layers.11.input_layernorm.weight": 0.0010885116644203663, "model.layers.11.post_attention_layernorm.weight": 0.0011440800735726953, "model.layers.12.self_attn.q_proj.weight": 0.05044640973210335, "model.layers.12.self_attn.k_proj.weight": 0.02439706027507782, "model.layers.12.self_attn.v_proj.weight": 0.026040246710181236, "model.layers.12.self_attn.o_proj.weight": 0.053190067410469055, "model.layers.12.mlp.gate_proj.weight": 0.1048823893070221, "model.layers.12.mlp.up_proj.weight": 0.10549497604370117, "model.layers.12.mlp.down_proj.weight": 0.10568060725927353, "model.layers.12.input_layernorm.weight": 0.0011157087283208966, "model.layers.12.post_attention_layernorm.weight": 0.0011577779660001397, "model.layers.13.self_attn.q_proj.weight": 0.049778811633586884, "model.layers.13.self_attn.k_proj.weight": 0.02457607537508011, "model.layers.13.self_attn.v_proj.weight": 0.02612619660794735, "model.layers.13.self_attn.o_proj.weight": 0.05269087105989456, "model.layers.13.mlp.gate_proj.weight": 0.10698600113391876, "model.layers.13.mlp.up_proj.weight": 0.10713766515254974, "model.layers.13.mlp.down_proj.weight": 0.10719892382621765,