{"total_norm": 7.251247882843018, "target_norm": 0.9631029963493347, "param2norm_diff": {"model.embed_tokens.weight": 0.16062845289707184, "model.layers.0.self_attn.q_proj.weight": 0.04347912222146988, "model.layers.0.self_attn.k_proj.weight": 0.022729946300387383, "model.layers.0.self_attn.v_proj.weight": 0.02230789139866829, "model.layers.0.self_attn.o_proj.weight": 0.045527104288339615, "model.layers.0.mlp.gate_proj.weight": 0.09138302505016327, "model.layers.0.mlp.up_proj.weight": 0.09137633442878723, "model.layers.0.mlp.down_proj.weight": 0.0919150561094284, "model.layers.0.input_layernorm.weight": 0.0009983837371692061, "model.layers.0.post_attention_layernorm.weight": 0.0010037773754447699, "model.layers.1.self_attn.q_proj.weight": 0.04623398557305336, "model.layers.1.self_attn.k_proj.weight": 0.02325856126844883, "model.layers.1.self_attn.v_proj.weight": 0.0225413478910923, "model.layers.1.self_attn.o_proj.weight": 0.045783303678035736, "model.layers.1.mlp.gate_proj.weight": 0.09173662960529327, "model.layers.1.mlp.up_proj.weight": 0.09171681106090546, "model.layers.1.mlp.down_proj.weight": 0.09190637618303299, "model.layers.1.input_layernorm.weight": 0.0009830244816839695, "model.layers.1.post_attention_layernorm.weight": 0.0010134567273780704, "model.layers.2.self_attn.q_proj.weight": 0.04508519917726517, "model.layers.2.self_attn.k_proj.weight": 0.021335382014513016, "model.layers.2.self_attn.v_proj.weight": 0.022529933601617813, "model.layers.2.self_attn.o_proj.weight": 0.04624878242611885, "model.layers.2.mlp.gate_proj.weight": 0.09258758276700974, "model.layers.2.mlp.up_proj.weight": 0.0925406813621521, "model.layers.2.mlp.down_proj.weight": 0.09298504889011383, "model.layers.2.input_layernorm.weight": 0.0009691045852378011, "model.layers.2.post_attention_layernorm.weight": 0.0010208806488662958, "model.layers.3.self_attn.q_proj.weight": 0.04683271795511246, "model.layers.3.self_attn.k_proj.weight": 0.022945405915379524, "model.layers.3.self_attn.v_proj.weight": 0.023336969316005707, "model.layers.3.self_attn.o_proj.weight": 0.04636342078447342, "model.layers.3.mlp.gate_proj.weight": 0.09331852942705154, "model.layers.3.mlp.up_proj.weight": 0.092677541077137, "model.layers.3.mlp.down_proj.weight": 0.09342435747385025, "model.layers.3.input_layernorm.weight": 0.0010142531245946884, "model.layers.3.post_attention_layernorm.weight": 0.0010271260980516672, "model.layers.4.self_attn.q_proj.weight": 0.04629523679614067, "model.layers.4.self_attn.k_proj.weight": 0.02278718911111355, "model.layers.4.self_attn.v_proj.weight": 0.022678928449749947, "model.layers.4.self_attn.o_proj.weight": 0.04548061639070511, "model.layers.4.mlp.gate_proj.weight": 0.0944150760769844, "model.layers.4.mlp.up_proj.weight": 0.0937672108411789, "model.layers.4.mlp.down_proj.weight": 0.09438830614089966, "model.layers.4.input_layernorm.weight": 0.0009950896492227912, "model.layers.4.post_attention_layernorm.weight": 0.001010095700621605, "model.layers.5.self_attn.q_proj.weight": 0.048166584223508835, "model.layers.5.self_attn.k_proj.weight": 0.023722244426608086, "model.layers.5.self_attn.v_proj.weight": 0.023062080144882202, "model.layers.5.self_attn.o_proj.weight": 0.04666432738304138, "model.layers.5.mlp.gate_proj.weight": 0.09512366354465485, "model.layers.5.mlp.up_proj.weight": 0.09424461424350739, "model.layers.5.mlp.down_proj.weight": 0.0942748412489891, "model.layers.5.input_layernorm.weight": 0.0010231488849967718, "model.layers.5.post_attention_layernorm.weight": 0.0010412299307063222, "model.layers.6.self_attn.q_proj.weight": 0.048166532069444656, "model.layers.6.self_attn.k_proj.weight": 0.023261144757270813, "model.layers.6.self_attn.v_proj.weight": 0.023708827793598175, "model.layers.6.self_attn.o_proj.weight": 0.047224342823028564, "model.layers.6.mlp.gate_proj.weight": 0.09618215262889862, "model.layers.6.mlp.up_proj.weight": 0.09535017609596252, "model.layers.6.mlp.down_proj.weight": 0.09561320394277573, "model.layers.6.input_layernorm.weight": 0.0010236185044050217, "model.layers.6.post_attention_layernorm.weight": 0.0010330511722713709, "model.layers.7.self_attn.q_proj.weight": 0.047322019934654236, "model.layers.7.self_attn.k_proj.weight": 0.0234427098184824, "model.layers.7.self_attn.v_proj.weight": 0.02325134165585041, "model.layers.7.self_attn.o_proj.weight": 0.04800592362880707, "model.layers.7.mlp.gate_proj.weight": 0.09773861616849899, "model.layers.7.mlp.up_proj.weight": 0.09645596891641617, "model.layers.7.mlp.down_proj.weight": 0.0968601405620575, "model.layers.7.input_layernorm.weight": 0.001037362846545875, "model.layers.7.post_attention_layernorm.weight": 0.0010552189778536558, "model.layers.8.self_attn.q_proj.weight": 0.04800649732351303, "model.layers.8.self_attn.k_proj.weight": 0.02408795803785324, "model.layers.8.self_attn.v_proj.weight": 0.02383776381611824, "model.layers.8.self_attn.o_proj.weight": 0.048877883702516556, "model.layers.8.mlp.gate_proj.weight": 0.0994604229927063, "model.layers.8.mlp.up_proj.weight": 0.09745465219020844, "model.layers.8.mlp.down_proj.weight": 0.09858949482440948, "model.layers.8.input_layernorm.weight": 0.001056307926774025, "model.layers.8.post_attention_layernorm.weight": 0.0010635089129209518, "model.layers.9.self_attn.q_proj.weight": 0.05010385438799858, "model.layers.9.self_attn.k_proj.weight": 0.024386396631598473, "model.layers.9.self_attn.v_proj.weight": 0.024236276745796204, "model.layers.9.self_attn.o_proj.weight": 0.04941057786345482, "model.layers.9.mlp.gate_proj.weight": 0.10117482393980026, "model.layers.9.mlp.up_proj.weight": 0.09969270974397659, "model.layers.9.mlp.down_proj.weight": 0.10051795095205307, "model.layers.9.input_layernorm.weight": 0.0010153972543776035, "model.layers.9.post_attention_layernorm.weight": 0.001109480974264443, "model.layers.10.self_attn.q_proj.weight": 0.05009748041629791, "model.layers.10.self_attn.k_proj.weight": 0.02457685023546219, "model.layers.10.self_attn.v_proj.weight": 0.02499050460755825, "model.layers.10.self_attn.o_proj.weight": 0.05107790604233742, "model.layers.10.mlp.gate_proj.weight": 0.10164795070886612, "model.layers.10.mlp.up_proj.weight": 0.10144468396902084, "model.layers.10.mlp.down_proj.weight": 0.10149950534105301, "model.layers.10.input_layernorm.weight": 0.0010855813743546605, "model.layers.10.post_attention_layernorm.weight": 0.0011051003821194172, "model.layers.11.self_attn.q_proj.weight": 0.0509021021425724, "model.layers.11.self_attn.k_proj.weight": 0.02501438371837139, "model.layers.11.self_attn.v_proj.weight": 0.024649573490023613, "model.layers.11.self_attn.o_proj.weight": 0.05151117593050003, "model.layers.11.mlp.gate_proj.weight": 0.10260553658008575, "model.layers.11.mlp.up_proj.weight": 0.10306039452552795, "model.layers.11.mlp.down_proj.weight": 0.10289104282855988, "model.layers.11.input_layernorm.weight": 0.0010518673807382584, "model.layers.11.post_attention_layernorm.weight": 0.0011170348152518272, "model.layers.12.self_attn.q_proj.weight": 0.05010947212576866, "model.layers.12.self_attn.k_proj.weight": 0.02415679208934307, "model.layers.12.self_attn.v_proj.weight": 0.025213168933987617, "model.layers.12.self_attn.o_proj.weight": 0.0515369176864624, "model.layers.12.mlp.gate_proj.weight": 0.10303154587745667, "model.layers.12.mlp.up_proj.weight": 0.10318277776241302, "model.layers.12.mlp.down_proj.weight": 0.10290277004241943, "model.layers.12.input_layernorm.weight": 0.0010792975081130862, "model.layers.12.post_attention_layernorm.weight": 0.0011232872493565083, "model.layers.13.self_attn.q_proj.weight": 0.049232400953769684, "model.layers.13.self_attn.k_proj.weight": 0.02485278807580471, "model.layers.13.self_attn.v_proj.weight": 0.02576737478375435, "model.layers.13.self_attn.o_proj.weight": 0.05154899135231972, "model.layers.13.mlp.gate_proj.weight": 0.1037636399269104, "model.layers.13.mlp.up_proj.weight": 0.10337196290493011, "model.layers.13.mlp.down_proj.weight": 0.10387802869081497,