{"total_norm": 7.430684566497803, "target_norm": 0.9636548757553101, "param2norm_diff": {"model.embed_tokens.weight": 0.17560595273971558, "model.layers.0.self_attn.q_proj.weight": 0.04687921330332756, "model.layers.0.self_attn.k_proj.weight": 0.024400709196925163, "model.layers.0.self_attn.v_proj.weight": 0.02353690192103386, "model.layers.0.self_attn.o_proj.weight": 0.047422461211681366, "model.layers.0.mlp.gate_proj.weight": 0.09417978674173355, "model.layers.0.mlp.up_proj.weight": 0.0942709743976593, "model.layers.0.mlp.down_proj.weight": 0.09447772800922394, "model.layers.0.input_layernorm.weight": 0.0010650611948221922, "model.layers.0.post_attention_layernorm.weight": 0.0010436278535053134, "model.layers.1.self_attn.q_proj.weight": 0.0480576753616333, "model.layers.1.self_attn.k_proj.weight": 0.024243462830781937, "model.layers.1.self_attn.v_proj.weight": 0.023894142359495163, "model.layers.1.self_attn.o_proj.weight": 0.04791734367609024, "model.layers.1.mlp.gate_proj.weight": 0.09440980851650238, "model.layers.1.mlp.up_proj.weight": 0.09426714479923248, "model.layers.1.mlp.down_proj.weight": 0.09462406486272812, "model.layers.1.input_layernorm.weight": 0.0010509915882721543, "model.layers.1.post_attention_layernorm.weight": 0.001043581636622548, "model.layers.2.self_attn.q_proj.weight": 0.04780292138457298, "model.layers.2.self_attn.k_proj.weight": 0.023683445528149605, "model.layers.2.self_attn.v_proj.weight": 0.023848064243793488, "model.layers.2.self_attn.o_proj.weight": 0.048539794981479645, "model.layers.2.mlp.gate_proj.weight": 0.09484925866127014, "model.layers.2.mlp.up_proj.weight": 0.09502319246530533, "model.layers.2.mlp.down_proj.weight": 0.09563254565000534, "model.layers.2.input_layernorm.weight": 0.0010202272096648812, "model.layers.2.post_attention_layernorm.weight": 0.0010430817492306232, "model.layers.3.self_attn.q_proj.weight": 0.04784694314002991, "model.layers.3.self_attn.k_proj.weight": 0.022968068718910217, "model.layers.3.self_attn.v_proj.weight": 0.02406712993979454, "model.layers.3.self_attn.o_proj.weight": 0.04833749681711197, "model.layers.3.mlp.gate_proj.weight": 0.09611749649047852, "model.layers.3.mlp.up_proj.weight": 0.09625379741191864, "model.layers.3.mlp.down_proj.weight": 0.09636972844600677, "model.layers.3.input_layernorm.weight": 0.0010403970954939723, "model.layers.3.post_attention_layernorm.weight": 0.001046671299263835, "model.layers.4.self_attn.q_proj.weight": 0.04859716445207596, "model.layers.4.self_attn.k_proj.weight": 0.024311115965247154, "model.layers.4.self_attn.v_proj.weight": 0.023920705541968346, "model.layers.4.self_attn.o_proj.weight": 0.04741964116692543, "model.layers.4.mlp.gate_proj.weight": 0.09825116395950317, "model.layers.4.mlp.up_proj.weight": 0.09822940081357956, "model.layers.4.mlp.down_proj.weight": 0.09848245978355408, "model.layers.4.input_layernorm.weight": 0.001078313565813005, "model.layers.4.post_attention_layernorm.weight": 0.0010523870587348938, "model.layers.5.self_attn.q_proj.weight": 0.04936549440026283, "model.layers.5.self_attn.k_proj.weight": 0.024510353803634644, "model.layers.5.self_attn.v_proj.weight": 0.024489454925060272, "model.layers.5.self_attn.o_proj.weight": 0.04854101315140724, "model.layers.5.mlp.gate_proj.weight": 0.0984702855348587, "model.layers.5.mlp.up_proj.weight": 0.0981377437710762, "model.layers.5.mlp.down_proj.weight": 0.09823322296142578, "model.layers.5.input_layernorm.weight": 0.0010650912299752235, "model.layers.5.post_attention_layernorm.weight": 0.0010638264939188957, "model.layers.6.self_attn.q_proj.weight": 0.04934876039624214, "model.layers.6.self_attn.k_proj.weight": 0.02412741258740425, "model.layers.6.self_attn.v_proj.weight": 0.024688128381967545, "model.layers.6.self_attn.o_proj.weight": 0.04932934045791626, "model.layers.6.mlp.gate_proj.weight": 0.09856463223695755, "model.layers.6.mlp.up_proj.weight": 0.09864230453968048, "model.layers.6.mlp.down_proj.weight": 0.09889411926269531, "model.layers.6.input_layernorm.weight": 0.0010468948166817427, "model.layers.6.post_attention_layernorm.weight": 0.0010956788901239634, "model.layers.7.self_attn.q_proj.weight": 0.04848168417811394, "model.layers.7.self_attn.k_proj.weight": 0.024402771145105362, "model.layers.7.self_attn.v_proj.weight": 0.024228587746620178, "model.layers.7.self_attn.o_proj.weight": 0.048910953104496, "model.layers.7.mlp.gate_proj.weight": 0.09919428825378418, "model.layers.7.mlp.up_proj.weight": 0.09920969605445862, "model.layers.7.mlp.down_proj.weight": 0.09952108561992645, "model.layers.7.input_layernorm.weight": 0.00107702671084553, "model.layers.7.post_attention_layernorm.weight": 0.0010877499589696527, "model.layers.8.self_attn.q_proj.weight": 0.04911335930228233, "model.layers.8.self_attn.k_proj.weight": 0.02419225126504898, "model.layers.8.self_attn.v_proj.weight": 0.02435322292149067, "model.layers.8.self_attn.o_proj.weight": 0.04919225722551346, "model.layers.8.mlp.gate_proj.weight": 0.10039731115102768, "model.layers.8.mlp.up_proj.weight": 0.10048831254243851, "model.layers.8.mlp.down_proj.weight": 0.10083629935979843, "model.layers.8.input_layernorm.weight": 0.0010807991493493319, "model.layers.8.post_attention_layernorm.weight": 0.0010990073205903172, "model.layers.9.self_attn.q_proj.weight": 0.05002036690711975, "model.layers.9.self_attn.k_proj.weight": 0.02476317249238491, "model.layers.9.self_attn.v_proj.weight": 0.024826224893331528, "model.layers.9.self_attn.o_proj.weight": 0.05045866593718529, "model.layers.9.mlp.gate_proj.weight": 0.10217466950416565, "model.layers.9.mlp.up_proj.weight": 0.10213588178157806, "model.layers.9.mlp.down_proj.weight": 0.10271654278039932, "model.layers.9.input_layernorm.weight": 0.0010994825279340148, "model.layers.9.post_attention_layernorm.weight": 0.0011251120595261455, "model.layers.10.self_attn.q_proj.weight": 0.051100607961416245, "model.layers.10.self_attn.k_proj.weight": 0.025280730798840523, "model.layers.10.self_attn.v_proj.weight": 0.02517036162316799, "model.layers.10.self_attn.o_proj.weight": 0.05108465626835823, "model.layers.10.mlp.gate_proj.weight": 0.10305313020944595, "model.layers.10.mlp.up_proj.weight": 0.10324020683765411, "model.layers.10.mlp.down_proj.weight": 0.10359404981136322, "model.layers.10.input_layernorm.weight": 0.00111274397931993, "model.layers.10.post_attention_layernorm.weight": 0.0011135463137179613, "model.layers.11.self_attn.q_proj.weight": 0.05142691731452942, "model.layers.11.self_attn.k_proj.weight": 0.02521030604839325, "model.layers.11.self_attn.v_proj.weight": 0.02559245191514492, "model.layers.11.self_attn.o_proj.weight": 0.051812544465065, "model.layers.11.mlp.gate_proj.weight": 0.1028318926692009, "model.layers.11.mlp.up_proj.weight": 0.1039501428604126, "model.layers.11.mlp.down_proj.weight": 0.10421234369277954, "model.layers.11.input_layernorm.weight": 0.001092593534849584, "model.layers.11.post_attention_layernorm.weight": 0.0011280484031885862, "model.layers.12.self_attn.q_proj.weight": 0.05165188014507294, "model.layers.12.self_attn.k_proj.weight": 0.025853024795651436, "model.layers.12.self_attn.v_proj.weight": 0.02615569904446602, "model.layers.12.self_attn.o_proj.weight": 0.05251447856426239, "model.layers.12.mlp.gate_proj.weight": 0.10319019854068756, "model.layers.12.mlp.up_proj.weight": 0.10363933444023132, "model.layers.12.mlp.down_proj.weight": 0.10421857237815857, "model.layers.12.input_layernorm.weight": 0.0011571613140404224, "model.layers.12.post_attention_layernorm.weight": 0.0011435560882091522, "model.layers.13.self_attn.q_proj.weight": 0.051739539951086044, "model.layers.13.self_attn.k_proj.weight": 0.02601599507033825, "model.layers.13.self_attn.v_proj.weight": 0.02583843283355236, "model.layers.13.self_attn.o_proj.weight": 0.052260395139455795, "model.layers.13.mlp.gate_proj.weight": 0.10451352596282959, "model.layers.13.mlp.up_proj.weight": 0.10485082119703293, "model.layers.13.mlp.down_proj.weight": 0.10561905056238174,