{"total_norm": 7.616232872009277, "target_norm": 1.0014004707336426, "param2norm_diff": {"model.embed_tokens.weight": 0.20520341396331787, "model.layers.0.self_attn.q_proj.weight": 0.04591359198093414, "model.layers.0.self_attn.k_proj.weight": 0.024901634082198143, "model.layers.0.self_attn.v_proj.weight": 0.023931313306093216, "model.layers.0.self_attn.o_proj.weight": 0.04750538989901543, "model.layers.0.mlp.gate_proj.weight": 0.09351447224617004, "model.layers.0.mlp.up_proj.weight": 0.09380439668893814, "model.layers.0.mlp.down_proj.weight": 0.09370189905166626, "model.layers.0.input_layernorm.weight": 0.0010311189107596874, "model.layers.0.post_attention_layernorm.weight": 0.001034642569720745, "model.layers.1.self_attn.q_proj.weight": 0.048000626266002655, "model.layers.1.self_attn.k_proj.weight": 0.023933114483952522, "model.layers.1.self_attn.v_proj.weight": 0.02368057705461979, "model.layers.1.self_attn.o_proj.weight": 0.04787571355700493, "model.layers.1.mlp.gate_proj.weight": 0.09374213963747025, "model.layers.1.mlp.up_proj.weight": 0.09377196431159973, "model.layers.1.mlp.down_proj.weight": 0.09406526386737823, "model.layers.1.input_layernorm.weight": 0.0010205204598605633, "model.layers.1.post_attention_layernorm.weight": 0.0010294250678271055, "model.layers.2.self_attn.q_proj.weight": 0.049672652035951614, "model.layers.2.self_attn.k_proj.weight": 0.024683525785803795, "model.layers.2.self_attn.v_proj.weight": 0.02366318553686142, "model.layers.2.self_attn.o_proj.weight": 0.04841059818863869, "model.layers.2.mlp.gate_proj.weight": 0.09440819174051285, "model.layers.2.mlp.up_proj.weight": 0.09465864300727844, "model.layers.2.mlp.down_proj.weight": 0.09558478742837906, "model.layers.2.input_layernorm.weight": 0.00106130784843117, "model.layers.2.post_attention_layernorm.weight": 0.001041000010445714, "model.layers.3.self_attn.q_proj.weight": 0.04902137815952301, "model.layers.3.self_attn.k_proj.weight": 0.024288706481456757, "model.layers.3.self_attn.v_proj.weight": 0.024210266768932343, "model.layers.3.self_attn.o_proj.weight": 0.04892399534583092, "model.layers.3.mlp.gate_proj.weight": 0.09604888409376144, "model.layers.3.mlp.up_proj.weight": 0.09624127298593521, "model.layers.3.mlp.down_proj.weight": 0.09768901020288467, "model.layers.3.input_layernorm.weight": 0.0010593506740406156, "model.layers.3.post_attention_layernorm.weight": 0.0010455005103722215, "model.layers.4.self_attn.q_proj.weight": 0.04871773719787598, "model.layers.4.self_attn.k_proj.weight": 0.02389049530029297, "model.layers.4.self_attn.v_proj.weight": 0.024284042418003082, "model.layers.4.self_attn.o_proj.weight": 0.04859955608844757, "model.layers.4.mlp.gate_proj.weight": 0.09889613837003708, "model.layers.4.mlp.up_proj.weight": 0.09885923564434052, "model.layers.4.mlp.down_proj.weight": 0.09989302605390549, "model.layers.4.input_layernorm.weight": 0.0010596215724945068, "model.layers.4.post_attention_layernorm.weight": 0.0011009708978235722, "model.layers.5.self_attn.q_proj.weight": 0.0498284250497818, "model.layers.5.self_attn.k_proj.weight": 0.024937473237514496, "model.layers.5.self_attn.v_proj.weight": 0.02464153990149498, "model.layers.5.self_attn.o_proj.weight": 0.049594976007938385, "model.layers.5.mlp.gate_proj.weight": 0.10050474852323532, "model.layers.5.mlp.up_proj.weight": 0.10019749402999878, "model.layers.5.mlp.down_proj.weight": 0.10107366740703583, "model.layers.5.input_layernorm.weight": 0.0011027888394892216, "model.layers.5.post_attention_layernorm.weight": 0.0011016582138836384, "model.layers.6.self_attn.q_proj.weight": 0.05041763558983803, "model.layers.6.self_attn.k_proj.weight": 0.02515565976500511, "model.layers.6.self_attn.v_proj.weight": 0.02501007914543152, "model.layers.6.self_attn.o_proj.weight": 0.04983830079436302, "model.layers.6.mlp.gate_proj.weight": 0.1013159304857254, "model.layers.6.mlp.up_proj.weight": 0.10099863260984421, "model.layers.6.mlp.down_proj.weight": 0.10178180783987045, "model.layers.6.input_layernorm.weight": 0.0010988047579303384, "model.layers.6.post_attention_layernorm.weight": 0.0011236073914915323, "model.layers.7.self_attn.q_proj.weight": 0.05055617168545723, "model.layers.7.self_attn.k_proj.weight": 0.024975327774882317, "model.layers.7.self_attn.v_proj.weight": 0.024828536435961723, "model.layers.7.self_attn.o_proj.weight": 0.050026435405015945, "model.layers.7.mlp.gate_proj.weight": 0.10200244188308716, "model.layers.7.mlp.up_proj.weight": 0.10138209164142609, "model.layers.7.mlp.down_proj.weight": 0.10241318494081497, "model.layers.7.input_layernorm.weight": 0.00109821034129709, "model.layers.7.post_attention_layernorm.weight": 0.0011071448680013418, "model.layers.8.self_attn.q_proj.weight": 0.048768654465675354, "model.layers.8.self_attn.k_proj.weight": 0.02464861050248146, "model.layers.8.self_attn.v_proj.weight": 0.024635767564177513, "model.layers.8.self_attn.o_proj.weight": 0.05025560036301613, "model.layers.8.mlp.gate_proj.weight": 0.10404236614704132, "model.layers.8.mlp.up_proj.weight": 0.10315420478582382, "model.layers.8.mlp.down_proj.weight": 0.10440786182880402, "model.layers.8.input_layernorm.weight": 0.0010778186842799187, "model.layers.8.post_attention_layernorm.weight": 0.0011208989890292287, "model.layers.9.self_attn.q_proj.weight": 0.05117077752947807, "model.layers.9.self_attn.k_proj.weight": 0.025519555434584618, "model.layers.9.self_attn.v_proj.weight": 0.0253940150141716, "model.layers.9.self_attn.o_proj.weight": 0.051452990621328354, "model.layers.9.mlp.gate_proj.weight": 0.10662541538476944, "model.layers.9.mlp.up_proj.weight": 0.10606484860181808, "model.layers.9.mlp.down_proj.weight": 0.10687707364559174, "model.layers.9.input_layernorm.weight": 0.0011299226898699999, "model.layers.9.post_attention_layernorm.weight": 0.0011607427150011063, "model.layers.10.self_attn.q_proj.weight": 0.049727484583854675, "model.layers.10.self_attn.k_proj.weight": 0.024669203907251358, "model.layers.10.self_attn.v_proj.weight": 0.02572210133075714, "model.layers.10.self_attn.o_proj.weight": 0.05289705842733383, "model.layers.10.mlp.gate_proj.weight": 0.10697092115879059, "model.layers.10.mlp.up_proj.weight": 0.1073959693312645, "model.layers.10.mlp.down_proj.weight": 0.10754003375768661, "model.layers.10.input_layernorm.weight": 0.0011222310131415725, "model.layers.10.post_attention_layernorm.weight": 0.0011840260121971369, "model.layers.11.self_attn.q_proj.weight": 0.05358467251062393, "model.layers.11.self_attn.k_proj.weight": 0.02588474191725254, "model.layers.11.self_attn.v_proj.weight": 0.026377664878964424, "model.layers.11.self_attn.o_proj.weight": 0.053739871829748154, "model.layers.11.mlp.gate_proj.weight": 0.10742735862731934, "model.layers.11.mlp.up_proj.weight": 0.10834585130214691, "model.layers.11.mlp.down_proj.weight": 0.10849806666374207, "model.layers.11.input_layernorm.weight": 0.001123892841860652, "model.layers.11.post_attention_layernorm.weight": 0.0011754513252526522, "model.layers.12.self_attn.q_proj.weight": 0.0510471910238266, "model.layers.12.self_attn.k_proj.weight": 0.02519989386200905, "model.layers.12.self_attn.v_proj.weight": 0.02669595554471016, "model.layers.12.self_attn.o_proj.weight": 0.05281369388103485, "model.layers.12.mlp.gate_proj.weight": 0.10772175341844559, "model.layers.12.mlp.up_proj.weight": 0.10792892426252365, "model.layers.12.mlp.down_proj.weight": 0.10834140330553055, "model.layers.12.input_layernorm.weight": 0.0011404335964471102, "model.layers.12.post_attention_layernorm.weight": 0.0011727692326530814, "model.layers.13.self_attn.q_proj.weight": 0.05206912383437157, "model.layers.13.self_attn.k_proj.weight": 0.026340972632169724, "model.layers.13.self_attn.v_proj.weight": 0.02682093158364296, "model.layers.13.self_attn.o_proj.weight": 0.05379528924822807, "model.layers.13.mlp.gate_proj.weight": 0.10934701561927795, "model.layers.13.mlp.up_proj.weight": 0.10942813009023666, "model.layers.13.mlp.down_proj.weight": 0.1092759370803833,