{"total_norm": 7.321715831756592, "target_norm": 0.9523664712905884, "param2norm_diff": {"model.embed_tokens.weight": 0.18665114045143127, "model.layers.0.self_attn.q_proj.weight": 0.04494927078485489, "model.layers.0.self_attn.k_proj.weight": 0.022495435550808907, "model.layers.0.self_attn.v_proj.weight": 0.022941360250115395, "model.layers.0.self_attn.o_proj.weight": 0.04640471935272217, "model.layers.0.mlp.gate_proj.weight": 0.0916723683476448, "model.layers.0.mlp.up_proj.weight": 0.09158878028392792, "model.layers.0.mlp.down_proj.weight": 0.09184474498033524, "model.layers.0.input_layernorm.weight": 0.0009874862153083086, "model.layers.0.post_attention_layernorm.weight": 0.001014929381199181, "model.layers.1.self_attn.q_proj.weight": 0.04594990611076355, "model.layers.1.self_attn.k_proj.weight": 0.02276558056473732, "model.layers.1.self_attn.v_proj.weight": 0.023230653256177902, "model.layers.1.self_attn.o_proj.weight": 0.046717751771211624, "model.layers.1.mlp.gate_proj.weight": 0.09190917015075684, "model.layers.1.mlp.up_proj.weight": 0.09174804389476776, "model.layers.1.mlp.down_proj.weight": 0.09258247166872025, "model.layers.1.input_layernorm.weight": 0.0010150594171136618, "model.layers.1.post_attention_layernorm.weight": 0.00101566466037184, "model.layers.2.self_attn.q_proj.weight": 0.04658685624599457, "model.layers.2.self_attn.k_proj.weight": 0.02323305420577526, "model.layers.2.self_attn.v_proj.weight": 0.023472605273127556, "model.layers.2.self_attn.o_proj.weight": 0.04714106023311615, "model.layers.2.mlp.gate_proj.weight": 0.09332242608070374, "model.layers.2.mlp.up_proj.weight": 0.0931352749466896, "model.layers.2.mlp.down_proj.weight": 0.09358976781368256, "model.layers.2.input_layernorm.weight": 0.0010023432550951838, "model.layers.2.post_attention_layernorm.weight": 0.001028463477268815, "model.layers.3.self_attn.q_proj.weight": 0.047341663390398026, "model.layers.3.self_attn.k_proj.weight": 0.023768732324242592, "model.layers.3.self_attn.v_proj.weight": 0.023244861513376236, "model.layers.3.self_attn.o_proj.weight": 0.04735787212848663, "model.layers.3.mlp.gate_proj.weight": 0.09423499554395676, "model.layers.3.mlp.up_proj.weight": 0.09410066157579422, "model.layers.3.mlp.down_proj.weight": 0.09467989206314087, "model.layers.3.input_layernorm.weight": 0.001022866228595376, "model.layers.3.post_attention_layernorm.weight": 0.0010096966288983822, "model.layers.4.self_attn.q_proj.weight": 0.04640799015760422, "model.layers.4.self_attn.k_proj.weight": 0.023488758131861687, "model.layers.4.self_attn.v_proj.weight": 0.02394433505833149, "model.layers.4.self_attn.o_proj.weight": 0.047411758452653885, "model.layers.4.mlp.gate_proj.weight": 0.09572964161634445, "model.layers.4.mlp.up_proj.weight": 0.09542656689882278, "model.layers.4.mlp.down_proj.weight": 0.0961555764079094, "model.layers.4.input_layernorm.weight": 0.001061583636328578, "model.layers.4.post_attention_layernorm.weight": 0.0010563844116404653, "model.layers.5.self_attn.q_proj.weight": 0.04782285541296005, "model.layers.5.self_attn.k_proj.weight": 0.02394796907901764, "model.layers.5.self_attn.v_proj.weight": 0.023825084790587425, "model.layers.5.self_attn.o_proj.weight": 0.04785385727882385, "model.layers.5.mlp.gate_proj.weight": 0.09669549018144608, "model.layers.5.mlp.up_proj.weight": 0.09582667052745819, "model.layers.5.mlp.down_proj.weight": 0.09647893905639648, "model.layers.5.input_layernorm.weight": 0.0010461161145940423, "model.layers.5.post_attention_layernorm.weight": 0.0010570344747975469, "model.layers.6.self_attn.q_proj.weight": 0.047440607100725174, "model.layers.6.self_attn.k_proj.weight": 0.02369043603539467, "model.layers.6.self_attn.v_proj.weight": 0.023495223373174667, "model.layers.6.self_attn.o_proj.weight": 0.04722781479358673, "model.layers.6.mlp.gate_proj.weight": 0.09764083474874496, "model.layers.6.mlp.up_proj.weight": 0.09704273194074631, "model.layers.6.mlp.down_proj.weight": 0.09791454672813416, "model.layers.6.input_layernorm.weight": 0.0010515113826841116, "model.layers.6.post_attention_layernorm.weight": 0.0010622629197314382, "model.layers.7.self_attn.q_proj.weight": 0.04776529222726822, "model.layers.7.self_attn.k_proj.weight": 0.02404589019715786, "model.layers.7.self_attn.v_proj.weight": 0.02381102554500103, "model.layers.7.self_attn.o_proj.weight": 0.048842284828424454, "model.layers.7.mlp.gate_proj.weight": 0.09902114421129227, "model.layers.7.mlp.up_proj.weight": 0.09833907335996628, "model.layers.7.mlp.down_proj.weight": 0.09915022552013397, "model.layers.7.input_layernorm.weight": 0.0010441733757033944, "model.layers.7.post_attention_layernorm.weight": 0.0010924622183665633, "model.layers.8.self_attn.q_proj.weight": 0.048899613320827484, "model.layers.8.self_attn.k_proj.weight": 0.023973751813173294, "model.layers.8.self_attn.v_proj.weight": 0.024029700085520744, "model.layers.8.self_attn.o_proj.weight": 0.049455687403678894, "model.layers.8.mlp.gate_proj.weight": 0.10048339515924454, "model.layers.8.mlp.up_proj.weight": 0.09970244765281677, "model.layers.8.mlp.down_proj.weight": 0.1007356345653534, "model.layers.8.input_layernorm.weight": 0.0010798631701618433, "model.layers.8.post_attention_layernorm.weight": 0.001096950494684279, "model.layers.9.self_attn.q_proj.weight": 0.051349516957998276, "model.layers.9.self_attn.k_proj.weight": 0.024967942386865616, "model.layers.9.self_attn.v_proj.weight": 0.024540921673178673, "model.layers.9.self_attn.o_proj.weight": 0.050620630383491516, "model.layers.9.mlp.gate_proj.weight": 0.10203535854816437, "model.layers.9.mlp.up_proj.weight": 0.10216770321130753, "model.layers.9.mlp.down_proj.weight": 0.10241755843162537, "model.layers.9.input_layernorm.weight": 0.0010902704671025276, "model.layers.9.post_attention_layernorm.weight": 0.0011264304630458355, "model.layers.10.self_attn.q_proj.weight": 0.05125004053115845, "model.layers.10.self_attn.k_proj.weight": 0.02546723745763302, "model.layers.10.self_attn.v_proj.weight": 0.025402551516890526, "model.layers.10.self_attn.o_proj.weight": 0.05161216855049133, "model.layers.10.mlp.gate_proj.weight": 0.10191728174686432, "model.layers.10.mlp.up_proj.weight": 0.10237415134906769, "model.layers.10.mlp.down_proj.weight": 0.10270435363054276, "model.layers.10.input_layernorm.weight": 0.0010857919696718454, "model.layers.10.post_attention_layernorm.weight": 0.001106937532313168, "model.layers.11.self_attn.q_proj.weight": 0.05036134272813797, "model.layers.11.self_attn.k_proj.weight": 0.024275600910186768, "model.layers.11.self_attn.v_proj.weight": 0.025044472888112068, "model.layers.11.self_attn.o_proj.weight": 0.051865044981241226, "model.layers.11.mlp.gate_proj.weight": 0.10197920352220535, "model.layers.11.mlp.up_proj.weight": 0.10247175395488739, "model.layers.11.mlp.down_proj.weight": 0.10236950218677521, "model.layers.11.input_layernorm.weight": 0.001085478812456131, "model.layers.11.post_attention_layernorm.weight": 0.0011178614804521203, "model.layers.12.self_attn.q_proj.weight": 0.050139639526605606, "model.layers.12.self_attn.k_proj.weight": 0.024563699960708618, "model.layers.12.self_attn.v_proj.weight": 0.02494986169040203, "model.layers.12.self_attn.o_proj.weight": 0.051189299672842026, "model.layers.12.mlp.gate_proj.weight": 0.1021517813205719, "model.layers.12.mlp.up_proj.weight": 0.1022896021604538, "model.layers.12.mlp.down_proj.weight": 0.10204566270112991, "model.layers.12.input_layernorm.weight": 0.0010685983579605818, "model.layers.12.post_attention_layernorm.weight": 0.0011290049878880382, "model.layers.13.self_attn.q_proj.weight": 0.04989476501941681, "model.layers.13.self_attn.k_proj.weight": 0.023923560976982117, "model.layers.13.self_attn.v_proj.weight": 0.02517917938530445, "model.layers.13.self_attn.o_proj.weight": 0.050371523946523666, "model.layers.13.mlp.gate_proj.weight": 0.10375138372182846, "model.layers.13.mlp.up_proj.weight": 0.10376720130443573, "model.layers.13.mlp.down_proj.weight": 0.10297176986932755,