{"total_norm": 7.12605094909668, "target_norm": 0.9246164560317993, "param2norm_diff": {"model.embed_tokens.weight": 0.16881504654884338, "model.layers.0.self_attn.q_proj.weight": 0.04537738114595413, "model.layers.0.self_attn.k_proj.weight": 0.02408403903245926, "model.layers.0.self_attn.v_proj.weight": 0.023922046646475792, "model.layers.0.self_attn.o_proj.weight": 0.047883305698633194, "model.layers.0.mlp.gate_proj.weight": 0.09528638422489166, "model.layers.0.mlp.up_proj.weight": 0.09517303854227066, "model.layers.0.mlp.down_proj.weight": 0.09500941634178162, "model.layers.0.input_layernorm.weight": 0.0010507124243304133, "model.layers.0.post_attention_layernorm.weight": 0.0010602930560708046, "model.layers.1.self_attn.q_proj.weight": 0.04513118416070938, "model.layers.1.self_attn.k_proj.weight": 0.023677783086895943, "model.layers.1.self_attn.v_proj.weight": 0.023443590849637985, "model.layers.1.self_attn.o_proj.weight": 0.04706864804029465, "model.layers.1.mlp.gate_proj.weight": 0.09470152109861374, "model.layers.1.mlp.up_proj.weight": 0.094769686460495, "model.layers.1.mlp.down_proj.weight": 0.09462286531925201, "model.layers.1.input_layernorm.weight": 0.0010911041172221303, "model.layers.1.post_attention_layernorm.weight": 0.0010415130527690053, "model.layers.2.self_attn.q_proj.weight": 0.04796718806028366, "model.layers.2.self_attn.k_proj.weight": 0.023823939263820648, "model.layers.2.self_attn.v_proj.weight": 0.02349223382771015, "model.layers.2.self_attn.o_proj.weight": 0.04763585701584816, "model.layers.2.mlp.gate_proj.weight": 0.09336194396018982, "model.layers.2.mlp.up_proj.weight": 0.0932675451040268, "model.layers.2.mlp.down_proj.weight": 0.09333697706460953, "model.layers.2.input_layernorm.weight": 0.0010229031322523952, "model.layers.2.post_attention_layernorm.weight": 0.0010416751028969884, "model.layers.3.self_attn.q_proj.weight": 0.04714352637529373, "model.layers.3.self_attn.k_proj.weight": 0.023239431902766228, "model.layers.3.self_attn.v_proj.weight": 0.0227187592536211, "model.layers.3.self_attn.o_proj.weight": 0.045429497957229614, "model.layers.3.mlp.gate_proj.weight": 0.09175746887922287, "model.layers.3.mlp.up_proj.weight": 0.09118964523077011, "model.layers.3.mlp.down_proj.weight": 0.09219464659690857, "model.layers.3.input_layernorm.weight": 0.0009896745905280113, "model.layers.3.post_attention_layernorm.weight": 0.0009585818625055254, "model.layers.4.self_attn.q_proj.weight": 0.04570682719349861, "model.layers.4.self_attn.k_proj.weight": 0.022950181737542152, "model.layers.4.self_attn.v_proj.weight": 0.022627457976341248, "model.layers.4.self_attn.o_proj.weight": 0.04494217783212662, "model.layers.4.mlp.gate_proj.weight": 0.09303941577672958, "model.layers.4.mlp.up_proj.weight": 0.09203783422708511, "model.layers.4.mlp.down_proj.weight": 0.09274355322122574, "model.layers.4.input_layernorm.weight": 0.0010093078017234802, "model.layers.4.post_attention_layernorm.weight": 0.0009833583608269691, "model.layers.5.self_attn.q_proj.weight": 0.04490186274051666, "model.layers.5.self_attn.k_proj.weight": 0.022616956382989883, "model.layers.5.self_attn.v_proj.weight": 0.023378929123282433, "model.layers.5.self_attn.o_proj.weight": 0.04624423757195473, "model.layers.5.mlp.gate_proj.weight": 0.09480131417512894, "model.layers.5.mlp.up_proj.weight": 0.0937214121222496, "model.layers.5.mlp.down_proj.weight": 0.09361588209867477, "model.layers.5.input_layernorm.weight": 0.0010222125565633178, "model.layers.5.post_attention_layernorm.weight": 0.0010280261049047112, "model.layers.6.self_attn.q_proj.weight": 0.04695538803935051, "model.layers.6.self_attn.k_proj.weight": 0.023420751094818115, "model.layers.6.self_attn.v_proj.weight": 0.023458220064640045, "model.layers.6.self_attn.o_proj.weight": 0.04643639922142029, "model.layers.6.mlp.gate_proj.weight": 0.09501935541629791, "model.layers.6.mlp.up_proj.weight": 0.09428776800632477, "model.layers.6.mlp.down_proj.weight": 0.09418688714504242, "model.layers.6.input_layernorm.weight": 0.0010145665146410465, "model.layers.6.post_attention_layernorm.weight": 0.0010368628427386284, "model.layers.7.self_attn.q_proj.weight": 0.04547686129808426, "model.layers.7.self_attn.k_proj.weight": 0.023413321003317833, "model.layers.7.self_attn.v_proj.weight": 0.023610511794686317, "model.layers.7.self_attn.o_proj.weight": 0.04678930342197418, "model.layers.7.mlp.gate_proj.weight": 0.09578852355480194, "model.layers.7.mlp.up_proj.weight": 0.09521380066871643, "model.layers.7.mlp.down_proj.weight": 0.09496047347784042, "model.layers.7.input_layernorm.weight": 0.0010278651025146246, "model.layers.7.post_attention_layernorm.weight": 0.0010406883666291833, "model.layers.8.self_attn.q_proj.weight": 0.046948954463005066, "model.layers.8.self_attn.k_proj.weight": 0.023048866540193558, "model.layers.8.self_attn.v_proj.weight": 0.02353360876441002, "model.layers.8.self_attn.o_proj.weight": 0.04733230546116829, "model.layers.8.mlp.gate_proj.weight": 0.09718719869852066, "model.layers.8.mlp.up_proj.weight": 0.09483739733695984, "model.layers.8.mlp.down_proj.weight": 0.09564071893692017, "model.layers.8.input_layernorm.weight": 0.0010287818731740117, "model.layers.8.post_attention_layernorm.weight": 0.0010368108050897717, "model.layers.9.self_attn.q_proj.weight": 0.04708276689052582, "model.layers.9.self_attn.k_proj.weight": 0.022624162957072258, "model.layers.9.self_attn.v_proj.weight": 0.023211074993014336, "model.layers.9.self_attn.o_proj.weight": 0.04768180847167969, "model.layers.9.mlp.gate_proj.weight": 0.09966549277305603, "model.layers.9.mlp.up_proj.weight": 0.09673153609037399, "model.layers.9.mlp.down_proj.weight": 0.09726037830114365, "model.layers.9.input_layernorm.weight": 0.0009945706697180867, "model.layers.9.post_attention_layernorm.weight": 0.0010510124266147614, "model.layers.10.self_attn.q_proj.weight": 0.04640177637338638, "model.layers.10.self_attn.k_proj.weight": 0.023500781506299973, "model.layers.10.self_attn.v_proj.weight": 0.023401256650686264, "model.layers.10.self_attn.o_proj.weight": 0.04794356971979141, "model.layers.10.mlp.gate_proj.weight": 0.10102514177560806, "model.layers.10.mlp.up_proj.weight": 0.09888840466737747, "model.layers.10.mlp.down_proj.weight": 0.09908632189035416, "model.layers.10.input_layernorm.weight": 0.0009710231679491699, "model.layers.10.post_attention_layernorm.weight": 0.0010708700865507126, "model.layers.11.self_attn.q_proj.weight": 0.05006096512079239, "model.layers.11.self_attn.k_proj.weight": 0.024766039103269577, "model.layers.11.self_attn.v_proj.weight": 0.024481482803821564, "model.layers.11.self_attn.o_proj.weight": 0.04954642802476883, "model.layers.11.mlp.gate_proj.weight": 0.0997416079044342, "model.layers.11.mlp.up_proj.weight": 0.0985252782702446, "model.layers.11.mlp.down_proj.weight": 0.09895395487546921, "model.layers.11.input_layernorm.weight": 0.0010775662958621979, "model.layers.11.post_attention_layernorm.weight": 0.0010405698558315635, "model.layers.12.self_attn.q_proj.weight": 0.04854371026158333, "model.layers.12.self_attn.k_proj.weight": 0.022822370752692223, "model.layers.12.self_attn.v_proj.weight": 0.024314602836966515, "model.layers.12.self_attn.o_proj.weight": 0.049161892384290695, "model.layers.12.mlp.gate_proj.weight": 0.09922618418931961, "model.layers.12.mlp.up_proj.weight": 0.09900572896003723, "model.layers.12.mlp.down_proj.weight": 0.0991218090057373, "model.layers.12.input_layernorm.weight": 0.001050794729962945, "model.layers.12.post_attention_layernorm.weight": 0.0010525011457502842, "model.layers.13.self_attn.q_proj.weight": 0.04848501458764076, "model.layers.13.self_attn.k_proj.weight": 0.023660797625780106, "model.layers.13.self_attn.v_proj.weight": 0.024514077231287956, "model.layers.13.self_attn.o_proj.weight": 0.048616208136081696, "model.layers.13.mlp.gate_proj.weight": 0.10024576634168625, "model.layers.13.mlp.up_proj.weight": 0.10000550001859665, "model.layers.13.mlp.down_proj.weight": 0.10014256089925766,