{"total_norm": 7.238748073577881, "target_norm": 0.9500525593757629, "param2norm_diff": {"model.embed_tokens.weight": 0.15276649594306946, "model.layers.0.self_attn.q_proj.weight": 0.04392237216234207, "model.layers.0.self_attn.k_proj.weight": 0.022871633991599083, "model.layers.0.self_attn.v_proj.weight": 0.022815510630607605, "model.layers.0.self_attn.o_proj.weight": 0.04516085609793663, "model.layers.0.mlp.gate_proj.weight": 0.09064128994941711, "model.layers.0.mlp.up_proj.weight": 0.0905233696103096, "model.layers.0.mlp.down_proj.weight": 0.09039772301912308, "model.layers.0.input_layernorm.weight": 0.0010199726093560457, "model.layers.0.post_attention_layernorm.weight": 0.0009993070270866156, "model.layers.1.self_attn.q_proj.weight": 0.04657347500324249, "model.layers.1.self_attn.k_proj.weight": 0.02305709570646286, "model.layers.1.self_attn.v_proj.weight": 0.02333039604127407, "model.layers.1.self_attn.o_proj.weight": 0.04631105810403824, "model.layers.1.mlp.gate_proj.weight": 0.09015616029500961, "model.layers.1.mlp.up_proj.weight": 0.0901295393705368, "model.layers.1.mlp.down_proj.weight": 0.09013264626264572, "model.layers.1.input_layernorm.weight": 0.0010044184746220708, "model.layers.1.post_attention_layernorm.weight": 0.0009975406574085355, "model.layers.2.self_attn.q_proj.weight": 0.04757149517536163, "model.layers.2.self_attn.k_proj.weight": 0.024162311106920242, "model.layers.2.self_attn.v_proj.weight": 0.023076001554727554, "model.layers.2.self_attn.o_proj.weight": 0.04659547656774521, "model.layers.2.mlp.gate_proj.weight": 0.09141477197408676, "model.layers.2.mlp.up_proj.weight": 0.0913483127951622, "model.layers.2.mlp.down_proj.weight": 0.09094569087028503, "model.layers.2.input_layernorm.weight": 0.0009930402738973498, "model.layers.2.post_attention_layernorm.weight": 0.00098361202981323, "model.layers.3.self_attn.q_proj.weight": 0.04656456038355827, "model.layers.3.self_attn.k_proj.weight": 0.023260217159986496, "model.layers.3.self_attn.v_proj.weight": 0.022841453552246094, "model.layers.3.self_attn.o_proj.weight": 0.04592864587903023, "model.layers.3.mlp.gate_proj.weight": 0.09464285522699356, "model.layers.3.mlp.up_proj.weight": 0.09453356266021729, "model.layers.3.mlp.down_proj.weight": 0.09484894573688507, "model.layers.3.input_layernorm.weight": 0.0009464657632634044, "model.layers.3.post_attention_layernorm.weight": 0.0009885921608656645, "model.layers.4.self_attn.q_proj.weight": 0.04711560159921646, "model.layers.4.self_attn.k_proj.weight": 0.02375892736017704, "model.layers.4.self_attn.v_proj.weight": 0.023350181058049202, "model.layers.4.self_attn.o_proj.weight": 0.046568214893341064, "model.layers.4.mlp.gate_proj.weight": 0.094373419880867, "model.layers.4.mlp.up_proj.weight": 0.09511575102806091, "model.layers.4.mlp.down_proj.weight": 0.09508639574050903, "model.layers.4.input_layernorm.weight": 0.0010186650324612856, "model.layers.4.post_attention_layernorm.weight": 0.0010221981210634112, "model.layers.5.self_attn.q_proj.weight": 0.04691667854785919, "model.layers.5.self_attn.k_proj.weight": 0.02339124120771885, "model.layers.5.self_attn.v_proj.weight": 0.023542990908026695, "model.layers.5.self_attn.o_proj.weight": 0.04748929664492607, "model.layers.5.mlp.gate_proj.weight": 0.09549315273761749, "model.layers.5.mlp.up_proj.weight": 0.09542244672775269, "model.layers.5.mlp.down_proj.weight": 0.09519943594932556, "model.layers.5.input_layernorm.weight": 0.0010368801886215806, "model.layers.5.post_attention_layernorm.weight": 0.0010371572570875287, "model.layers.6.self_attn.q_proj.weight": 0.04733458533883095, "model.layers.6.self_attn.k_proj.weight": 0.02325156144797802, "model.layers.6.self_attn.v_proj.weight": 0.024116573855280876, "model.layers.6.self_attn.o_proj.weight": 0.04828456789255142, "model.layers.6.mlp.gate_proj.weight": 0.09606541693210602, "model.layers.6.mlp.up_proj.weight": 0.09661941230297089, "model.layers.6.mlp.down_proj.weight": 0.09652863442897797, "model.layers.6.input_layernorm.weight": 0.0009754851926118135, "model.layers.6.post_attention_layernorm.weight": 0.0010704476153478026, "model.layers.7.self_attn.q_proj.weight": 0.04761284589767456, "model.layers.7.self_attn.k_proj.weight": 0.023705586791038513, "model.layers.7.self_attn.v_proj.weight": 0.023715529590845108, "model.layers.7.self_attn.o_proj.weight": 0.048299822956323624, "model.layers.7.mlp.gate_proj.weight": 0.09730254858732224, "model.layers.7.mlp.up_proj.weight": 0.09739961475133896, "model.layers.7.mlp.down_proj.weight": 0.09723206609487534, "model.layers.7.input_layernorm.weight": 0.001034363405779004, "model.layers.7.post_attention_layernorm.weight": 0.0010683302534744143, "model.layers.8.self_attn.q_proj.weight": 0.04811917617917061, "model.layers.8.self_attn.k_proj.weight": 0.02373395673930645, "model.layers.8.self_attn.v_proj.weight": 0.02406472899019718, "model.layers.8.self_attn.o_proj.weight": 0.048647087067365646, "model.layers.8.mlp.gate_proj.weight": 0.09791214019060135, "model.layers.8.mlp.up_proj.weight": 0.09745461493730545, "model.layers.8.mlp.down_proj.weight": 0.09800010919570923, "model.layers.8.input_layernorm.weight": 0.00104115204885602, "model.layers.8.post_attention_layernorm.weight": 0.0010866372613236308, "model.layers.9.self_attn.q_proj.weight": 0.04992273077368736, "model.layers.9.self_attn.k_proj.weight": 0.024403654038906097, "model.layers.9.self_attn.v_proj.weight": 0.024250371381640434, "model.layers.9.self_attn.o_proj.weight": 0.0490385927259922, "model.layers.9.mlp.gate_proj.weight": 0.09944082796573639, "model.layers.9.mlp.up_proj.weight": 0.099735789000988, "model.layers.9.mlp.down_proj.weight": 0.10017655044794083, "model.layers.9.input_layernorm.weight": 0.0010210423497483134, "model.layers.9.post_attention_layernorm.weight": 0.0010705500608310103, "model.layers.10.self_attn.q_proj.weight": 0.05061076581478119, "model.layers.10.self_attn.k_proj.weight": 0.024895967915654182, "model.layers.10.self_attn.v_proj.weight": 0.02476983703672886, "model.layers.10.self_attn.o_proj.weight": 0.05006195232272148, "model.layers.10.mlp.gate_proj.weight": 0.1008036732673645, "model.layers.10.mlp.up_proj.weight": 0.10067134350538254, "model.layers.10.mlp.down_proj.weight": 0.10075955837965012, "model.layers.10.input_layernorm.weight": 0.0011165017494931817, "model.layers.10.post_attention_layernorm.weight": 0.001108072348870337, "model.layers.11.self_attn.q_proj.weight": 0.05224868655204773, "model.layers.11.self_attn.k_proj.weight": 0.02566944994032383, "model.layers.11.self_attn.v_proj.weight": 0.02525511011481285, "model.layers.11.self_attn.o_proj.weight": 0.051345836371183395, "model.layers.11.mlp.gate_proj.weight": 0.10188520699739456, "model.layers.11.mlp.up_proj.weight": 0.10245947539806366, "model.layers.11.mlp.down_proj.weight": 0.102593332529068, "model.layers.11.input_layernorm.weight": 0.001053272862918675, "model.layers.11.post_attention_layernorm.weight": 0.0011166002368554473, "model.layers.12.self_attn.q_proj.weight": 0.05055493488907814, "model.layers.12.self_attn.k_proj.weight": 0.02535773254930973, "model.layers.12.self_attn.v_proj.weight": 0.02589043416082859, "model.layers.12.self_attn.o_proj.weight": 0.05161837115883827, "model.layers.12.mlp.gate_proj.weight": 0.10223688185214996, "model.layers.12.mlp.up_proj.weight": 0.1022900938987732, "model.layers.12.mlp.down_proj.weight": 0.10276606678962708, "model.layers.12.input_layernorm.weight": 0.0011271414114162326, "model.layers.12.post_attention_layernorm.weight": 0.0011199024738743901, "model.layers.13.self_attn.q_proj.weight": 0.051071714609861374, "model.layers.13.self_attn.k_proj.weight": 0.02521776221692562, "model.layers.13.self_attn.v_proj.weight": 0.025604138150811195, "model.layers.13.self_attn.o_proj.weight": 0.051674190908670425, "model.layers.13.mlp.gate_proj.weight": 0.10314887017011642, "model.layers.13.mlp.up_proj.weight": 0.1034826934337616, "model.layers.13.mlp.down_proj.weight": 0.1040516346693039,