{"total_norm": 7.392763614654541, "target_norm": 0.964377760887146, "param2norm_diff": {"model.embed_tokens.weight": 0.17256708443164825, "model.layers.0.self_attn.q_proj.weight": 0.04613542929291725, "model.layers.0.self_attn.k_proj.weight": 0.02346549741923809, "model.layers.0.self_attn.v_proj.weight": 0.022978775203227997, "model.layers.0.self_attn.o_proj.weight": 0.046552833169698715, "model.layers.0.mlp.gate_proj.weight": 0.09286172688007355, "model.layers.0.mlp.up_proj.weight": 0.09263351559638977, "model.layers.0.mlp.down_proj.weight": 0.09278598427772522, "model.layers.0.input_layernorm.weight": 0.0010142282117158175, "model.layers.0.post_attention_layernorm.weight": 0.0010150864254683256, "model.layers.1.self_attn.q_proj.weight": 0.04609173163771629, "model.layers.1.self_attn.k_proj.weight": 0.02277309261262417, "model.layers.1.self_attn.v_proj.weight": 0.023166511207818985, "model.layers.1.self_attn.o_proj.weight": 0.04700203239917755, "model.layers.1.mlp.gate_proj.weight": 0.0930112823843956, "model.layers.1.mlp.up_proj.weight": 0.09280475229024887, "model.layers.1.mlp.down_proj.weight": 0.09297680109739304, "model.layers.1.input_layernorm.weight": 0.0010312164667993784, "model.layers.1.post_attention_layernorm.weight": 0.0010142785031348467, "model.layers.2.self_attn.q_proj.weight": 0.048350170254707336, "model.layers.2.self_attn.k_proj.weight": 0.024527665227651596, "model.layers.2.self_attn.v_proj.weight": 0.023117363452911377, "model.layers.2.self_attn.o_proj.weight": 0.04691988229751587, "model.layers.2.mlp.gate_proj.weight": 0.0929345116019249, "model.layers.2.mlp.up_proj.weight": 0.09288356453180313, "model.layers.2.mlp.down_proj.weight": 0.0935535803437233, "model.layers.2.input_layernorm.weight": 0.0010906355455517769, "model.layers.2.post_attention_layernorm.weight": 0.0010220905533060431, "model.layers.3.self_attn.q_proj.weight": 0.046606600284576416, "model.layers.3.self_attn.k_proj.weight": 0.02263348549604416, "model.layers.3.self_attn.v_proj.weight": 0.023364566266536713, "model.layers.3.self_attn.o_proj.weight": 0.04727160930633545, "model.layers.3.mlp.gate_proj.weight": 0.09590481966733932, "model.layers.3.mlp.up_proj.weight": 0.09531557559967041, "model.layers.3.mlp.down_proj.weight": 0.09630092978477478, "model.layers.3.input_layernorm.weight": 0.0010099359788000584, "model.layers.3.post_attention_layernorm.weight": 0.0010260927956551313, "model.layers.4.self_attn.q_proj.weight": 0.04700106009840965, "model.layers.4.self_attn.k_proj.weight": 0.0225553996860981, "model.layers.4.self_attn.v_proj.weight": 0.02336793765425682, "model.layers.4.self_attn.o_proj.weight": 0.04712236672639847, "model.layers.4.mlp.gate_proj.weight": 0.09734208881855011, "model.layers.4.mlp.up_proj.weight": 0.09625665098428726, "model.layers.4.mlp.down_proj.weight": 0.09631884098052979, "model.layers.4.input_layernorm.weight": 0.0010247166501358151, "model.layers.4.post_attention_layernorm.weight": 0.0010397402802482247, "model.layers.5.self_attn.q_proj.weight": 0.048138685524463654, "model.layers.5.self_attn.k_proj.weight": 0.02373233251273632, "model.layers.5.self_attn.v_proj.weight": 0.023826412856578827, "model.layers.5.self_attn.o_proj.weight": 0.04782404005527496, "model.layers.5.mlp.gate_proj.weight": 0.09733492136001587, "model.layers.5.mlp.up_proj.weight": 0.09614112228155136, "model.layers.5.mlp.down_proj.weight": 0.09636746346950531, "model.layers.5.input_layernorm.weight": 0.001044684206135571, "model.layers.5.post_attention_layernorm.weight": 0.0010458927135914564, "model.layers.6.self_attn.q_proj.weight": 0.04801246151328087, "model.layers.6.self_attn.k_proj.weight": 0.023942461237311363, "model.layers.6.self_attn.v_proj.weight": 0.023896096274256706, "model.layers.6.self_attn.o_proj.weight": 0.04805965721607208, "model.layers.6.mlp.gate_proj.weight": 0.09853174537420273, "model.layers.6.mlp.up_proj.weight": 0.0969136580824852, "model.layers.6.mlp.down_proj.weight": 0.09721407294273376, "model.layers.6.input_layernorm.weight": 0.0010474486043676734, "model.layers.6.post_attention_layernorm.weight": 0.001062055118381977, "model.layers.7.self_attn.q_proj.weight": 0.0483720526099205, "model.layers.7.self_attn.k_proj.weight": 0.02373920939862728, "model.layers.7.self_attn.v_proj.weight": 0.023861730471253395, "model.layers.7.self_attn.o_proj.weight": 0.0483316071331501, "model.layers.7.mlp.gate_proj.weight": 0.1001681238412857, "model.layers.7.mlp.up_proj.weight": 0.09891382604837418, "model.layers.7.mlp.down_proj.weight": 0.09916648268699646, "model.layers.7.input_layernorm.weight": 0.0010052520083263516, "model.layers.7.post_attention_layernorm.weight": 0.001066995202563703, "model.layers.8.self_attn.q_proj.weight": 0.04935894533991814, "model.layers.8.self_attn.k_proj.weight": 0.024820752441883087, "model.layers.8.self_attn.v_proj.weight": 0.023894280195236206, "model.layers.8.self_attn.o_proj.weight": 0.04916013777256012, "model.layers.8.mlp.gate_proj.weight": 0.10184739530086517, "model.layers.8.mlp.up_proj.weight": 0.10020838677883148, "model.layers.8.mlp.down_proj.weight": 0.10125693678855896, "model.layers.8.input_layernorm.weight": 0.001032364321872592, "model.layers.8.post_attention_layernorm.weight": 0.0010896972380578518, "model.layers.9.self_attn.q_proj.weight": 0.051787182688713074, "model.layers.9.self_attn.k_proj.weight": 0.025387540459632874, "model.layers.9.self_attn.v_proj.weight": 0.024520784616470337, "model.layers.9.self_attn.o_proj.weight": 0.05041782557964325, "model.layers.9.mlp.gate_proj.weight": 0.10372453182935715, "model.layers.9.mlp.up_proj.weight": 0.10257609188556671, "model.layers.9.mlp.down_proj.weight": 0.1033584401011467, "model.layers.9.input_layernorm.weight": 0.001073054620064795, "model.layers.9.post_attention_layernorm.weight": 0.001133944489993155, "model.layers.10.self_attn.q_proj.weight": 0.05157928913831711, "model.layers.10.self_attn.k_proj.weight": 0.025487974286079407, "model.layers.10.self_attn.v_proj.weight": 0.025343826040625572, "model.layers.10.self_attn.o_proj.weight": 0.0516166165471077, "model.layers.10.mlp.gate_proj.weight": 0.10389339178800583, "model.layers.10.mlp.up_proj.weight": 0.10347461700439453, "model.layers.10.mlp.down_proj.weight": 0.10369817912578583, "model.layers.10.input_layernorm.weight": 0.001139131491072476, "model.layers.10.post_attention_layernorm.weight": 0.0011387664126232266, "model.layers.11.self_attn.q_proj.weight": 0.051532596349716187, "model.layers.11.self_attn.k_proj.weight": 0.025562213733792305, "model.layers.11.self_attn.v_proj.weight": 0.025121264159679413, "model.layers.11.self_attn.o_proj.weight": 0.05189044028520584, "model.layers.11.mlp.gate_proj.weight": 0.10423646122217178, "model.layers.11.mlp.up_proj.weight": 0.10465261340141296, "model.layers.11.mlp.down_proj.weight": 0.10496126115322113, "model.layers.11.input_layernorm.weight": 0.0010689685586839914, "model.layers.11.post_attention_layernorm.weight": 0.0011631259694695473, "model.layers.12.self_attn.q_proj.weight": 0.05199551582336426, "model.layers.12.self_attn.k_proj.weight": 0.025159308686852455, "model.layers.12.self_attn.v_proj.weight": 0.026170779019594193, "model.layers.12.self_attn.o_proj.weight": 0.052509915083646774, "model.layers.12.mlp.gate_proj.weight": 0.10481628030538559, "model.layers.12.mlp.up_proj.weight": 0.1052161306142807, "model.layers.12.mlp.down_proj.weight": 0.10514410585165024, "model.layers.12.input_layernorm.weight": 0.0011203886242583394, "model.layers.12.post_attention_layernorm.weight": 0.001147196046076715, "model.layers.13.self_attn.q_proj.weight": 0.051258984953165054, "model.layers.13.self_attn.k_proj.weight": 0.025350622832775116, "model.layers.13.self_attn.v_proj.weight": 0.02597539685666561, "model.layers.13.self_attn.o_proj.weight": 0.05279393866658211, "model.layers.13.mlp.gate_proj.weight": 0.10547856241464615, "model.layers.13.mlp.up_proj.weight": 0.1056908369064331, "model.layers.13.mlp.down_proj.weight": 0.10569586604833603,