{"total_norm": 7.875746726989746, "target_norm": 1.026500940322876, "param2norm_diff": {"model.embed_tokens.weight": 0.20931290090084076, "model.layers.0.self_attn.q_proj.weight": 0.04989387467503548, "model.layers.0.self_attn.k_proj.weight": 0.025194087997078896, "model.layers.0.self_attn.v_proj.weight": 0.024502499029040337, "model.layers.0.self_attn.o_proj.weight": 0.04957769438624382, "model.layers.0.mlp.gate_proj.weight": 0.0986706018447876, "model.layers.0.mlp.up_proj.weight": 0.09857899695634842, "model.layers.0.mlp.down_proj.weight": 0.09809830784797668, "model.layers.0.input_layernorm.weight": 0.0011943449499085546, "model.layers.0.post_attention_layernorm.weight": 0.0011001842794939876, "model.layers.1.self_attn.q_proj.weight": 0.050770848989486694, "model.layers.1.self_attn.k_proj.weight": 0.026071583852171898, "model.layers.1.self_attn.v_proj.weight": 0.024439038708806038, "model.layers.1.self_attn.o_proj.weight": 0.04895922541618347, "model.layers.1.mlp.gate_proj.weight": 0.09649835526943207, "model.layers.1.mlp.up_proj.weight": 0.09622123837471008, "model.layers.1.mlp.down_proj.weight": 0.09690003097057343, "model.layers.1.input_layernorm.weight": 0.0011470275931060314, "model.layers.1.post_attention_layernorm.weight": 0.0010643331333994865, "model.layers.2.self_attn.q_proj.weight": 0.05027300864458084, "model.layers.2.self_attn.k_proj.weight": 0.024458233267068863, "model.layers.2.self_attn.v_proj.weight": 0.024651655927300453, "model.layers.2.self_attn.o_proj.weight": 0.050236623734235764, "model.layers.2.mlp.gate_proj.weight": 0.09771696478128433, "model.layers.2.mlp.up_proj.weight": 0.09774260967969894, "model.layers.2.mlp.down_proj.weight": 0.09797020256519318, "model.layers.2.input_layernorm.weight": 0.0011064601130783558, "model.layers.2.post_attention_layernorm.weight": 0.0010628912132233381, "model.layers.3.self_attn.q_proj.weight": 0.05025506019592285, "model.layers.3.self_attn.k_proj.weight": 0.02461051195859909, "model.layers.3.self_attn.v_proj.weight": 0.024549473077058792, "model.layers.3.self_attn.o_proj.weight": 0.050181981176137924, "model.layers.3.mlp.gate_proj.weight": 0.09851250797510147, "model.layers.3.mlp.up_proj.weight": 0.09875566512346268, "model.layers.3.mlp.down_proj.weight": 0.09957150369882584, "model.layers.3.input_layernorm.weight": 0.0010821260511875153, "model.layers.3.post_attention_layernorm.weight": 0.0010697608813643456, "model.layers.4.self_attn.q_proj.weight": 0.04943535104393959, "model.layers.4.self_attn.k_proj.weight": 0.024686578661203384, "model.layers.4.self_attn.v_proj.weight": 0.02473522163927555, "model.layers.4.self_attn.o_proj.weight": 0.04954299330711365, "model.layers.4.mlp.gate_proj.weight": 0.10076209902763367, "model.layers.4.mlp.up_proj.weight": 0.10094042122364044, "model.layers.4.mlp.down_proj.weight": 0.10160292685031891, "model.layers.4.input_layernorm.weight": 0.001079309149645269, "model.layers.4.post_attention_layernorm.weight": 0.0011154634412378073, "model.layers.5.self_attn.q_proj.weight": 0.051192596554756165, "model.layers.5.self_attn.k_proj.weight": 0.024867147207260132, "model.layers.5.self_attn.v_proj.weight": 0.02518189139664173, "model.layers.5.self_attn.o_proj.weight": 0.050903428345918655, "model.layers.5.mlp.gate_proj.weight": 0.10256093740463257, "model.layers.5.mlp.up_proj.weight": 0.10226241499185562, "model.layers.5.mlp.down_proj.weight": 0.10309401899576187, "model.layers.5.input_layernorm.weight": 0.0010907762916758657, "model.layers.5.post_attention_layernorm.weight": 0.0011118062539026141, "model.layers.6.self_attn.q_proj.weight": 0.05123795196413994, "model.layers.6.self_attn.k_proj.weight": 0.025151079520583153, "model.layers.6.self_attn.v_proj.weight": 0.025474654510617256, "model.layers.6.self_attn.o_proj.weight": 0.051855821162462234, "model.layers.6.mlp.gate_proj.weight": 0.10420091450214386, "model.layers.6.mlp.up_proj.weight": 0.10360238701105118, "model.layers.6.mlp.down_proj.weight": 0.10455899685621262, "model.layers.6.input_layernorm.weight": 0.0010972077725455165, "model.layers.6.post_attention_layernorm.weight": 0.0011417260393500328, "model.layers.7.self_attn.q_proj.weight": 0.051557932049036026, "model.layers.7.self_attn.k_proj.weight": 0.02569609135389328, "model.layers.7.self_attn.v_proj.weight": 0.02531569078564644, "model.layers.7.self_attn.o_proj.weight": 0.05214844271540642, "model.layers.7.mlp.gate_proj.weight": 0.10579612106084824, "model.layers.7.mlp.up_proj.weight": 0.10529166460037231, "model.layers.7.mlp.down_proj.weight": 0.10623034834861755, "model.layers.7.input_layernorm.weight": 0.001116280211135745, "model.layers.7.post_attention_layernorm.weight": 0.001151272444985807, "model.layers.8.self_attn.q_proj.weight": 0.05311070382595062, "model.layers.8.self_attn.k_proj.weight": 0.02595607563853264, "model.layers.8.self_attn.v_proj.weight": 0.02628970332443714, "model.layers.8.self_attn.o_proj.weight": 0.052926380187273026, "model.layers.8.mlp.gate_proj.weight": 0.1081899031996727, "model.layers.8.mlp.up_proj.weight": 0.10757549852132797, "model.layers.8.mlp.down_proj.weight": 0.1082049161195755, "model.layers.8.input_layernorm.weight": 0.0011205661576241255, "model.layers.8.post_attention_layernorm.weight": 0.0012072400422766805, "model.layers.9.self_attn.q_proj.weight": 0.054203055799007416, "model.layers.9.self_attn.k_proj.weight": 0.026595422998070717, "model.layers.9.self_attn.v_proj.weight": 0.026407962664961815, "model.layers.9.self_attn.o_proj.weight": 0.054436009377241135, "model.layers.9.mlp.gate_proj.weight": 0.1096225380897522, "model.layers.9.mlp.up_proj.weight": 0.1096077710390091, "model.layers.9.mlp.down_proj.weight": 0.1100185215473175, "model.layers.9.input_layernorm.weight": 0.001135478145442903, "model.layers.9.post_attention_layernorm.weight": 0.0011943770805373788, "model.layers.10.self_attn.q_proj.weight": 0.05543326213955879, "model.layers.10.self_attn.k_proj.weight": 0.02694539725780487, "model.layers.10.self_attn.v_proj.weight": 0.027477670460939407, "model.layers.10.self_attn.o_proj.weight": 0.05640311539173126, "model.layers.10.mlp.gate_proj.weight": 0.10927111655473709, "model.layers.10.mlp.up_proj.weight": 0.1107839047908783, "model.layers.10.mlp.down_proj.weight": 0.11056726425886154, "model.layers.10.input_layernorm.weight": 0.0011778314365074039, "model.layers.10.post_attention_layernorm.weight": 0.0012230018619447947, "model.layers.11.self_attn.q_proj.weight": 0.05631263554096222, "model.layers.11.self_attn.k_proj.weight": 0.027471639215946198, "model.layers.11.self_attn.v_proj.weight": 0.027920151129364967, "model.layers.11.self_attn.o_proj.weight": 0.05725789815187454, "model.layers.11.mlp.gate_proj.weight": 0.10859496891498566, "model.layers.11.mlp.up_proj.weight": 0.11093264073133469, "model.layers.11.mlp.down_proj.weight": 0.11080240458250046, "model.layers.11.input_layernorm.weight": 0.001171399955637753, "model.layers.11.post_attention_layernorm.weight": 0.0011957745300605893, "model.layers.12.self_attn.q_proj.weight": 0.05626749247312546, "model.layers.12.self_attn.k_proj.weight": 0.027271542698144913, "model.layers.12.self_attn.v_proj.weight": 0.027747366577386856, "model.layers.12.self_attn.o_proj.weight": 0.05688170716166496, "model.layers.12.mlp.gate_proj.weight": 0.10890547931194305, "model.layers.12.mlp.up_proj.weight": 0.1101861521601677, "model.layers.12.mlp.down_proj.weight": 0.11052601784467697, "model.layers.12.input_layernorm.weight": 0.0012271542800590396, "model.layers.12.post_attention_layernorm.weight": 0.0012309225276112556, "model.layers.13.self_attn.q_proj.weight": 0.05554090812802315, "model.layers.13.self_attn.k_proj.weight": 0.02778373658657074, "model.layers.13.self_attn.v_proj.weight": 0.028067322447896004, "model.layers.13.self_attn.o_proj.weight": 0.05589790642261505, "model.layers.13.mlp.gate_proj.weight": 0.11048179119825363, "model.layers.13.mlp.up_proj.weight": 0.11104939132928848, "model.layers.13.mlp.down_proj.weight": 0.11199730634689331,