{"total_norm": 7.619438171386719, "target_norm": 1.0034321546554565, "param2norm_diff": {"model.embed_tokens.weight": 0.1958964318037033, "model.layers.0.self_attn.q_proj.weight": 0.047344207763671875, "model.layers.0.self_attn.k_proj.weight": 0.024568796157836914, "model.layers.0.self_attn.v_proj.weight": 0.023954074829816818, "model.layers.0.self_attn.o_proj.weight": 0.047672346234321594, "model.layers.0.mlp.gate_proj.weight": 0.09415892511606216, "model.layers.0.mlp.up_proj.weight": 0.09380738437175751, "model.layers.0.mlp.down_proj.weight": 0.09388107061386108, "model.layers.0.input_layernorm.weight": 0.0010120697552338243, "model.layers.0.post_attention_layernorm.weight": 0.001038096030242741, "model.layers.1.self_attn.q_proj.weight": 0.04902661219239235, "model.layers.1.self_attn.k_proj.weight": 0.02478380873799324, "model.layers.1.self_attn.v_proj.weight": 0.024407345801591873, "model.layers.1.self_attn.o_proj.weight": 0.04891504719853401, "model.layers.1.mlp.gate_proj.weight": 0.09387972205877304, "model.layers.1.mlp.up_proj.weight": 0.09382646530866623, "model.layers.1.mlp.down_proj.weight": 0.09429744631052017, "model.layers.1.input_layernorm.weight": 0.001071835053153336, "model.layers.1.post_attention_layernorm.weight": 0.0010319857392460108, "model.layers.2.self_attn.q_proj.weight": 0.04979525879025459, "model.layers.2.self_attn.k_proj.weight": 0.024287382140755653, "model.layers.2.self_attn.v_proj.weight": 0.02432977221906185, "model.layers.2.self_attn.o_proj.weight": 0.04889347404241562, "model.layers.2.mlp.gate_proj.weight": 0.09531824290752411, "model.layers.2.mlp.up_proj.weight": 0.09527124464511871, "model.layers.2.mlp.down_proj.weight": 0.09577027708292007, "model.layers.2.input_layernorm.weight": 0.001082729664631188, "model.layers.2.post_attention_layernorm.weight": 0.0010484643280506134, "model.layers.3.self_attn.q_proj.weight": 0.0496256984770298, "model.layers.3.self_attn.k_proj.weight": 0.024635441601276398, "model.layers.3.self_attn.v_proj.weight": 0.02404041588306427, "model.layers.3.self_attn.o_proj.weight": 0.04896022379398346, "model.layers.3.mlp.gate_proj.weight": 0.097257100045681, "model.layers.3.mlp.up_proj.weight": 0.09714623540639877, "model.layers.3.mlp.down_proj.weight": 0.09777039289474487, "model.layers.3.input_layernorm.weight": 0.001018436742015183, "model.layers.3.post_attention_layernorm.weight": 0.0010477625764906406, "model.layers.4.self_attn.q_proj.weight": 0.04928018897771835, "model.layers.4.self_attn.k_proj.weight": 0.02449604496359825, "model.layers.4.self_attn.v_proj.weight": 0.023830434307456017, "model.layers.4.self_attn.o_proj.weight": 0.047769635915756226, "model.layers.4.mlp.gate_proj.weight": 0.09817779809236526, "model.layers.4.mlp.up_proj.weight": 0.09806077927350998, "model.layers.4.mlp.down_proj.weight": 0.09893154352903366, "model.layers.4.input_layernorm.weight": 0.0010405618231743574, "model.layers.4.post_attention_layernorm.weight": 0.0010437588207423687, "model.layers.5.self_attn.q_proj.weight": 0.049700748175382614, "model.layers.5.self_attn.k_proj.weight": 0.024561872705817223, "model.layers.5.self_attn.v_proj.weight": 0.024282803758978844, "model.layers.5.self_attn.o_proj.weight": 0.04887647554278374, "model.layers.5.mlp.gate_proj.weight": 0.09959325194358826, "model.layers.5.mlp.up_proj.weight": 0.0989658534526825, "model.layers.5.mlp.down_proj.weight": 0.09943811595439911, "model.layers.5.input_layernorm.weight": 0.0010522642405703664, "model.layers.5.post_attention_layernorm.weight": 0.001080986694432795, "model.layers.6.self_attn.q_proj.weight": 0.04972337558865547, "model.layers.6.self_attn.k_proj.weight": 0.02455398254096508, "model.layers.6.self_attn.v_proj.weight": 0.024098312482237816, "model.layers.6.self_attn.o_proj.weight": 0.04905575513839722, "model.layers.6.mlp.gate_proj.weight": 0.10055769979953766, "model.layers.6.mlp.up_proj.weight": 0.09996268898248672, "model.layers.6.mlp.down_proj.weight": 0.10074305534362793, "model.layers.6.input_layernorm.weight": 0.001053488813340664, "model.layers.6.post_attention_layernorm.weight": 0.0011014977935701609, "model.layers.7.self_attn.q_proj.weight": 0.04990458860993385, "model.layers.7.self_attn.k_proj.weight": 0.02441704459488392, "model.layers.7.self_attn.v_proj.weight": 0.02392381615936756, "model.layers.7.self_attn.o_proj.weight": 0.04915424808859825, "model.layers.7.mlp.gate_proj.weight": 0.1023118644952774, "model.layers.7.mlp.up_proj.weight": 0.10110646486282349, "model.layers.7.mlp.down_proj.weight": 0.1020270362496376, "model.layers.7.input_layernorm.weight": 0.001028423081152141, "model.layers.7.post_attention_layernorm.weight": 0.0010965123074129224, "model.layers.8.self_attn.q_proj.weight": 0.05020047351717949, "model.layers.8.self_attn.k_proj.weight": 0.02487104944884777, "model.layers.8.self_attn.v_proj.weight": 0.024407537654042244, "model.layers.8.self_attn.o_proj.weight": 0.050121258944272995, "model.layers.8.mlp.gate_proj.weight": 0.10504768788814545, "model.layers.8.mlp.up_proj.weight": 0.10418461263179779, "model.layers.8.mlp.down_proj.weight": 0.10486225038766861, "model.layers.8.input_layernorm.weight": 0.0010470440611243248, "model.layers.8.post_attention_layernorm.weight": 0.001133335055783391, "model.layers.9.self_attn.q_proj.weight": 0.05258848890662193, "model.layers.9.self_attn.k_proj.weight": 0.025617577135562897, "model.layers.9.self_attn.v_proj.weight": 0.02521035261452198, "model.layers.9.self_attn.o_proj.weight": 0.0514163076877594, "model.layers.9.mlp.gate_proj.weight": 0.10696034878492355, "model.layers.9.mlp.up_proj.weight": 0.10688634216785431, "model.layers.9.mlp.down_proj.weight": 0.10690949857234955, "model.layers.9.input_layernorm.weight": 0.0010972123127430677, "model.layers.9.post_attention_layernorm.weight": 0.0011829340364784002, "model.layers.10.self_attn.q_proj.weight": 0.05176619067788124, "model.layers.10.self_attn.k_proj.weight": 0.026064004749059677, "model.layers.10.self_attn.v_proj.weight": 0.026047706604003906, "model.layers.10.self_attn.o_proj.weight": 0.05326123908162117, "model.layers.10.mlp.gate_proj.weight": 0.1060635894536972, "model.layers.10.mlp.up_proj.weight": 0.10685936361551285, "model.layers.10.mlp.down_proj.weight": 0.10670915991067886, "model.layers.10.input_layernorm.weight": 0.0011254934361204505, "model.layers.10.post_attention_layernorm.weight": 0.0011591515503823757, "model.layers.11.self_attn.q_proj.weight": 0.05317153036594391, "model.layers.11.self_attn.k_proj.weight": 0.0259684007614851, "model.layers.11.self_attn.v_proj.weight": 0.026428278535604477, "model.layers.11.self_attn.o_proj.weight": 0.053525932133197784, "model.layers.11.mlp.gate_proj.weight": 0.10607945173978806, "model.layers.11.mlp.up_proj.weight": 0.10838145762681961, "model.layers.11.mlp.down_proj.weight": 0.1078641340136528, "model.layers.11.input_layernorm.weight": 0.0011198240099474788, "model.layers.11.post_attention_layernorm.weight": 0.0011773928999900818, "model.layers.12.self_attn.q_proj.weight": 0.05358616262674332, "model.layers.12.self_attn.k_proj.weight": 0.025841863825917244, "model.layers.12.self_attn.v_proj.weight": 0.026662416756153107, "model.layers.12.self_attn.o_proj.weight": 0.054173149168491364, "model.layers.12.mlp.gate_proj.weight": 0.10719549655914307, "model.layers.12.mlp.up_proj.weight": 0.10810886323451996, "model.layers.12.mlp.down_proj.weight": 0.10830904543399811, "model.layers.12.input_layernorm.weight": 0.001161412801593542, "model.layers.12.post_attention_layernorm.weight": 0.0011976888636127114, "model.layers.13.self_attn.q_proj.weight": 0.052025698125362396, "model.layers.13.self_attn.k_proj.weight": 0.025791792199015617, "model.layers.13.self_attn.v_proj.weight": 0.02661840245127678, "model.layers.13.self_attn.o_proj.weight": 0.05398835614323616, "model.layers.13.mlp.gate_proj.weight": 0.10932084918022156, "model.layers.13.mlp.up_proj.weight": 0.10948050767183304, "model.layers.13.mlp.down_proj.weight": 0.10961510986089706,