{"total_norm": 7.023005485534668, "target_norm": 0.9509232044219971, "param2norm_diff": {"model.embed_tokens.weight": 0.16333626210689545, "model.layers.0.self_attn.q_proj.weight": 0.0447482205927372, "model.layers.0.self_attn.k_proj.weight": 0.022896595299243927, "model.layers.0.self_attn.v_proj.weight": 0.0227933581918478, "model.layers.0.self_attn.o_proj.weight": 0.045347459614276886, "model.layers.0.mlp.gate_proj.weight": 0.08981436491012573, "model.layers.0.mlp.up_proj.weight": 0.08979333937168121, "model.layers.0.mlp.down_proj.weight": 0.0895862877368927, "model.layers.0.input_layernorm.weight": 0.0009832053910940886, "model.layers.0.post_attention_layernorm.weight": 0.001012800494208932, "model.layers.1.self_attn.q_proj.weight": 0.042348332703113556, "model.layers.1.self_attn.k_proj.weight": 0.020816300064325333, "model.layers.1.self_attn.v_proj.weight": 0.022277334704995155, "model.layers.1.self_attn.o_proj.weight": 0.04505666345357895, "model.layers.1.mlp.gate_proj.weight": 0.08983926475048065, "model.layers.1.mlp.up_proj.weight": 0.09034742414951324, "model.layers.1.mlp.down_proj.weight": 0.08981216698884964, "model.layers.1.input_layernorm.weight": 0.0009902884485200047, "model.layers.1.post_attention_layernorm.weight": 0.0010058550396934152, "model.layers.2.self_attn.q_proj.weight": 0.04342848062515259, "model.layers.2.self_attn.k_proj.weight": 0.02236781269311905, "model.layers.2.self_attn.v_proj.weight": 0.022329900413751602, "model.layers.2.self_attn.o_proj.weight": 0.04524451121687889, "model.layers.2.mlp.gate_proj.weight": 0.09071769565343857, "model.layers.2.mlp.up_proj.weight": 0.09075723588466644, "model.layers.2.mlp.down_proj.weight": 0.09066375344991684, "model.layers.2.input_layernorm.weight": 0.000978930271230638, "model.layers.2.post_attention_layernorm.weight": 0.0009925838094204664, "model.layers.3.self_attn.q_proj.weight": 0.04349512979388237, "model.layers.3.self_attn.k_proj.weight": 0.0217170100659132, "model.layers.3.self_attn.v_proj.weight": 0.022971639409661293, "model.layers.3.self_attn.o_proj.weight": 0.04574844241142273, "model.layers.3.mlp.gate_proj.weight": 0.0908554270863533, "model.layers.3.mlp.up_proj.weight": 0.09094011038541794, "model.layers.3.mlp.down_proj.weight": 0.09122868627309799, "model.layers.3.input_layernorm.weight": 0.0009564940119162202, "model.layers.3.post_attention_layernorm.weight": 0.0010163196129724383, "model.layers.4.self_attn.q_proj.weight": 0.04437558352947235, "model.layers.4.self_attn.k_proj.weight": 0.021945126354694366, "model.layers.4.self_attn.v_proj.weight": 0.02247130498290062, "model.layers.4.self_attn.o_proj.weight": 0.045044783502817154, "model.layers.4.mlp.gate_proj.weight": 0.09127994626760483, "model.layers.4.mlp.up_proj.weight": 0.09107083827257156, "model.layers.4.mlp.down_proj.weight": 0.09130445122718811, "model.layers.4.input_layernorm.weight": 0.0009796763770282269, "model.layers.4.post_attention_layernorm.weight": 0.0009969444945454597, "model.layers.5.self_attn.q_proj.weight": 0.04390412196516991, "model.layers.5.self_attn.k_proj.weight": 0.021952491253614426, "model.layers.5.self_attn.v_proj.weight": 0.02175469510257244, "model.layers.5.self_attn.o_proj.weight": 0.044859517365694046, "model.layers.5.mlp.gate_proj.weight": 0.09111528098583221, "model.layers.5.mlp.up_proj.weight": 0.09057936072349548, "model.layers.5.mlp.down_proj.weight": 0.09085115045309067, "model.layers.5.input_layernorm.weight": 0.0009745849529281259, "model.layers.5.post_attention_layernorm.weight": 0.0009924042969942093, "model.layers.6.self_attn.q_proj.weight": 0.04388568922877312, "model.layers.6.self_attn.k_proj.weight": 0.022146422415971756, "model.layers.6.self_attn.v_proj.weight": 0.022026004269719124, "model.layers.6.self_attn.o_proj.weight": 0.044661425054073334, "model.layers.6.mlp.gate_proj.weight": 0.0906824916601181, "model.layers.6.mlp.up_proj.weight": 0.09010078758001328, "model.layers.6.mlp.down_proj.weight": 0.09080129861831665, "model.layers.6.input_layernorm.weight": 0.0009698340436443686, "model.layers.6.post_attention_layernorm.weight": 0.0009910962544381618, "model.layers.7.self_attn.q_proj.weight": 0.043596457690000534, "model.layers.7.self_attn.k_proj.weight": 0.02099873311817646, "model.layers.7.self_attn.v_proj.weight": 0.022015638649463654, "model.layers.7.self_attn.o_proj.weight": 0.04469270259141922, "model.layers.7.mlp.gate_proj.weight": 0.09174548834562302, "model.layers.7.mlp.up_proj.weight": 0.0907294899225235, "model.layers.7.mlp.down_proj.weight": 0.09142766147851944, "model.layers.7.input_layernorm.weight": 0.0009540646569803357, "model.layers.7.post_attention_layernorm.weight": 0.0009926373604685068, "model.layers.8.self_attn.q_proj.weight": 0.04437793046236038, "model.layers.8.self_attn.k_proj.weight": 0.021752189844846725, "model.layers.8.self_attn.v_proj.weight": 0.021627752110362053, "model.layers.8.self_attn.o_proj.weight": 0.044891174882650375, "model.layers.8.mlp.gate_proj.weight": 0.0940987840294838, "model.layers.8.mlp.up_proj.weight": 0.09337787330150604, "model.layers.8.mlp.down_proj.weight": 0.09466530382633209, "model.layers.8.input_layernorm.weight": 0.0009503656765446067, "model.layers.8.post_attention_layernorm.weight": 0.001006792183034122, "model.layers.9.self_attn.q_proj.weight": 0.04599084332585335, "model.layers.9.self_attn.k_proj.weight": 0.022708717733621597, "model.layers.9.self_attn.v_proj.weight": 0.02289632521569729, "model.layers.9.self_attn.o_proj.weight": 0.04692131280899048, "model.layers.9.mlp.gate_proj.weight": 0.09622123837471008, "model.layers.9.mlp.up_proj.weight": 0.09650525450706482, "model.layers.9.mlp.down_proj.weight": 0.09730459749698639, "model.layers.9.input_layernorm.weight": 0.0010125392582267523, "model.layers.9.post_attention_layernorm.weight": 0.0010560562368482351, "model.layers.10.self_attn.q_proj.weight": 0.04663875699043274, "model.layers.10.self_attn.k_proj.weight": 0.02315974235534668, "model.layers.10.self_attn.v_proj.weight": 0.02372368425130844, "model.layers.10.self_attn.o_proj.weight": 0.04845805838704109, "model.layers.10.mlp.gate_proj.weight": 0.09799116104841232, "model.layers.10.mlp.up_proj.weight": 0.09844572097063065, "model.layers.10.mlp.down_proj.weight": 0.09894692152738571, "model.layers.10.input_layernorm.weight": 0.0010541959200054407, "model.layers.10.post_attention_layernorm.weight": 0.001070639118552208, "model.layers.11.self_attn.q_proj.weight": 0.047161415219306946, "model.layers.11.self_attn.k_proj.weight": 0.022531703114509583, "model.layers.11.self_attn.v_proj.weight": 0.024007102474570274, "model.layers.11.self_attn.o_proj.weight": 0.04951222985982895, "model.layers.11.mlp.gate_proj.weight": 0.0999460443854332, "model.layers.11.mlp.up_proj.weight": 0.10073217749595642, "model.layers.11.mlp.down_proj.weight": 0.1009710282087326, "model.layers.11.input_layernorm.weight": 0.0010160919046029449, "model.layers.11.post_attention_layernorm.weight": 0.0010937893530353904, "model.layers.12.self_attn.q_proj.weight": 0.048563309013843536, "model.layers.12.self_attn.k_proj.weight": 0.02365138940513134, "model.layers.12.self_attn.v_proj.weight": 0.024435970932245255, "model.layers.12.self_attn.o_proj.weight": 0.04968328773975372, "model.layers.12.mlp.gate_proj.weight": 0.10076912492513657, "model.layers.12.mlp.up_proj.weight": 0.10090290755033493, "model.layers.12.mlp.down_proj.weight": 0.10118664056062698, "model.layers.12.input_layernorm.weight": 0.0010505563113838434, "model.layers.12.post_attention_layernorm.weight": 0.0011233030818402767, "model.layers.13.self_attn.q_proj.weight": 0.04809853434562683, "model.layers.13.self_attn.k_proj.weight": 0.02335113286972046, "model.layers.13.self_attn.v_proj.weight": 0.024622751399874687, "model.layers.13.self_attn.o_proj.weight": 0.049435392022132874, "model.layers.13.mlp.gate_proj.weight": 0.1025407686829567, "model.layers.13.mlp.up_proj.weight": 0.10273198783397675, "model.layers.13.mlp.down_proj.weight": 0.10288244485855103,