{"total_norm": 7.417214870452881, "target_norm": 0.9952538013458252, "param2norm_diff": {"model.embed_tokens.weight": 0.19777390360832214, "model.layers.0.self_attn.q_proj.weight": 0.04605228453874588, "model.layers.0.self_attn.k_proj.weight": 0.02314671128988266, "model.layers.0.self_attn.v_proj.weight": 0.02330123446881771, "model.layers.0.self_attn.o_proj.weight": 0.04632780700922012, "model.layers.0.mlp.gate_proj.weight": 0.09309063106775284, "model.layers.0.mlp.up_proj.weight": 0.09337180852890015, "model.layers.0.mlp.down_proj.weight": 0.093803271651268, "model.layers.0.input_layernorm.weight": 0.0010286617325618863, "model.layers.0.post_attention_layernorm.weight": 0.0010266825556755066, "model.layers.1.self_attn.q_proj.weight": 0.046768102794885635, "model.layers.1.self_attn.k_proj.weight": 0.023239051923155785, "model.layers.1.self_attn.v_proj.weight": 0.022948607802391052, "model.layers.1.self_attn.o_proj.weight": 0.046273160725831985, "model.layers.1.mlp.gate_proj.weight": 0.09381236881017685, "model.layers.1.mlp.up_proj.weight": 0.09348122775554657, "model.layers.1.mlp.down_proj.weight": 0.09379586577415466, "model.layers.1.input_layernorm.weight": 0.001004803110845387, "model.layers.1.post_attention_layernorm.weight": 0.0010183537378907204, "model.layers.2.self_attn.q_proj.weight": 0.04644222930073738, "model.layers.2.self_attn.k_proj.weight": 0.023227816447615623, "model.layers.2.self_attn.v_proj.weight": 0.023369256407022476, "model.layers.2.self_attn.o_proj.weight": 0.0466342568397522, "model.layers.2.mlp.gate_proj.weight": 0.09518484771251678, "model.layers.2.mlp.up_proj.weight": 0.09466318786144257, "model.layers.2.mlp.down_proj.weight": 0.094852514564991, "model.layers.2.input_layernorm.weight": 0.0009979878086596727, "model.layers.2.post_attention_layernorm.weight": 0.0010446120286360383, "model.layers.3.self_attn.q_proj.weight": 0.046659212559461594, "model.layers.3.self_attn.k_proj.weight": 0.02296774461865425, "model.layers.3.self_attn.v_proj.weight": 0.023468170315027237, "model.layers.3.self_attn.o_proj.weight": 0.04733864217996597, "model.layers.3.mlp.gate_proj.weight": 0.09606805443763733, "model.layers.3.mlp.up_proj.weight": 0.09538477659225464, "model.layers.3.mlp.down_proj.weight": 0.09554664045572281, "model.layers.3.input_layernorm.weight": 0.0010161958634853363, "model.layers.3.post_attention_layernorm.weight": 0.0010559262009337544, "model.layers.4.self_attn.q_proj.weight": 0.0460529625415802, "model.layers.4.self_attn.k_proj.weight": 0.023272806778550148, "model.layers.4.self_attn.v_proj.weight": 0.023786457255482674, "model.layers.4.self_attn.o_proj.weight": 0.04749731719493866, "model.layers.4.mlp.gate_proj.weight": 0.09616977721452713, "model.layers.4.mlp.up_proj.weight": 0.09546315670013428, "model.layers.4.mlp.down_proj.weight": 0.09563838690519333, "model.layers.4.input_layernorm.weight": 0.0010462127393111587, "model.layers.4.post_attention_layernorm.weight": 0.0010628532618284225, "model.layers.5.self_attn.q_proj.weight": 0.047632455825805664, "model.layers.5.self_attn.k_proj.weight": 0.0233507938683033, "model.layers.5.self_attn.v_proj.weight": 0.0236198753118515, "model.layers.5.self_attn.o_proj.weight": 0.047367870807647705, "model.layers.5.mlp.gate_proj.weight": 0.09683404862880707, "model.layers.5.mlp.up_proj.weight": 0.09636714309453964, "model.layers.5.mlp.down_proj.weight": 0.09632474929094315, "model.layers.5.input_layernorm.weight": 0.001024835160933435, "model.layers.5.post_attention_layernorm.weight": 0.0010551012819632888, "model.layers.6.self_attn.q_proj.weight": 0.04827095940709114, "model.layers.6.self_attn.k_proj.weight": 0.023688482120633125, "model.layers.6.self_attn.v_proj.weight": 0.023740487173199654, "model.layers.6.self_attn.o_proj.weight": 0.04773624613881111, "model.layers.6.mlp.gate_proj.weight": 0.09734848141670227, "model.layers.6.mlp.up_proj.weight": 0.09679359942674637, "model.layers.6.mlp.down_proj.weight": 0.09722573310136795, "model.layers.6.input_layernorm.weight": 0.001062170253135264, "model.layers.6.post_attention_layernorm.weight": 0.0010574022307991982, "model.layers.7.self_attn.q_proj.weight": 0.04732292890548706, "model.layers.7.self_attn.k_proj.weight": 0.023190254345536232, "model.layers.7.self_attn.v_proj.weight": 0.023681577295064926, "model.layers.7.self_attn.o_proj.weight": 0.04772022366523743, "model.layers.7.mlp.gate_proj.weight": 0.09886625409126282, "model.layers.7.mlp.up_proj.weight": 0.0981067568063736, "model.layers.7.mlp.down_proj.weight": 0.09788963198661804, "model.layers.7.input_layernorm.weight": 0.0010210322216153145, "model.layers.7.post_attention_layernorm.weight": 0.0010751252993941307, "model.layers.8.self_attn.q_proj.weight": 0.049241941422224045, "model.layers.8.self_attn.k_proj.weight": 0.023977484554052353, "model.layers.8.self_attn.v_proj.weight": 0.023555483669042587, "model.layers.8.self_attn.o_proj.weight": 0.048025935888290405, "model.layers.8.mlp.gate_proj.weight": 0.10005010664463043, "model.layers.8.mlp.up_proj.weight": 0.09903436154127121, "model.layers.8.mlp.down_proj.weight": 0.09957443922758102, "model.layers.8.input_layernorm.weight": 0.0010377513244748116, "model.layers.8.post_attention_layernorm.weight": 0.0010842003393918276, "model.layers.9.self_attn.q_proj.weight": 0.04944614693522453, "model.layers.9.self_attn.k_proj.weight": 0.02420234866440296, "model.layers.9.self_attn.v_proj.weight": 0.02456444501876831, "model.layers.9.self_attn.o_proj.weight": 0.050080329179763794, "model.layers.9.mlp.gate_proj.weight": 0.10150901228189468, "model.layers.9.mlp.up_proj.weight": 0.10084221512079239, "model.layers.9.mlp.down_proj.weight": 0.10143769532442093, "model.layers.9.input_layernorm.weight": 0.0010514546884223819, "model.layers.9.post_attention_layernorm.weight": 0.001099803252145648, "model.layers.10.self_attn.q_proj.weight": 0.051189959049224854, "model.layers.10.self_attn.k_proj.weight": 0.02496109902858734, "model.layers.10.self_attn.v_proj.weight": 0.025096217170357704, "model.layers.10.self_attn.o_proj.weight": 0.051110997796058655, "model.layers.10.mlp.gate_proj.weight": 0.10120001435279846, "model.layers.10.mlp.up_proj.weight": 0.10127544403076172, "model.layers.10.mlp.down_proj.weight": 0.10139216482639313, "model.layers.10.input_layernorm.weight": 0.0010647836606949568, "model.layers.10.post_attention_layernorm.weight": 0.0011004495900124311, "model.layers.11.self_attn.q_proj.weight": 0.051252640783786774, "model.layers.11.self_attn.k_proj.weight": 0.0250779427587986, "model.layers.11.self_attn.v_proj.weight": 0.025322262197732925, "model.layers.11.self_attn.o_proj.weight": 0.051833465695381165, "model.layers.11.mlp.gate_proj.weight": 0.10201022773981094, "model.layers.11.mlp.up_proj.weight": 0.10376191884279251, "model.layers.11.mlp.down_proj.weight": 0.10419749468564987, "model.layers.11.input_layernorm.weight": 0.0010635197395458817, "model.layers.11.post_attention_layernorm.weight": 0.0011065604630857706, "model.layers.12.self_attn.q_proj.weight": 0.0516434945166111, "model.layers.12.self_attn.k_proj.weight": 0.025445161387324333, "model.layers.12.self_attn.v_proj.weight": 0.025923948734998703, "model.layers.12.self_attn.o_proj.weight": 0.05250072851777077, "model.layers.12.mlp.gate_proj.weight": 0.10406676679849625, "model.layers.12.mlp.up_proj.weight": 0.10464894771575928, "model.layers.12.mlp.down_proj.weight": 0.10545524209737778, "model.layers.12.input_layernorm.weight": 0.0011394739849492908, "model.layers.12.post_attention_layernorm.weight": 0.0011285807704553008, "model.layers.13.self_attn.q_proj.weight": 0.05140243098139763, "model.layers.13.self_attn.k_proj.weight": 0.0255802683532238, "model.layers.13.self_attn.v_proj.weight": 0.026367278769612312, "model.layers.13.self_attn.o_proj.weight": 0.05291223153471947, "model.layers.13.mlp.gate_proj.weight": 0.10649287700653076, "model.layers.13.mlp.up_proj.weight": 0.10682229697704315, "model.layers.13.mlp.down_proj.weight": 0.1075921356678009,