{"total_norm": 7.5127339363098145, "target_norm": 0.980198860168457, "param2norm_diff": {"model.embed_tokens.weight": 0.19624954462051392, "model.layers.0.self_attn.q_proj.weight": 0.04619073122739792, "model.layers.0.self_attn.k_proj.weight": 0.023839635774493217, "model.layers.0.self_attn.v_proj.weight": 0.023029068484902382, "model.layers.0.self_attn.o_proj.weight": 0.046189650893211365, "model.layers.0.mlp.gate_proj.weight": 0.09161953628063202, "model.layers.0.mlp.up_proj.weight": 0.0914609357714653, "model.layers.0.mlp.down_proj.weight": 0.09134135395288467, "model.layers.0.input_layernorm.weight": 0.0009685663972049952, "model.layers.0.post_attention_layernorm.weight": 0.0010026107775047421, "model.layers.1.self_attn.q_proj.weight": 0.04635648801922798, "model.layers.1.self_attn.k_proj.weight": 0.022810503840446472, "model.layers.1.self_attn.v_proj.weight": 0.02353779971599579, "model.layers.1.self_attn.o_proj.weight": 0.04741213098168373, "model.layers.1.mlp.gate_proj.weight": 0.09180310368537903, "model.layers.1.mlp.up_proj.weight": 0.09128377586603165, "model.layers.1.mlp.down_proj.weight": 0.09172757714986801, "model.layers.1.input_layernorm.weight": 0.0009823566069826484, "model.layers.1.post_attention_layernorm.weight": 0.0009908998617902398, "model.layers.2.self_attn.q_proj.weight": 0.04770427197217941, "model.layers.2.self_attn.k_proj.weight": 0.023712361231446266, "model.layers.2.self_attn.v_proj.weight": 0.02359815314412117, "model.layers.2.self_attn.o_proj.weight": 0.04815679043531418, "model.layers.2.mlp.gate_proj.weight": 0.09344558417797089, "model.layers.2.mlp.up_proj.weight": 0.09309625625610352, "model.layers.2.mlp.down_proj.weight": 0.09408014267683029, "model.layers.2.input_layernorm.weight": 0.0010347571223974228, "model.layers.2.post_attention_layernorm.weight": 0.0010100636864081025, "model.layers.3.self_attn.q_proj.weight": 0.048705924302339554, "model.layers.3.self_attn.k_proj.weight": 0.023710666224360466, "model.layers.3.self_attn.v_proj.weight": 0.023785490542650223, "model.layers.3.self_attn.o_proj.weight": 0.04845579341053963, "model.layers.3.mlp.gate_proj.weight": 0.0961536392569542, "model.layers.3.mlp.up_proj.weight": 0.09603378176689148, "model.layers.3.mlp.down_proj.weight": 0.09648944437503815, "model.layers.3.input_layernorm.weight": 0.0010287658078595996, "model.layers.3.post_attention_layernorm.weight": 0.0010443442733958364, "model.layers.4.self_attn.q_proj.weight": 0.04944590851664543, "model.layers.4.self_attn.k_proj.weight": 0.024405911564826965, "model.layers.4.self_attn.v_proj.weight": 0.024242248386144638, "model.layers.4.self_attn.o_proj.weight": 0.048974666744470596, "model.layers.4.mlp.gate_proj.weight": 0.09689315408468246, "model.layers.4.mlp.up_proj.weight": 0.09703291207551956, "model.layers.4.mlp.down_proj.weight": 0.09735086560249329, "model.layers.4.input_layernorm.weight": 0.0010444937506690621, "model.layers.4.post_attention_layernorm.weight": 0.0010684295557439327, "model.layers.5.self_attn.q_proj.weight": 0.04842974618077278, "model.layers.5.self_attn.k_proj.weight": 0.0239717960357666, "model.layers.5.self_attn.v_proj.weight": 0.02366705797612667, "model.layers.5.self_attn.o_proj.weight": 0.049140382558107376, "model.layers.5.mlp.gate_proj.weight": 0.09730608016252518, "model.layers.5.mlp.up_proj.weight": 0.09716128557920456, "model.layers.5.mlp.down_proj.weight": 0.09782736748456955, "model.layers.5.input_layernorm.weight": 0.0010672047501429915, "model.layers.5.post_attention_layernorm.weight": 0.001086956588551402, "model.layers.6.self_attn.q_proj.weight": 0.047925230115652084, "model.layers.6.self_attn.k_proj.weight": 0.023796407505869865, "model.layers.6.self_attn.v_proj.weight": 0.024299250915646553, "model.layers.6.self_attn.o_proj.weight": 0.04903273656964302, "model.layers.6.mlp.gate_proj.weight": 0.0981813445687294, "model.layers.6.mlp.up_proj.weight": 0.09818459302186966, "model.layers.6.mlp.down_proj.weight": 0.09920667856931686, "model.layers.6.input_layernorm.weight": 0.0010806414065882564, "model.layers.6.post_attention_layernorm.weight": 0.0010801948374137282, "model.layers.7.self_attn.q_proj.weight": 0.048644497990608215, "model.layers.7.self_attn.k_proj.weight": 0.02387120947241783, "model.layers.7.self_attn.v_proj.weight": 0.023937910795211792, "model.layers.7.self_attn.o_proj.weight": 0.049786459654569626, "model.layers.7.mlp.gate_proj.weight": 0.10039708763360977, "model.layers.7.mlp.up_proj.weight": 0.10036856681108475, "model.layers.7.mlp.down_proj.weight": 0.10107148438692093, "model.layers.7.input_layernorm.weight": 0.0010349899530410767, "model.layers.7.post_attention_layernorm.weight": 0.0011023974511772394, "model.layers.8.self_attn.q_proj.weight": 0.04934774339199066, "model.layers.8.self_attn.k_proj.weight": 0.023960867896676064, "model.layers.8.self_attn.v_proj.weight": 0.02460322342813015, "model.layers.8.self_attn.o_proj.weight": 0.05056986212730408, "model.layers.8.mlp.gate_proj.weight": 0.10257581621408463, "model.layers.8.mlp.up_proj.weight": 0.10261021554470062, "model.layers.8.mlp.down_proj.weight": 0.10342226177453995, "model.layers.8.input_layernorm.weight": 0.001061607152223587, "model.layers.8.post_attention_layernorm.weight": 0.0011279862374067307, "model.layers.9.self_attn.q_proj.weight": 0.050771940499544144, "model.layers.9.self_attn.k_proj.weight": 0.02533704973757267, "model.layers.9.self_attn.v_proj.weight": 0.025626802816987038, "model.layers.9.self_attn.o_proj.weight": 0.05241680517792702, "model.layers.9.mlp.gate_proj.weight": 0.10546005517244339, "model.layers.9.mlp.up_proj.weight": 0.10528809577226639, "model.layers.9.mlp.down_proj.weight": 0.10641343891620636, "model.layers.9.input_layernorm.weight": 0.0010869005927816033, "model.layers.9.post_attention_layernorm.weight": 0.0011521552223712206, "model.layers.10.self_attn.q_proj.weight": 0.0527181513607502, "model.layers.10.self_attn.k_proj.weight": 0.02588178776204586, "model.layers.10.self_attn.v_proj.weight": 0.026253022253513336, "model.layers.10.self_attn.o_proj.weight": 0.053373780101537704, "model.layers.10.mlp.gate_proj.weight": 0.10599398612976074, "model.layers.10.mlp.up_proj.weight": 0.10659132897853851, "model.layers.10.mlp.down_proj.weight": 0.10727298259735107, "model.layers.10.input_layernorm.weight": 0.001115538994781673, "model.layers.10.post_attention_layernorm.weight": 0.0011709198588505387, "model.layers.11.self_attn.q_proj.weight": 0.052616093307733536, "model.layers.11.self_attn.k_proj.weight": 0.025905417278409004, "model.layers.11.self_attn.v_proj.weight": 0.026647256687283516, "model.layers.11.self_attn.o_proj.weight": 0.054220136255025864, "model.layers.11.mlp.gate_proj.weight": 0.10594452172517776, "model.layers.11.mlp.up_proj.weight": 0.10733173787593842, "model.layers.11.mlp.down_proj.weight": 0.10748554766178131, "model.layers.11.input_layernorm.weight": 0.0011280658654868603, "model.layers.11.post_attention_layernorm.weight": 0.0011736631859093904, "model.layers.12.self_attn.q_proj.weight": 0.053515102714300156, "model.layers.12.self_attn.k_proj.weight": 0.02661149762570858, "model.layers.12.self_attn.v_proj.weight": 0.026929812505841255, "model.layers.12.self_attn.o_proj.weight": 0.054142534732818604, "model.layers.12.mlp.gate_proj.weight": 0.10566063225269318, "model.layers.12.mlp.up_proj.weight": 0.10629180818796158, "model.layers.12.mlp.down_proj.weight": 0.10697843879461288, "model.layers.12.input_layernorm.weight": 0.0011940083932131529, "model.layers.12.post_attention_layernorm.weight": 0.0011596287367865443, "model.layers.13.self_attn.q_proj.weight": 0.0520888976752758, "model.layers.13.self_attn.k_proj.weight": 0.0264090895652771, "model.layers.13.self_attn.v_proj.weight": 0.02669404074549675, "model.layers.13.self_attn.o_proj.weight": 0.0538291335105896, "model.layers.13.mlp.gate_proj.weight": 0.10601379722356796, "model.layers.13.mlp.up_proj.weight": 0.1061667650938034, "model.layers.13.mlp.down_proj.weight": 0.10753721743822098,