{"total_norm": 6.987576484680176, "target_norm": 0.8979840278625488, "param2norm_diff": {"model.embed_tokens.weight": 0.17661897838115692, "model.layers.0.self_attn.q_proj.weight": 0.04367790371179581, "model.layers.0.self_attn.k_proj.weight": 0.02324753813445568, "model.layers.0.self_attn.v_proj.weight": 0.02298775501549244, "model.layers.0.self_attn.o_proj.weight": 0.04546460509300232, "model.layers.0.mlp.gate_proj.weight": 0.0904441848397255, "model.layers.0.mlp.up_proj.weight": 0.09057876467704773, "model.layers.0.mlp.down_proj.weight": 0.0905715674161911, "model.layers.0.input_layernorm.weight": 0.0010254603112116456, "model.layers.0.post_attention_layernorm.weight": 0.0010102078085765243, "model.layers.1.self_attn.q_proj.weight": 0.04462197422981262, "model.layers.1.self_attn.k_proj.weight": 0.02223309315741062, "model.layers.1.self_attn.v_proj.weight": 0.022534724324941635, "model.layers.1.self_attn.o_proj.weight": 0.0456903800368309, "model.layers.1.mlp.gate_proj.weight": 0.09093378484249115, "model.layers.1.mlp.up_proj.weight": 0.09112565964460373, "model.layers.1.mlp.down_proj.weight": 0.09156496822834015, "model.layers.1.input_layernorm.weight": 0.0009629130363464355, "model.layers.1.post_attention_layernorm.weight": 0.0010014779400080442, "model.layers.2.self_attn.q_proj.weight": 0.04616769030690193, "model.layers.2.self_attn.k_proj.weight": 0.023093586787581444, "model.layers.2.self_attn.v_proj.weight": 0.022618835791945457, "model.layers.2.self_attn.o_proj.weight": 0.045599304139614105, "model.layers.2.mlp.gate_proj.weight": 0.0916699469089508, "model.layers.2.mlp.up_proj.weight": 0.0916304886341095, "model.layers.2.mlp.down_proj.weight": 0.09162642806768417, "model.layers.2.input_layernorm.weight": 0.001018098322674632, "model.layers.2.post_attention_layernorm.weight": 0.0010075606405735016, "model.layers.3.self_attn.q_proj.weight": 0.04470975324511528, "model.layers.3.self_attn.k_proj.weight": 0.02191227488219738, "model.layers.3.self_attn.v_proj.weight": 0.022473594173789024, "model.layers.3.self_attn.o_proj.weight": 0.045570019632577896, "model.layers.3.mlp.gate_proj.weight": 0.09156320244073868, "model.layers.3.mlp.up_proj.weight": 0.0911979228258133, "model.layers.3.mlp.down_proj.weight": 0.09194736927747726, "model.layers.3.input_layernorm.weight": 0.0009680535295046866, "model.layers.3.post_attention_layernorm.weight": 0.0010157489450648427, "model.layers.4.self_attn.q_proj.weight": 0.04508000612258911, "model.layers.4.self_attn.k_proj.weight": 0.022330043837428093, "model.layers.4.self_attn.v_proj.weight": 0.022632524371147156, "model.layers.4.self_attn.o_proj.weight": 0.045209772884845734, "model.layers.4.mlp.gate_proj.weight": 0.09168589115142822, "model.layers.4.mlp.up_proj.weight": 0.09193930774927139, "model.layers.4.mlp.down_proj.weight": 0.0922945886850357, "model.layers.4.input_layernorm.weight": 0.0009869782952591777, "model.layers.4.post_attention_layernorm.weight": 0.0010038348846137524, "model.layers.5.self_attn.q_proj.weight": 0.04462441802024841, "model.layers.5.self_attn.k_proj.weight": 0.02247646637260914, "model.layers.5.self_attn.v_proj.weight": 0.022653082385659218, "model.layers.5.self_attn.o_proj.weight": 0.045456331223249435, "model.layers.5.mlp.gate_proj.weight": 0.09211822599172592, "model.layers.5.mlp.up_proj.weight": 0.09199940413236618, "model.layers.5.mlp.down_proj.weight": 0.09234106540679932, "model.layers.5.input_layernorm.weight": 0.0009868235792964697, "model.layers.5.post_attention_layernorm.weight": 0.0009939761366695166, "model.layers.6.self_attn.q_proj.weight": 0.04556907340884209, "model.layers.6.self_attn.k_proj.weight": 0.022312777116894722, "model.layers.6.self_attn.v_proj.weight": 0.022830039262771606, "model.layers.6.self_attn.o_proj.weight": 0.04589969292283058, "model.layers.6.mlp.gate_proj.weight": 0.09205857664346695, "model.layers.6.mlp.up_proj.weight": 0.09187508374452591, "model.layers.6.mlp.down_proj.weight": 0.09262864291667938, "model.layers.6.input_layernorm.weight": 0.001009375904686749, "model.layers.6.post_attention_layernorm.weight": 0.0010204175487160683, "model.layers.7.self_attn.q_proj.weight": 0.045916274189949036, "model.layers.7.self_attn.k_proj.weight": 0.022729020565748215, "model.layers.7.self_attn.v_proj.weight": 0.02264992520213127, "model.layers.7.self_attn.o_proj.weight": 0.04627028852701187, "model.layers.7.mlp.gate_proj.weight": 0.09349930286407471, "model.layers.7.mlp.up_proj.weight": 0.09307996928691864, "model.layers.7.mlp.down_proj.weight": 0.09358281642198563, "model.layers.7.input_layernorm.weight": 0.0009823681320995092, "model.layers.7.post_attention_layernorm.weight": 0.0010168146109208465, "model.layers.8.self_attn.q_proj.weight": 0.04648464173078537, "model.layers.8.self_attn.k_proj.weight": 0.02241084910929203, "model.layers.8.self_attn.v_proj.weight": 0.022923346608877182, "model.layers.8.self_attn.o_proj.weight": 0.04653452709317207, "model.layers.8.mlp.gate_proj.weight": 0.0948290154337883, "model.layers.8.mlp.up_proj.weight": 0.09402503818273544, "model.layers.8.mlp.down_proj.weight": 0.09485871344804764, "model.layers.8.input_layernorm.weight": 0.0010006687371060252, "model.layers.8.post_attention_layernorm.weight": 0.0010115395998582244, "model.layers.9.self_attn.q_proj.weight": 0.04772506654262543, "model.layers.9.self_attn.k_proj.weight": 0.023287475109100342, "model.layers.9.self_attn.v_proj.weight": 0.023403799161314964, "model.layers.9.self_attn.o_proj.weight": 0.04752051830291748, "model.layers.9.mlp.gate_proj.weight": 0.0961996391415596, "model.layers.9.mlp.up_proj.weight": 0.09508439153432846, "model.layers.9.mlp.down_proj.weight": 0.09601728618144989, "model.layers.9.input_layernorm.weight": 0.0009926457423716784, "model.layers.9.post_attention_layernorm.weight": 0.0010216963710263371, "model.layers.10.self_attn.q_proj.weight": 0.0487079992890358, "model.layers.10.self_attn.k_proj.weight": 0.023511556908488274, "model.layers.10.self_attn.v_proj.weight": 0.023906003683805466, "model.layers.10.self_attn.o_proj.weight": 0.04873228818178177, "model.layers.10.mlp.gate_proj.weight": 0.09673972427845001, "model.layers.10.mlp.up_proj.weight": 0.096199169754982, "model.layers.10.mlp.down_proj.weight": 0.09664689004421234, "model.layers.10.input_layernorm.weight": 0.001061114831827581, "model.layers.10.post_attention_layernorm.weight": 0.0010576366912573576, "model.layers.11.self_attn.q_proj.weight": 0.047971464693546295, "model.layers.11.self_attn.k_proj.weight": 0.02330975979566574, "model.layers.11.self_attn.v_proj.weight": 0.023456335067749023, "model.layers.11.self_attn.o_proj.weight": 0.04855461046099663, "model.layers.11.mlp.gate_proj.weight": 0.09584798663854599, "model.layers.11.mlp.up_proj.weight": 0.09578586369752884, "model.layers.11.mlp.down_proj.weight": 0.09601717442274094, "model.layers.11.input_layernorm.weight": 0.0010053485166281462, "model.layers.11.post_attention_layernorm.weight": 0.0010497759794816375, "model.layers.12.self_attn.q_proj.weight": 0.04773009568452835, "model.layers.12.self_attn.k_proj.weight": 0.023237092420458794, "model.layers.12.self_attn.v_proj.weight": 0.02373289130628109, "model.layers.12.self_attn.o_proj.weight": 0.04923058673739433, "model.layers.12.mlp.gate_proj.weight": 0.0957489162683487, "model.layers.12.mlp.up_proj.weight": 0.09571710973978043, "model.layers.12.mlp.down_proj.weight": 0.09571195393800735, "model.layers.12.input_layernorm.weight": 0.0010551994200795889, "model.layers.12.post_attention_layernorm.weight": 0.0010290606878697872, "model.layers.13.self_attn.q_proj.weight": 0.04838570952415466, "model.layers.13.self_attn.k_proj.weight": 0.023873796686530113, "model.layers.13.self_attn.v_proj.weight": 0.02370772883296013, "model.layers.13.self_attn.o_proj.weight": 0.048801079392433167, "model.layers.13.mlp.gate_proj.weight": 0.09673445671796799, "model.layers.13.mlp.up_proj.weight": 0.09657914191484451, "model.layers.13.mlp.down_proj.weight": 0.0974036157131195,