{"total_norm": 7.187772274017334, "target_norm": 0.9352075457572937, "param2norm_diff": {"model.embed_tokens.weight": 0.1492237150669098, "model.layers.0.self_attn.q_proj.weight": 0.04509144648909569, "model.layers.0.self_attn.k_proj.weight": 0.022650377824902534, "model.layers.0.self_attn.v_proj.weight": 0.0235399529337883, "model.layers.0.self_attn.o_proj.weight": 0.04677796736359596, "model.layers.0.mlp.gate_proj.weight": 0.09251318871974945, "model.layers.0.mlp.up_proj.weight": 0.09228993207216263, "model.layers.0.mlp.down_proj.weight": 0.09244630485773087, "model.layers.0.input_layernorm.weight": 0.0010020494228228927, "model.layers.0.post_attention_layernorm.weight": 0.0010285746539011598, "model.layers.1.self_attn.q_proj.weight": 0.047205910086631775, "model.layers.1.self_attn.k_proj.weight": 0.02367689087986946, "model.layers.1.self_attn.v_proj.weight": 0.02345624566078186, "model.layers.1.self_attn.o_proj.weight": 0.046891164034605026, "model.layers.1.mlp.gate_proj.weight": 0.09260164946317673, "model.layers.1.mlp.up_proj.weight": 0.0925622284412384, "model.layers.1.mlp.down_proj.weight": 0.09222086519002914, "model.layers.1.input_layernorm.weight": 0.001038290560245514, "model.layers.1.post_attention_layernorm.weight": 0.0010228944011032581, "model.layers.2.self_attn.q_proj.weight": 0.04757951200008392, "model.layers.2.self_attn.k_proj.weight": 0.023098142817616463, "model.layers.2.self_attn.v_proj.weight": 0.023090176284313202, "model.layers.2.self_attn.o_proj.weight": 0.046696074306964874, "model.layers.2.mlp.gate_proj.weight": 0.09250103682279587, "model.layers.2.mlp.up_proj.weight": 0.09225602447986603, "model.layers.2.mlp.down_proj.weight": 0.09296512603759766, "model.layers.2.input_layernorm.weight": 0.0010234267683699727, "model.layers.2.post_attention_layernorm.weight": 0.001009234692901373, "model.layers.3.self_attn.q_proj.weight": 0.04643470048904419, "model.layers.3.self_attn.k_proj.weight": 0.02265460230410099, "model.layers.3.self_attn.v_proj.weight": 0.023062504827976227, "model.layers.3.self_attn.o_proj.weight": 0.04680950939655304, "model.layers.3.mlp.gate_proj.weight": 0.0959739238023758, "model.layers.3.mlp.up_proj.weight": 0.0954860970377922, "model.layers.3.mlp.down_proj.weight": 0.0958518534898758, "model.layers.3.input_layernorm.weight": 0.0010329163633286953, "model.layers.3.post_attention_layernorm.weight": 0.001048188772983849, "model.layers.4.self_attn.q_proj.weight": 0.048356760293245316, "model.layers.4.self_attn.k_proj.weight": 0.024500129744410515, "model.layers.4.self_attn.v_proj.weight": 0.02371884509921074, "model.layers.4.self_attn.o_proj.weight": 0.04743867740035057, "model.layers.4.mlp.gate_proj.weight": 0.09649791568517685, "model.layers.4.mlp.up_proj.weight": 0.09594989567995071, "model.layers.4.mlp.down_proj.weight": 0.09621284157037735, "model.layers.4.input_layernorm.weight": 0.0010693202493712306, "model.layers.4.post_attention_layernorm.weight": 0.0010669776238501072, "model.layers.5.self_attn.q_proj.weight": 0.04662352055311203, "model.layers.5.self_attn.k_proj.weight": 0.02318251132965088, "model.layers.5.self_attn.v_proj.weight": 0.02378387562930584, "model.layers.5.self_attn.o_proj.weight": 0.04751363769173622, "model.layers.5.mlp.gate_proj.weight": 0.09698351472616196, "model.layers.5.mlp.up_proj.weight": 0.09598053246736526, "model.layers.5.mlp.down_proj.weight": 0.09618859738111496, "model.layers.5.input_layernorm.weight": 0.0010205535218119621, "model.layers.5.post_attention_layernorm.weight": 0.0010539292125031352, "model.layers.6.self_attn.q_proj.weight": 0.04811221733689308, "model.layers.6.self_attn.k_proj.weight": 0.023191621527075768, "model.layers.6.self_attn.v_proj.weight": 0.023732252418994904, "model.layers.6.self_attn.o_proj.weight": 0.048141077160835266, "model.layers.6.mlp.gate_proj.weight": 0.09653572738170624, "model.layers.6.mlp.up_proj.weight": 0.09577341377735138, "model.layers.6.mlp.down_proj.weight": 0.09628241509199142, "model.layers.6.input_layernorm.weight": 0.0010604984126985073, "model.layers.6.post_attention_layernorm.weight": 0.0010551568120718002, "model.layers.7.self_attn.q_proj.weight": 0.04722430557012558, "model.layers.7.self_attn.k_proj.weight": 0.023615436628460884, "model.layers.7.self_attn.v_proj.weight": 0.023906582966446877, "model.layers.7.self_attn.o_proj.weight": 0.04804858937859535, "model.layers.7.mlp.gate_proj.weight": 0.0967002734541893, "model.layers.7.mlp.up_proj.weight": 0.0958123728632927, "model.layers.7.mlp.down_proj.weight": 0.09643547236919403, "model.layers.7.input_layernorm.weight": 0.0010596109787002206, "model.layers.7.post_attention_layernorm.weight": 0.0010743520688265562, "model.layers.8.self_attn.q_proj.weight": 0.04846073314547539, "model.layers.8.self_attn.k_proj.weight": 0.02362029068171978, "model.layers.8.self_attn.v_proj.weight": 0.023699255660176277, "model.layers.8.self_attn.o_proj.weight": 0.04822950437664986, "model.layers.8.mlp.gate_proj.weight": 0.09727074950933456, "model.layers.8.mlp.up_proj.weight": 0.09552576392889023, "model.layers.8.mlp.down_proj.weight": 0.09655240923166275, "model.layers.8.input_layernorm.weight": 0.0010446453234180808, "model.layers.8.post_attention_layernorm.weight": 0.0010324394097551703, "model.layers.9.self_attn.q_proj.weight": 0.04780716076493263, "model.layers.9.self_attn.k_proj.weight": 0.023419402539730072, "model.layers.9.self_attn.v_proj.weight": 0.02396783046424389, "model.layers.9.self_attn.o_proj.weight": 0.04896771162748337, "model.layers.9.mlp.gate_proj.weight": 0.0988210067152977, "model.layers.9.mlp.up_proj.weight": 0.0973336324095726, "model.layers.9.mlp.down_proj.weight": 0.09838268160820007, "model.layers.9.input_layernorm.weight": 0.0010020387126132846, "model.layers.9.post_attention_layernorm.weight": 0.0010592998005449772, "model.layers.10.self_attn.q_proj.weight": 0.04954855516552925, "model.layers.10.self_attn.k_proj.weight": 0.025022374466061592, "model.layers.10.self_attn.v_proj.weight": 0.024157434701919556, "model.layers.10.self_attn.o_proj.weight": 0.04951116815209389, "model.layers.10.mlp.gate_proj.weight": 0.09809237718582153, "model.layers.10.mlp.up_proj.weight": 0.09786821901798248, "model.layers.10.mlp.down_proj.weight": 0.09830285608768463, "model.layers.10.input_layernorm.weight": 0.0010597611544653773, "model.layers.10.post_attention_layernorm.weight": 0.0010584862902760506, "model.layers.11.self_attn.q_proj.weight": 0.04962125048041344, "model.layers.11.self_attn.k_proj.weight": 0.024292675778269768, "model.layers.11.self_attn.v_proj.weight": 0.02473221719264984, "model.layers.11.self_attn.o_proj.weight": 0.05030827224254608, "model.layers.11.mlp.gate_proj.weight": 0.09870875626802444, "model.layers.11.mlp.up_proj.weight": 0.09890185296535492, "model.layers.11.mlp.down_proj.weight": 0.09906292706727982, "model.layers.11.input_layernorm.weight": 0.001027056248858571, "model.layers.11.post_attention_layernorm.weight": 0.0010809286031872034, "model.layers.12.self_attn.q_proj.weight": 0.04953385889530182, "model.layers.12.self_attn.k_proj.weight": 0.024199621751904488, "model.layers.12.self_attn.v_proj.weight": 0.02503340132534504, "model.layers.12.self_attn.o_proj.weight": 0.050895486027002335, "model.layers.12.mlp.gate_proj.weight": 0.09915300458669662, "model.layers.12.mlp.up_proj.weight": 0.09916011989116669, "model.layers.12.mlp.down_proj.weight": 0.09957858175039291, "model.layers.12.input_layernorm.weight": 0.0010954542085528374, "model.layers.12.post_attention_layernorm.weight": 0.0010930856224149466, "model.layers.13.self_attn.q_proj.weight": 0.05007012560963631, "model.layers.13.self_attn.k_proj.weight": 0.024603314697742462, "model.layers.13.self_attn.v_proj.weight": 0.025213267654180527, "model.layers.13.self_attn.o_proj.weight": 0.05034086853265762, "model.layers.13.mlp.gate_proj.weight": 0.10053776204586029, "model.layers.13.mlp.up_proj.weight": 0.10061511397361755, "model.layers.13.mlp.down_proj.weight": 0.1011318638920784,