{"total_norm": 7.143345355987549, "target_norm": 0.9380114078521729, "param2norm_diff": {"model.embed_tokens.weight": 0.1825518012046814, "model.layers.0.self_attn.q_proj.weight": 0.0466805100440979, "model.layers.0.self_attn.k_proj.weight": 0.023398172110319138, "model.layers.0.self_attn.v_proj.weight": 0.022750956937670708, "model.layers.0.self_attn.o_proj.weight": 0.045149218291044235, "model.layers.0.mlp.gate_proj.weight": 0.09020698815584183, "model.layers.0.mlp.up_proj.weight": 0.09038729965686798, "model.layers.0.mlp.down_proj.weight": 0.0906173512339592, "model.layers.0.input_layernorm.weight": 0.0009926921920850873, "model.layers.0.post_attention_layernorm.weight": 0.001001042197458446, "model.layers.1.self_attn.q_proj.weight": 0.043934471905231476, "model.layers.1.self_attn.k_proj.weight": 0.023392707109451294, "model.layers.1.self_attn.v_proj.weight": 0.022332485765218735, "model.layers.1.self_attn.o_proj.weight": 0.04479693993926048, "model.layers.1.mlp.gate_proj.weight": 0.08993404358625412, "model.layers.1.mlp.up_proj.weight": 0.08965259045362473, "model.layers.1.mlp.down_proj.weight": 0.08993136137723923, "model.layers.1.input_layernorm.weight": 0.0009946973295882344, "model.layers.1.post_attention_layernorm.weight": 0.0009884838946163654, "model.layers.2.self_attn.q_proj.weight": 0.04337940737605095, "model.layers.2.self_attn.k_proj.weight": 0.02176019921898842, "model.layers.2.self_attn.v_proj.weight": 0.022022243589162827, "model.layers.2.self_attn.o_proj.weight": 0.04457918554544449, "model.layers.2.mlp.gate_proj.weight": 0.08979162573814392, "model.layers.2.mlp.up_proj.weight": 0.08926642686128616, "model.layers.2.mlp.down_proj.weight": 0.0896012932062149, "model.layers.2.input_layernorm.weight": 0.000982147641479969, "model.layers.2.post_attention_layernorm.weight": 0.0009902265155687928, "model.layers.3.self_attn.q_proj.weight": 0.04493338614702225, "model.layers.3.self_attn.k_proj.weight": 0.02231472358107567, "model.layers.3.self_attn.v_proj.weight": 0.022639626637101173, "model.layers.3.self_attn.o_proj.weight": 0.045134562999010086, "model.layers.3.mlp.gate_proj.weight": 0.08911731094121933, "model.layers.3.mlp.up_proj.weight": 0.088609479367733, "model.layers.3.mlp.down_proj.weight": 0.08941540867090225, "model.layers.3.input_layernorm.weight": 0.0009830628987401724, "model.layers.3.post_attention_layernorm.weight": 0.0009853291558101773, "model.layers.4.self_attn.q_proj.weight": 0.04459713026881218, "model.layers.4.self_attn.k_proj.weight": 0.021701034158468246, "model.layers.4.self_attn.v_proj.weight": 0.02210146375000477, "model.layers.4.self_attn.o_proj.weight": 0.04454683139920235, "model.layers.4.mlp.gate_proj.weight": 0.09003466367721558, "model.layers.4.mlp.up_proj.weight": 0.09011666476726532, "model.layers.4.mlp.down_proj.weight": 0.09139612317085266, "model.layers.4.input_layernorm.weight": 0.0009666054975241423, "model.layers.4.post_attention_layernorm.weight": 0.00097878638189286, "model.layers.5.self_attn.q_proj.weight": 0.04629598185420036, "model.layers.5.self_attn.k_proj.weight": 0.02282455563545227, "model.layers.5.self_attn.v_proj.weight": 0.02260569855570793, "model.layers.5.self_attn.o_proj.weight": 0.04600508138537407, "model.layers.5.mlp.gate_proj.weight": 0.09217124432325363, "model.layers.5.mlp.up_proj.weight": 0.09250752627849579, "model.layers.5.mlp.down_proj.weight": 0.09334751218557358, "model.layers.5.input_layernorm.weight": 0.0009734160848893225, "model.layers.5.post_attention_layernorm.weight": 0.0009967401856556535, "model.layers.6.self_attn.q_proj.weight": 0.046990349888801575, "model.layers.6.self_attn.k_proj.weight": 0.023126501590013504, "model.layers.6.self_attn.v_proj.weight": 0.023132678121328354, "model.layers.6.self_attn.o_proj.weight": 0.04673761874437332, "model.layers.6.mlp.gate_proj.weight": 0.09382935613393784, "model.layers.6.mlp.up_proj.weight": 0.0940946489572525, "model.layers.6.mlp.down_proj.weight": 0.09507181495428085, "model.layers.6.input_layernorm.weight": 0.0009900227887555957, "model.layers.6.post_attention_layernorm.weight": 0.0010229721665382385, "model.layers.7.self_attn.q_proj.weight": 0.04610537365078926, "model.layers.7.self_attn.k_proj.weight": 0.02299458719789982, "model.layers.7.self_attn.v_proj.weight": 0.023534948006272316, "model.layers.7.self_attn.o_proj.weight": 0.04750365763902664, "model.layers.7.mlp.gate_proj.weight": 0.09546899795532227, "model.layers.7.mlp.up_proj.weight": 0.09588615596294403, "model.layers.7.mlp.down_proj.weight": 0.09638070315122604, "model.layers.7.input_layernorm.weight": 0.001001951633952558, "model.layers.7.post_attention_layernorm.weight": 0.001039285329170525, "model.layers.8.self_attn.q_proj.weight": 0.04770014435052872, "model.layers.8.self_attn.k_proj.weight": 0.02336960844695568, "model.layers.8.self_attn.v_proj.weight": 0.023608965799212456, "model.layers.8.self_attn.o_proj.weight": 0.04816264659166336, "model.layers.8.mlp.gate_proj.weight": 0.09738656878471375, "model.layers.8.mlp.up_proj.weight": 0.09781137853860855, "model.layers.8.mlp.down_proj.weight": 0.09840106964111328, "model.layers.8.input_layernorm.weight": 0.0010223423596471548, "model.layers.8.post_attention_layernorm.weight": 0.0010524538811296225, "model.layers.9.self_attn.q_proj.weight": 0.04905223101377487, "model.layers.9.self_attn.k_proj.weight": 0.023575330153107643, "model.layers.9.self_attn.v_proj.weight": 0.024164840579032898, "model.layers.9.self_attn.o_proj.weight": 0.04904840514063835, "model.layers.9.mlp.gate_proj.weight": 0.09908789396286011, "model.layers.9.mlp.up_proj.weight": 0.09995151311159134, "model.layers.9.mlp.down_proj.weight": 0.10043660551309586, "model.layers.9.input_layernorm.weight": 0.001031805295497179, "model.layers.9.post_attention_layernorm.weight": 0.0010968372225761414, "model.layers.10.self_attn.q_proj.weight": 0.049957290291786194, "model.layers.10.self_attn.k_proj.weight": 0.024446478113532066, "model.layers.10.self_attn.v_proj.weight": 0.024794885888695717, "model.layers.10.self_attn.o_proj.weight": 0.05014939606189728, "model.layers.10.mlp.gate_proj.weight": 0.09981890767812729, "model.layers.10.mlp.up_proj.weight": 0.10057999938726425, "model.layers.10.mlp.down_proj.weight": 0.10096210241317749, "model.layers.10.input_layernorm.weight": 0.0011039741802960634, "model.layers.10.post_attention_layernorm.weight": 0.0010905376402661204, "model.layers.11.self_attn.q_proj.weight": 0.04914161190390587, "model.layers.11.self_attn.k_proj.weight": 0.02396370656788349, "model.layers.11.self_attn.v_proj.weight": 0.025228876620531082, "model.layers.11.self_attn.o_proj.weight": 0.05133228003978729, "model.layers.11.mlp.gate_proj.weight": 0.10052481293678284, "model.layers.11.mlp.up_proj.weight": 0.10104639828205109, "model.layers.11.mlp.down_proj.weight": 0.10164393484592438, "model.layers.11.input_layernorm.weight": 0.0010710718343034387, "model.layers.11.post_attention_layernorm.weight": 0.0011032053735107183, "model.layers.12.self_attn.q_proj.weight": 0.05087130516767502, "model.layers.12.self_attn.k_proj.weight": 0.025340493768453598, "model.layers.12.self_attn.v_proj.weight": 0.025236058980226517, "model.layers.12.self_attn.o_proj.weight": 0.05110500752925873, "model.layers.12.mlp.gate_proj.weight": 0.10047310590744019, "model.layers.12.mlp.up_proj.weight": 0.10070458799600601, "model.layers.12.mlp.down_proj.weight": 0.10122416913509369, "model.layers.12.input_layernorm.weight": 0.0011361815268173814, "model.layers.12.post_attention_layernorm.weight": 0.0011061923578381538, "model.layers.13.self_attn.q_proj.weight": 0.04932272061705589, "model.layers.13.self_attn.k_proj.weight": 0.02545466460287571, "model.layers.13.self_attn.v_proj.weight": 0.025168007239699364, "model.layers.13.self_attn.o_proj.weight": 0.05076054856181145, "model.layers.13.mlp.gate_proj.weight": 0.10169069468975067, "model.layers.13.mlp.up_proj.weight": 0.10187039524316788, "model.layers.13.mlp.down_proj.weight": 0.10266102850437164,