{"total_norm": 7.694637775421143, "target_norm": 1.0074154138565063, "param2norm_diff": {"model.embed_tokens.weight": 0.197121262550354, "model.layers.0.self_attn.q_proj.weight": 0.04731190577149391, "model.layers.0.self_attn.k_proj.weight": 0.024379517883062363, "model.layers.0.self_attn.v_proj.weight": 0.02394612319767475, "model.layers.0.self_attn.o_proj.weight": 0.047942329198122025, "model.layers.0.mlp.gate_proj.weight": 0.09608417004346848, "model.layers.0.mlp.up_proj.weight": 0.09594602137804031, "model.layers.0.mlp.down_proj.weight": 0.09621306508779526, "model.layers.0.input_layernorm.weight": 0.0010731900110840797, "model.layers.0.post_attention_layernorm.weight": 0.0010411202674731612, "model.layers.1.self_attn.q_proj.weight": 0.04820868372917175, "model.layers.1.self_attn.k_proj.weight": 0.023777341470122337, "model.layers.1.self_attn.v_proj.weight": 0.023778147995471954, "model.layers.1.self_attn.o_proj.weight": 0.04778866842389107, "model.layers.1.mlp.gate_proj.weight": 0.09627469629049301, "model.layers.1.mlp.up_proj.weight": 0.09631052613258362, "model.layers.1.mlp.down_proj.weight": 0.09681721776723862, "model.layers.1.input_layernorm.weight": 0.0010524103417992592, "model.layers.1.post_attention_layernorm.weight": 0.0010610063327476382, "model.layers.2.self_attn.q_proj.weight": 0.04830368235707283, "model.layers.2.self_attn.k_proj.weight": 0.023988693952560425, "model.layers.2.self_attn.v_proj.weight": 0.023690974339842796, "model.layers.2.self_attn.o_proj.weight": 0.04813458397984505, "model.layers.2.mlp.gate_proj.weight": 0.09663178771734238, "model.layers.2.mlp.up_proj.weight": 0.09637290984392166, "model.layers.2.mlp.down_proj.weight": 0.0971297025680542, "model.layers.2.input_layernorm.weight": 0.0010334938997402787, "model.layers.2.post_attention_layernorm.weight": 0.0010699297999963164, "model.layers.3.self_attn.q_proj.weight": 0.048526979982852936, "model.layers.3.self_attn.k_proj.weight": 0.023439576849341393, "model.layers.3.self_attn.v_proj.weight": 0.02371951937675476, "model.layers.3.self_attn.o_proj.weight": 0.04790046066045761, "model.layers.3.mlp.gate_proj.weight": 0.09814891964197159, "model.layers.3.mlp.up_proj.weight": 0.09770198911428452, "model.layers.3.mlp.down_proj.weight": 0.0982166975736618, "model.layers.3.input_layernorm.weight": 0.001015277812257409, "model.layers.3.post_attention_layernorm.weight": 0.0010646707378327847, "model.layers.4.self_attn.q_proj.weight": 0.04813819006085396, "model.layers.4.self_attn.k_proj.weight": 0.024011969566345215, "model.layers.4.self_attn.v_proj.weight": 0.02392440475523472, "model.layers.4.self_attn.o_proj.weight": 0.04781975597143173, "model.layers.4.mlp.gate_proj.weight": 0.09909162670373917, "model.layers.4.mlp.up_proj.weight": 0.09869323670864105, "model.layers.4.mlp.down_proj.weight": 0.09911912679672241, "model.layers.4.input_layernorm.weight": 0.0010477921459823847, "model.layers.4.post_attention_layernorm.weight": 0.0010699740378186107, "model.layers.5.self_attn.q_proj.weight": 0.04927481338381767, "model.layers.5.self_attn.k_proj.weight": 0.025015752762556076, "model.layers.5.self_attn.v_proj.weight": 0.02473650872707367, "model.layers.5.self_attn.o_proj.weight": 0.04875393956899643, "model.layers.5.mlp.gate_proj.weight": 0.09984134137630463, "model.layers.5.mlp.up_proj.weight": 0.09995013475418091, "model.layers.5.mlp.down_proj.weight": 0.10039860755205154, "model.layers.5.input_layernorm.weight": 0.001092557329684496, "model.layers.5.post_attention_layernorm.weight": 0.0010913183214142919, "model.layers.6.self_attn.q_proj.weight": 0.05052680894732475, "model.layers.6.self_attn.k_proj.weight": 0.025002727285027504, "model.layers.6.self_attn.v_proj.weight": 0.024621296674013138, "model.layers.6.self_attn.o_proj.weight": 0.0495058037340641, "model.layers.6.mlp.gate_proj.weight": 0.10129977762699127, "model.layers.6.mlp.up_proj.weight": 0.10107623785734177, "model.layers.6.mlp.down_proj.weight": 0.1018209159374237, "model.layers.6.input_layernorm.weight": 0.001069640158675611, "model.layers.6.post_attention_layernorm.weight": 0.0011157568078488111, "model.layers.7.self_attn.q_proj.weight": 0.05023285001516342, "model.layers.7.self_attn.k_proj.weight": 0.024752933531999588, "model.layers.7.self_attn.v_proj.weight": 0.02475425787270069, "model.layers.7.self_attn.o_proj.weight": 0.049723632633686066, "model.layers.7.mlp.gate_proj.weight": 0.10333994030952454, "model.layers.7.mlp.up_proj.weight": 0.10305629670619965, "model.layers.7.mlp.down_proj.weight": 0.10319259762763977, "model.layers.7.input_layernorm.weight": 0.0010880065383389592, "model.layers.7.post_attention_layernorm.weight": 0.0011449054582044482, "model.layers.8.self_attn.q_proj.weight": 0.051010604947805405, "model.layers.8.self_attn.k_proj.weight": 0.025062741711735725, "model.layers.8.self_attn.v_proj.weight": 0.024905607104301453, "model.layers.8.self_attn.o_proj.weight": 0.05073893442749977, "model.layers.8.mlp.gate_proj.weight": 0.10564057528972626, "model.layers.8.mlp.up_proj.weight": 0.10433220863342285, "model.layers.8.mlp.down_proj.weight": 0.10492908954620361, "model.layers.8.input_layernorm.weight": 0.0011116948444396257, "model.layers.8.post_attention_layernorm.weight": 0.0011296686716377735, "model.layers.9.self_attn.q_proj.weight": 0.05283452942967415, "model.layers.9.self_attn.k_proj.weight": 0.02520322985947132, "model.layers.9.self_attn.v_proj.weight": 0.025429733097553253, "model.layers.9.self_attn.o_proj.weight": 0.05213383957743645, "model.layers.9.mlp.gate_proj.weight": 0.10827704519033432, "model.layers.9.mlp.up_proj.weight": 0.107448048889637, "model.layers.9.mlp.down_proj.weight": 0.10772679001092911, "model.layers.9.input_layernorm.weight": 0.0010752328671514988, "model.layers.9.post_attention_layernorm.weight": 0.0011769438860937953, "model.layers.10.self_attn.q_proj.weight": 0.054128654301166534, "model.layers.10.self_attn.k_proj.weight": 0.02645915560424328, "model.layers.10.self_attn.v_proj.weight": 0.026198256760835648, "model.layers.10.self_attn.o_proj.weight": 0.05380098149180412, "model.layers.10.mlp.gate_proj.weight": 0.1090146005153656, "model.layers.10.mlp.up_proj.weight": 0.10924239456653595, "model.layers.10.mlp.down_proj.weight": 0.10914740711450577, "model.layers.10.input_layernorm.weight": 0.001152143464423716, "model.layers.10.post_attention_layernorm.weight": 0.001194161013700068, "model.layers.11.self_attn.q_proj.weight": 0.05502411723136902, "model.layers.11.self_attn.k_proj.weight": 0.02696877531707287, "model.layers.11.self_attn.v_proj.weight": 0.026590116322040558, "model.layers.11.self_attn.o_proj.weight": 0.054587170481681824, "model.layers.11.mlp.gate_proj.weight": 0.10912130773067474, "model.layers.11.mlp.up_proj.weight": 0.11016504466533661, "model.layers.11.mlp.down_proj.weight": 0.10971234738826752, "model.layers.11.input_layernorm.weight": 0.0011726125376299024, "model.layers.11.post_attention_layernorm.weight": 0.0011948073515668511, "model.layers.12.self_attn.q_proj.weight": 0.054813411086797714, "model.layers.12.self_attn.k_proj.weight": 0.02693421207368374, "model.layers.12.self_attn.v_proj.weight": 0.027102887630462646, "model.layers.12.self_attn.o_proj.weight": 0.05537283420562744, "model.layers.12.mlp.gate_proj.weight": 0.10975386202335358, "model.layers.12.mlp.up_proj.weight": 0.10997691750526428, "model.layers.12.mlp.down_proj.weight": 0.1097978726029396, "model.layers.12.input_layernorm.weight": 0.0011773528531193733, "model.layers.12.post_attention_layernorm.weight": 0.0011906607542186975, "model.layers.13.self_attn.q_proj.weight": 0.054137978702783585, "model.layers.13.self_attn.k_proj.weight": 0.02689208835363388, "model.layers.13.self_attn.v_proj.weight": 0.027179602533578873, "model.layers.13.self_attn.o_proj.weight": 0.05476178228855133, "model.layers.13.mlp.gate_proj.weight": 0.11044128239154816, "model.layers.13.mlp.up_proj.weight": 0.11042038351297379, "model.layers.13.mlp.down_proj.weight": 0.1100631058216095,