{"total_norm": 7.220371246337891, "target_norm": 0.9811784625053406, "param2norm_diff": {"model.embed_tokens.weight": 0.16424690186977386, "model.layers.0.self_attn.q_proj.weight": 0.04537859559059143, "model.layers.0.self_attn.k_proj.weight": 0.02344602718949318, "model.layers.0.self_attn.v_proj.weight": 0.023218529298901558, "model.layers.0.self_attn.o_proj.weight": 0.04667777195572853, "model.layers.0.mlp.gate_proj.weight": 0.09270842373371124, "model.layers.0.mlp.up_proj.weight": 0.0928567498922348, "model.layers.0.mlp.down_proj.weight": 0.09317084401845932, "model.layers.0.input_layernorm.weight": 0.0010585230775177479, "model.layers.0.post_attention_layernorm.weight": 0.0010375389829277992, "model.layers.1.self_attn.q_proj.weight": 0.04635196551680565, "model.layers.1.self_attn.k_proj.weight": 0.022921662777662277, "model.layers.1.self_attn.v_proj.weight": 0.02302691526710987, "model.layers.1.self_attn.o_proj.weight": 0.04638901352882385, "model.layers.1.mlp.gate_proj.weight": 0.09281473606824875, "model.layers.1.mlp.up_proj.weight": 0.09287413954734802, "model.layers.1.mlp.down_proj.weight": 0.09335783123970032, "model.layers.1.input_layernorm.weight": 0.0010141649981960654, "model.layers.1.post_attention_layernorm.weight": 0.001017130445688963, "model.layers.2.self_attn.q_proj.weight": 0.04705069959163666, "model.layers.2.self_attn.k_proj.weight": 0.023149998858571053, "model.layers.2.self_attn.v_proj.weight": 0.023511139675974846, "model.layers.2.self_attn.o_proj.weight": 0.04725164920091629, "model.layers.2.mlp.gate_proj.weight": 0.09314851462841034, "model.layers.2.mlp.up_proj.weight": 0.09323619306087494, "model.layers.2.mlp.down_proj.weight": 0.09349874407052994, "model.layers.2.input_layernorm.weight": 0.0010246670572087169, "model.layers.2.post_attention_layernorm.weight": 0.0010331189259886742, "model.layers.3.self_attn.q_proj.weight": 0.046998608857393265, "model.layers.3.self_attn.k_proj.weight": 0.024003908038139343, "model.layers.3.self_attn.v_proj.weight": 0.023188410326838493, "model.layers.3.self_attn.o_proj.weight": 0.04657522216439247, "model.layers.3.mlp.gate_proj.weight": 0.09324818104505539, "model.layers.3.mlp.up_proj.weight": 0.09353744983673096, "model.layers.3.mlp.down_proj.weight": 0.0937655121088028, "model.layers.3.input_layernorm.weight": 0.0010367630748078227, "model.layers.3.post_attention_layernorm.weight": 0.0010307413758710027, "model.layers.4.self_attn.q_proj.weight": 0.04496659338474274, "model.layers.4.self_attn.k_proj.weight": 0.022582633420825005, "model.layers.4.self_attn.v_proj.weight": 0.023082777857780457, "model.layers.4.self_attn.o_proj.weight": 0.046088363975286484, "model.layers.4.mlp.gate_proj.weight": 0.09362611174583435, "model.layers.4.mlp.up_proj.weight": 0.09362483769655228, "model.layers.4.mlp.down_proj.weight": 0.09388162195682526, "model.layers.4.input_layernorm.weight": 0.0010134928161278367, "model.layers.4.post_attention_layernorm.weight": 0.0010317181004211307, "model.layers.5.self_attn.q_proj.weight": 0.04631738364696503, "model.layers.5.self_attn.k_proj.weight": 0.02287699468433857, "model.layers.5.self_attn.v_proj.weight": 0.023323900997638702, "model.layers.5.self_attn.o_proj.weight": 0.047417107969522476, "model.layers.5.mlp.gate_proj.weight": 0.09296383708715439, "model.layers.5.mlp.up_proj.weight": 0.09329717606306076, "model.layers.5.mlp.down_proj.weight": 0.09361755847930908, "model.layers.5.input_layernorm.weight": 0.0009863004088401794, "model.layers.5.post_attention_layernorm.weight": 0.0010081343352794647, "model.layers.6.self_attn.q_proj.weight": 0.04554397240281105, "model.layers.6.self_attn.k_proj.weight": 0.02268846333026886, "model.layers.6.self_attn.v_proj.weight": 0.023172233253717422, "model.layers.6.self_attn.o_proj.weight": 0.04721687734127045, "model.layers.6.mlp.gate_proj.weight": 0.09411144256591797, "model.layers.6.mlp.up_proj.weight": 0.09449126571416855, "model.layers.6.mlp.down_proj.weight": 0.09502432495355606, "model.layers.6.input_layernorm.weight": 0.0010037650354206562, "model.layers.6.post_attention_layernorm.weight": 0.0010115199256688356, "model.layers.7.self_attn.q_proj.weight": 0.04620104283094406, "model.layers.7.self_attn.k_proj.weight": 0.023381315171718597, "model.layers.7.self_attn.v_proj.weight": 0.023433923721313477, "model.layers.7.self_attn.o_proj.weight": 0.0475383959710598, "model.layers.7.mlp.gate_proj.weight": 0.09527868777513504, "model.layers.7.mlp.up_proj.weight": 0.09535092860460281, "model.layers.7.mlp.down_proj.weight": 0.09568976610898972, "model.layers.7.input_layernorm.weight": 0.0010056390892714262, "model.layers.7.post_attention_layernorm.weight": 0.0010316105326637626, "model.layers.8.self_attn.q_proj.weight": 0.04759051278233528, "model.layers.8.self_attn.k_proj.weight": 0.024037441238760948, "model.layers.8.self_attn.v_proj.weight": 0.023311663419008255, "model.layers.8.self_attn.o_proj.weight": 0.04825524985790253, "model.layers.8.mlp.gate_proj.weight": 0.09586425870656967, "model.layers.8.mlp.up_proj.weight": 0.09556479752063751, "model.layers.8.mlp.down_proj.weight": 0.096590057015419, "model.layers.8.input_layernorm.weight": 0.0010312515078112483, "model.layers.8.post_attention_layernorm.weight": 0.001064684591256082, "model.layers.9.self_attn.q_proj.weight": 0.04902923107147217, "model.layers.9.self_attn.k_proj.weight": 0.024436092004179955, "model.layers.9.self_attn.v_proj.weight": 0.02358524687588215, "model.layers.9.self_attn.o_proj.weight": 0.04887484759092331, "model.layers.9.mlp.gate_proj.weight": 0.09704723209142685, "model.layers.9.mlp.up_proj.weight": 0.09719584137201309, "model.layers.9.mlp.down_proj.weight": 0.0980144664645195, "model.layers.9.input_layernorm.weight": 0.0010448386892676353, "model.layers.9.post_attention_layernorm.weight": 0.0010599785018712282, "model.layers.10.self_attn.q_proj.weight": 0.04940955340862274, "model.layers.10.self_attn.k_proj.weight": 0.0234004445374012, "model.layers.10.self_attn.v_proj.weight": 0.024192774668335915, "model.layers.10.self_attn.o_proj.weight": 0.05014149472117424, "model.layers.10.mlp.gate_proj.weight": 0.09746994823217392, "model.layers.10.mlp.up_proj.weight": 0.09795190393924713, "model.layers.10.mlp.down_proj.weight": 0.09884074330329895, "model.layers.10.input_layernorm.weight": 0.0010608097072690725, "model.layers.10.post_attention_layernorm.weight": 0.0010869755642488599, "model.layers.11.self_attn.q_proj.weight": 0.04937560111284256, "model.layers.11.self_attn.k_proj.weight": 0.024088406935334206, "model.layers.11.self_attn.v_proj.weight": 0.02411990985274315, "model.layers.11.self_attn.o_proj.weight": 0.04978436231613159, "model.layers.11.mlp.gate_proj.weight": 0.09819869697093964, "model.layers.11.mlp.up_proj.weight": 0.09900251775979996, "model.layers.11.mlp.down_proj.weight": 0.09999744594097137, "model.layers.11.input_layernorm.weight": 0.001050327206030488, "model.layers.11.post_attention_layernorm.weight": 0.0010846704244613647, "model.layers.12.self_attn.q_proj.weight": 0.04964753985404968, "model.layers.12.self_attn.k_proj.weight": 0.024042176082730293, "model.layers.12.self_attn.v_proj.weight": 0.025034267455339432, "model.layers.12.self_attn.o_proj.weight": 0.0507374182343483, "model.layers.12.mlp.gate_proj.weight": 0.1005399078130722, "model.layers.12.mlp.up_proj.weight": 0.10091236233711243, "model.layers.12.mlp.down_proj.weight": 0.10201873630285263, "model.layers.12.input_layernorm.weight": 0.0010740334400907159, "model.layers.12.post_attention_layernorm.weight": 0.0010752541711553931, "model.layers.13.self_attn.q_proj.weight": 0.050191063433885574, "model.layers.13.self_attn.k_proj.weight": 0.024965260177850723, "model.layers.13.self_attn.v_proj.weight": 0.02500384859740734, "model.layers.13.self_attn.o_proj.weight": 0.05028065666556358, "model.layers.13.mlp.gate_proj.weight": 0.10438019782304764, "model.layers.13.mlp.up_proj.weight": 0.10460637509822845, "model.layers.13.mlp.down_proj.weight": 0.10594616085290909,