{"total_norm": 7.340435028076172, "target_norm": 0.9666977524757385, "param2norm_diff": {"model.embed_tokens.weight": 0.186127170920372, "model.layers.0.self_attn.q_proj.weight": 0.047767218202352524, "model.layers.0.self_attn.k_proj.weight": 0.023955726996064186, "model.layers.0.self_attn.v_proj.weight": 0.02385466732084751, "model.layers.0.self_attn.o_proj.weight": 0.04694509133696556, "model.layers.0.mlp.gate_proj.weight": 0.09311115741729736, "model.layers.0.mlp.up_proj.weight": 0.09319234639406204, "model.layers.0.mlp.down_proj.weight": 0.09323426336050034, "model.layers.0.input_layernorm.weight": 0.0010768657084554434, "model.layers.0.post_attention_layernorm.weight": 0.001048614620231092, "model.layers.1.self_attn.q_proj.weight": 0.046743422746658325, "model.layers.1.self_attn.k_proj.weight": 0.022747917100787163, "model.layers.1.self_attn.v_proj.weight": 0.023203086107969284, "model.layers.1.self_attn.o_proj.weight": 0.04690949246287346, "model.layers.1.mlp.gate_proj.weight": 0.09304967522621155, "model.layers.1.mlp.up_proj.weight": 0.09315080940723419, "model.layers.1.mlp.down_proj.weight": 0.09307962656021118, "model.layers.1.input_layernorm.weight": 0.001013532280921936, "model.layers.1.post_attention_layernorm.weight": 0.001010805950500071, "model.layers.2.self_attn.q_proj.weight": 0.04698934778571129, "model.layers.2.self_attn.k_proj.weight": 0.023277387022972107, "model.layers.2.self_attn.v_proj.weight": 0.023407580330967903, "model.layers.2.self_attn.o_proj.weight": 0.04696054011583328, "model.layers.2.mlp.gate_proj.weight": 0.09291910380125046, "model.layers.2.mlp.up_proj.weight": 0.09285356849431992, "model.layers.2.mlp.down_proj.weight": 0.0930861234664917, "model.layers.2.input_layernorm.weight": 0.0010317490668967366, "model.layers.2.post_attention_layernorm.weight": 0.0010312729282304645, "model.layers.3.self_attn.q_proj.weight": 0.04646547511219978, "model.layers.3.self_attn.k_proj.weight": 0.02314026467502117, "model.layers.3.self_attn.v_proj.weight": 0.023135527968406677, "model.layers.3.self_attn.o_proj.weight": 0.046488359570503235, "model.layers.3.mlp.gate_proj.weight": 0.09304141253232956, "model.layers.3.mlp.up_proj.weight": 0.09263516962528229, "model.layers.3.mlp.down_proj.weight": 0.09363651275634766, "model.layers.3.input_layernorm.weight": 0.0010290491627529263, "model.layers.3.post_attention_layernorm.weight": 0.0010297837434336543, "model.layers.4.self_attn.q_proj.weight": 0.046067975461483, "model.layers.4.self_attn.k_proj.weight": 0.023164113983511925, "model.layers.4.self_attn.v_proj.weight": 0.022642122581601143, "model.layers.4.self_attn.o_proj.weight": 0.04583876207470894, "model.layers.4.mlp.gate_proj.weight": 0.09428659826517105, "model.layers.4.mlp.up_proj.weight": 0.09401610493659973, "model.layers.4.mlp.down_proj.weight": 0.09460512548685074, "model.layers.4.input_layernorm.weight": 0.0010299506830051541, "model.layers.4.post_attention_layernorm.weight": 0.0010256593814119697, "model.layers.5.self_attn.q_proj.weight": 0.04790453985333443, "model.layers.5.self_attn.k_proj.weight": 0.02338637411594391, "model.layers.5.self_attn.v_proj.weight": 0.02310822904109955, "model.layers.5.self_attn.o_proj.weight": 0.04716308414936066, "model.layers.5.mlp.gate_proj.weight": 0.0947827473282814, "model.layers.5.mlp.up_proj.weight": 0.09446235746145248, "model.layers.5.mlp.down_proj.weight": 0.09534327685832977, "model.layers.5.input_layernorm.weight": 0.0010494109010323882, "model.layers.5.post_attention_layernorm.weight": 0.0010472869034856558, "model.layers.6.self_attn.q_proj.weight": 0.04758413881063461, "model.layers.6.self_attn.k_proj.weight": 0.02350359782576561, "model.layers.6.self_attn.v_proj.weight": 0.023539934307336807, "model.layers.6.self_attn.o_proj.weight": 0.04761005938053131, "model.layers.6.mlp.gate_proj.weight": 0.09685631096363068, "model.layers.6.mlp.up_proj.weight": 0.0969071313738823, "model.layers.6.mlp.down_proj.weight": 0.09742733836174011, "model.layers.6.input_layernorm.weight": 0.0010208365274593234, "model.layers.6.post_attention_layernorm.weight": 0.0010728344786912203, "model.layers.7.self_attn.q_proj.weight": 0.04812263324856758, "model.layers.7.self_attn.k_proj.weight": 0.02416563779115677, "model.layers.7.self_attn.v_proj.weight": 0.023736469447612762, "model.layers.7.self_attn.o_proj.weight": 0.04820413142442703, "model.layers.7.mlp.gate_proj.weight": 0.09785966575145721, "model.layers.7.mlp.up_proj.weight": 0.09777352213859558, "model.layers.7.mlp.down_proj.weight": 0.09878725558519363, "model.layers.7.input_layernorm.weight": 0.0010311421938240528, "model.layers.7.post_attention_layernorm.weight": 0.0010874926811084151, "model.layers.8.self_attn.q_proj.weight": 0.047420527786016464, "model.layers.8.self_attn.k_proj.weight": 0.023547425866127014, "model.layers.8.self_attn.v_proj.weight": 0.024137765169143677, "model.layers.8.self_attn.o_proj.weight": 0.04887979477643967, "model.layers.8.mlp.gate_proj.weight": 0.09966708719730377, "model.layers.8.mlp.up_proj.weight": 0.09967083483934402, "model.layers.8.mlp.down_proj.weight": 0.1005135104060173, "model.layers.8.input_layernorm.weight": 0.0010304509196430445, "model.layers.8.post_attention_layernorm.weight": 0.0010765970218926668, "model.layers.9.self_attn.q_proj.weight": 0.04965020343661308, "model.layers.9.self_attn.k_proj.weight": 0.024307243525981903, "model.layers.9.self_attn.v_proj.weight": 0.02480354718863964, "model.layers.9.self_attn.o_proj.weight": 0.05003977566957474, "model.layers.9.mlp.gate_proj.weight": 0.10136495530605316, "model.layers.9.mlp.up_proj.weight": 0.1022609993815422, "model.layers.9.mlp.down_proj.weight": 0.10290458798408508, "model.layers.9.input_layernorm.weight": 0.0010598419466987252, "model.layers.9.post_attention_layernorm.weight": 0.001119120861403644, "model.layers.10.self_attn.q_proj.weight": 0.04950525611639023, "model.layers.10.self_attn.k_proj.weight": 0.02414373680949211, "model.layers.10.self_attn.v_proj.weight": 0.025119556114077568, "model.layers.10.self_attn.o_proj.weight": 0.05111241713166237, "model.layers.10.mlp.gate_proj.weight": 0.10191082209348679, "model.layers.10.mlp.up_proj.weight": 0.10343574732542038, "model.layers.10.mlp.down_proj.weight": 0.10364391654729843, "model.layers.10.input_layernorm.weight": 0.0010984712280333042, "model.layers.10.post_attention_layernorm.weight": 0.0011389111168682575, "model.layers.11.self_attn.q_proj.weight": 0.05016450211405754, "model.layers.11.self_attn.k_proj.weight": 0.024581069126725197, "model.layers.11.self_attn.v_proj.weight": 0.025542933493852615, "model.layers.11.self_attn.o_proj.weight": 0.0518081896007061, "model.layers.11.mlp.gate_proj.weight": 0.10228829830884933, "model.layers.11.mlp.up_proj.weight": 0.10444314777851105, "model.layers.11.mlp.down_proj.weight": 0.10459960997104645, "model.layers.11.input_layernorm.weight": 0.0010967887938022614, "model.layers.11.post_attention_layernorm.weight": 0.0011653187684714794, "model.layers.12.self_attn.q_proj.weight": 0.05070927366614342, "model.layers.12.self_attn.k_proj.weight": 0.02508731745183468, "model.layers.12.self_attn.v_proj.weight": 0.02552194707095623, "model.layers.12.self_attn.o_proj.weight": 0.05199829116463661, "model.layers.12.mlp.gate_proj.weight": 0.10316109657287598, "model.layers.12.mlp.up_proj.weight": 0.10407312959432602, "model.layers.12.mlp.down_proj.weight": 0.10441459715366364, "model.layers.12.input_layernorm.weight": 0.0011067906161770225, "model.layers.12.post_attention_layernorm.weight": 0.001141787739470601, "model.layers.13.self_attn.q_proj.weight": 0.04965988174080849, "model.layers.13.self_attn.k_proj.weight": 0.025778576731681824, "model.layers.13.self_attn.v_proj.weight": 0.026210257783532143, "model.layers.13.self_attn.o_proj.weight": 0.052113164216279984, "model.layers.13.mlp.gate_proj.weight": 0.10460615903139114, "model.layers.13.mlp.up_proj.weight": 0.10515173524618149, "model.layers.13.mlp.down_proj.weight": 0.10554127395153046,