{"total_norm": 7.721736431121826, "target_norm": 1.0055800676345825, "param2norm_diff": {"model.embed_tokens.weight": 0.20949377119541168, "model.layers.0.self_attn.q_proj.weight": 0.04652177169919014, "model.layers.0.self_attn.k_proj.weight": 0.02276165597140789, "model.layers.0.self_attn.v_proj.weight": 0.02309052273631096, "model.layers.0.self_attn.o_proj.weight": 0.04768185690045357, "model.layers.0.mlp.gate_proj.weight": 0.09408324956893921, "model.layers.0.mlp.up_proj.weight": 0.09372108429670334, "model.layers.0.mlp.down_proj.weight": 0.09408815950155258, "model.layers.0.input_layernorm.weight": 0.000983083271421492, "model.layers.0.post_attention_layernorm.weight": 0.0010163596598431468, "model.layers.1.self_attn.q_proj.weight": 0.048244621604681015, "model.layers.1.self_attn.k_proj.weight": 0.024477003142237663, "model.layers.1.self_attn.v_proj.weight": 0.023846765980124474, "model.layers.1.self_attn.o_proj.weight": 0.04865500330924988, "model.layers.1.mlp.gate_proj.weight": 0.09424176812171936, "model.layers.1.mlp.up_proj.weight": 0.09387858957052231, "model.layers.1.mlp.down_proj.weight": 0.094389908015728, "model.layers.1.input_layernorm.weight": 0.001040339469909668, "model.layers.1.post_attention_layernorm.weight": 0.001045736251398921, "model.layers.2.self_attn.q_proj.weight": 0.04934573918581009, "model.layers.2.self_attn.k_proj.weight": 0.02428988181054592, "model.layers.2.self_attn.v_proj.weight": 0.024052361026406288, "model.layers.2.self_attn.o_proj.weight": 0.04936213418841362, "model.layers.2.mlp.gate_proj.weight": 0.0948997363448143, "model.layers.2.mlp.up_proj.weight": 0.0948830097913742, "model.layers.2.mlp.down_proj.weight": 0.09554404765367508, "model.layers.2.input_layernorm.weight": 0.0010996488854289055, "model.layers.2.post_attention_layernorm.weight": 0.0010379753075540066, "model.layers.3.self_attn.q_proj.weight": 0.048738494515419006, "model.layers.3.self_attn.k_proj.weight": 0.024028649553656578, "model.layers.3.self_attn.v_proj.weight": 0.02387983351945877, "model.layers.3.self_attn.o_proj.weight": 0.048962198197841644, "model.layers.3.mlp.gate_proj.weight": 0.09711182117462158, "model.layers.3.mlp.up_proj.weight": 0.09702122956514359, "model.layers.3.mlp.down_proj.weight": 0.09759829938411713, "model.layers.3.input_layernorm.weight": 0.0010194579372182488, "model.layers.3.post_attention_layernorm.weight": 0.0010628164745867252, "model.layers.4.self_attn.q_proj.weight": 0.048180971294641495, "model.layers.4.self_attn.k_proj.weight": 0.023661039769649506, "model.layers.4.self_attn.v_proj.weight": 0.024265488609671593, "model.layers.4.self_attn.o_proj.weight": 0.04888712242245674, "model.layers.4.mlp.gate_proj.weight": 0.0990060567855835, "model.layers.4.mlp.up_proj.weight": 0.09898822009563446, "model.layers.4.mlp.down_proj.weight": 0.09970466047525406, "model.layers.4.input_layernorm.weight": 0.001069610589183867, "model.layers.4.post_attention_layernorm.weight": 0.0010834255954250693, "model.layers.5.self_attn.q_proj.weight": 0.048820316791534424, "model.layers.5.self_attn.k_proj.weight": 0.02452034130692482, "model.layers.5.self_attn.v_proj.weight": 0.024924619123339653, "model.layers.5.self_attn.o_proj.weight": 0.04988378286361694, "model.layers.5.mlp.gate_proj.weight": 0.1003359854221344, "model.layers.5.mlp.up_proj.weight": 0.10011763870716095, "model.layers.5.mlp.down_proj.weight": 0.10100146383047104, "model.layers.5.input_layernorm.weight": 0.001083713723346591, "model.layers.5.post_attention_layernorm.weight": 0.0011097185779362917, "model.layers.6.self_attn.q_proj.weight": 0.04922644793987274, "model.layers.6.self_attn.k_proj.weight": 0.024284180253744125, "model.layers.6.self_attn.v_proj.weight": 0.02492404356598854, "model.layers.6.self_attn.o_proj.weight": 0.050623226910829544, "model.layers.6.mlp.gate_proj.weight": 0.10234841704368591, "model.layers.6.mlp.up_proj.weight": 0.10208301246166229, "model.layers.6.mlp.down_proj.weight": 0.10354096442461014, "model.layers.6.input_layernorm.weight": 0.0010580585803836584, "model.layers.6.post_attention_layernorm.weight": 0.0011142997536808252, "model.layers.7.self_attn.q_proj.weight": 0.05057797208428383, "model.layers.7.self_attn.k_proj.weight": 0.025341346859931946, "model.layers.7.self_attn.v_proj.weight": 0.025337858125567436, "model.layers.7.self_attn.o_proj.weight": 0.051701225340366364, "model.layers.7.mlp.gate_proj.weight": 0.10500854253768921, "model.layers.7.mlp.up_proj.weight": 0.10468648374080658, "model.layers.7.mlp.down_proj.weight": 0.10577090829610825, "model.layers.7.input_layernorm.weight": 0.0011028869776055217, "model.layers.7.post_attention_layernorm.weight": 0.001165891531854868, "model.layers.8.self_attn.q_proj.weight": 0.051067054271698, "model.layers.8.self_attn.k_proj.weight": 0.025330428034067154, "model.layers.8.self_attn.v_proj.weight": 0.026051659137010574, "model.layers.8.self_attn.o_proj.weight": 0.05300316959619522, "model.layers.8.mlp.gate_proj.weight": 0.10772702842950821, "model.layers.8.mlp.up_proj.weight": 0.1067613959312439, "model.layers.8.mlp.down_proj.weight": 0.10814986377954483, "model.layers.8.input_layernorm.weight": 0.0011359156342223287, "model.layers.8.post_attention_layernorm.weight": 0.0011743122013285756, "model.layers.9.self_attn.q_proj.weight": 0.05219872295856476, "model.layers.9.self_attn.k_proj.weight": 0.02546311914920807, "model.layers.9.self_attn.v_proj.weight": 0.026639552786946297, "model.layers.9.self_attn.o_proj.weight": 0.05399993807077408, "model.layers.9.mlp.gate_proj.weight": 0.1091778576374054, "model.layers.9.mlp.up_proj.weight": 0.10851506143808365, "model.layers.9.mlp.down_proj.weight": 0.10954523831605911, "model.layers.9.input_layernorm.weight": 0.0011619088472798467, "model.layers.9.post_attention_layernorm.weight": 0.001194297568872571, "model.layers.10.self_attn.q_proj.weight": 0.05398653447628021, "model.layers.10.self_attn.k_proj.weight": 0.027105558663606644, "model.layers.10.self_attn.v_proj.weight": 0.027693603187799454, "model.layers.10.self_attn.o_proj.weight": 0.055886514484882355, "model.layers.10.mlp.gate_proj.weight": 0.10738222301006317, "model.layers.10.mlp.up_proj.weight": 0.10876251012086868, "model.layers.10.mlp.down_proj.weight": 0.10876155644655228, "model.layers.10.input_layernorm.weight": 0.0011883062543347478, "model.layers.10.post_attention_layernorm.weight": 0.0011920472607016563, "model.layers.11.self_attn.q_proj.weight": 0.054618313908576965, "model.layers.11.self_attn.k_proj.weight": 0.02735094167292118, "model.layers.11.self_attn.v_proj.weight": 0.028049765154719353, "model.layers.11.self_attn.o_proj.weight": 0.05693031847476959, "model.layers.11.mlp.gate_proj.weight": 0.10569976270198822, "model.layers.11.mlp.up_proj.weight": 0.10797195136547089, "model.layers.11.mlp.down_proj.weight": 0.10789615660905838, "model.layers.11.input_layernorm.weight": 0.0011896607466042042, "model.layers.11.post_attention_layernorm.weight": 0.0011542626889422536, "model.layers.12.self_attn.q_proj.weight": 0.05503493547439575, "model.layers.12.self_attn.k_proj.weight": 0.027631599456071854, "model.layers.12.self_attn.v_proj.weight": 0.02817802131175995, "model.layers.12.self_attn.o_proj.weight": 0.05665314197540283, "model.layers.12.mlp.gate_proj.weight": 0.10619601607322693, "model.layers.12.mlp.up_proj.weight": 0.10679084062576294, "model.layers.12.mlp.down_proj.weight": 0.1074306070804596, "model.layers.12.input_layernorm.weight": 0.0012513750698417425, "model.layers.12.post_attention_layernorm.weight": 0.0011842638486996293, "model.layers.13.self_attn.q_proj.weight": 0.05381132289767265, "model.layers.13.self_attn.k_proj.weight": 0.02709784545004368, "model.layers.13.self_attn.v_proj.weight": 0.027932340279221535, "model.layers.13.self_attn.o_proj.weight": 0.056689996272325516, "model.layers.13.mlp.gate_proj.weight": 0.10745096951723099, "model.layers.13.mlp.up_proj.weight": 0.10757215321063995, "model.layers.13.mlp.down_proj.weight": 0.10856494307518005,