{"total_norm": 6.902484893798828, "target_norm": 0.8877642154693604, "param2norm_diff": {"model.embed_tokens.weight": 0.14931124448776245, "model.layers.0.self_attn.q_proj.weight": 0.04306952655315399, "model.layers.0.self_attn.k_proj.weight": 0.02255493588745594, "model.layers.0.self_attn.v_proj.weight": 0.02319151535630226, "model.layers.0.self_attn.o_proj.weight": 0.04640917852520943, "model.layers.0.mlp.gate_proj.weight": 0.09272824227809906, "model.layers.0.mlp.up_proj.weight": 0.0929742380976677, "model.layers.0.mlp.down_proj.weight": 0.09315501898527145, "model.layers.0.input_layernorm.weight": 0.0009935004636645317, "model.layers.0.post_attention_layernorm.weight": 0.0010366543428972363, "model.layers.1.self_attn.q_proj.weight": 0.046017877757549286, "model.layers.1.self_attn.k_proj.weight": 0.022379975765943527, "model.layers.1.self_attn.v_proj.weight": 0.023082617670297623, "model.layers.1.self_attn.o_proj.weight": 0.04643263667821884, "model.layers.1.mlp.gate_proj.weight": 0.09393217414617538, "model.layers.1.mlp.up_proj.weight": 0.09400714188814163, "model.layers.1.mlp.down_proj.weight": 0.09399373084306717, "model.layers.1.input_layernorm.weight": 0.0009512131218798459, "model.layers.1.post_attention_layernorm.weight": 0.001051190891303122, "model.layers.2.self_attn.q_proj.weight": 0.04468458518385887, "model.layers.2.self_attn.k_proj.weight": 0.022344114258885384, "model.layers.2.self_attn.v_proj.weight": 0.023446043953299522, "model.layers.2.self_attn.o_proj.weight": 0.04615428298711777, "model.layers.2.mlp.gate_proj.weight": 0.09382402151823044, "model.layers.2.mlp.up_proj.weight": 0.09362992644309998, "model.layers.2.mlp.down_proj.weight": 0.09326647222042084, "model.layers.2.input_layernorm.weight": 0.001006175298243761, "model.layers.2.post_attention_layernorm.weight": 0.0010534720495343208, "model.layers.3.self_attn.q_proj.weight": 0.045329201966524124, "model.layers.3.self_attn.k_proj.weight": 0.022287145256996155, "model.layers.3.self_attn.v_proj.weight": 0.023144707083702087, "model.layers.3.self_attn.o_proj.weight": 0.04585878923535347, "model.layers.3.mlp.gate_proj.weight": 0.09240195900201797, "model.layers.3.mlp.up_proj.weight": 0.09222544729709625, "model.layers.3.mlp.down_proj.weight": 0.09238114207983017, "model.layers.3.input_layernorm.weight": 0.0010118798818439245, "model.layers.3.post_attention_layernorm.weight": 0.0010110491421073675, "model.layers.4.self_attn.q_proj.weight": 0.04522418603301048, "model.layers.4.self_attn.k_proj.weight": 0.02225343883037567, "model.layers.4.self_attn.v_proj.weight": 0.022878624498844147, "model.layers.4.self_attn.o_proj.weight": 0.04542069882154465, "model.layers.4.mlp.gate_proj.weight": 0.0915084034204483, "model.layers.4.mlp.up_proj.weight": 0.09228409826755524, "model.layers.4.mlp.down_proj.weight": 0.09219762682914734, "model.layers.4.input_layernorm.weight": 0.0010055311722680926, "model.layers.4.post_attention_layernorm.weight": 0.0010004689684137702, "model.layers.5.self_attn.q_proj.weight": 0.04540631175041199, "model.layers.5.self_attn.k_proj.weight": 0.02259637974202633, "model.layers.5.self_attn.v_proj.weight": 0.02287440374493599, "model.layers.5.self_attn.o_proj.weight": 0.04575134068727493, "model.layers.5.mlp.gate_proj.weight": 0.09068340063095093, "model.layers.5.mlp.up_proj.weight": 0.09153535962104797, "model.layers.5.mlp.down_proj.weight": 0.09151817858219147, "model.layers.5.input_layernorm.weight": 0.0009984615026041865, "model.layers.5.post_attention_layernorm.weight": 0.0010053813457489014, "model.layers.6.self_attn.q_proj.weight": 0.04559147357940674, "model.layers.6.self_attn.k_proj.weight": 0.022997690364718437, "model.layers.6.self_attn.v_proj.weight": 0.022722268477082253, "model.layers.6.self_attn.o_proj.weight": 0.045599352568387985, "model.layers.6.mlp.gate_proj.weight": 0.09057634323835373, "model.layers.6.mlp.up_proj.weight": 0.09160687774419785, "model.layers.6.mlp.down_proj.weight": 0.09171204268932343, "model.layers.6.input_layernorm.weight": 0.0010066656395792961, "model.layers.6.post_attention_layernorm.weight": 0.001009196974337101, "model.layers.7.self_attn.q_proj.weight": 0.04537174105644226, "model.layers.7.self_attn.k_proj.weight": 0.022430788725614548, "model.layers.7.self_attn.v_proj.weight": 0.02272009290754795, "model.layers.7.self_attn.o_proj.weight": 0.04565085098147392, "model.layers.7.mlp.gate_proj.weight": 0.09199651330709457, "model.layers.7.mlp.up_proj.weight": 0.09238945692777634, "model.layers.7.mlp.down_proj.weight": 0.09213175624608994, "model.layers.7.input_layernorm.weight": 0.0010103135136887431, "model.layers.7.post_attention_layernorm.weight": 0.0009987951489165425, "model.layers.8.self_attn.q_proj.weight": 0.045569539070129395, "model.layers.8.self_attn.k_proj.weight": 0.02247634343802929, "model.layers.8.self_attn.v_proj.weight": 0.02262462116777897, "model.layers.8.self_attn.o_proj.weight": 0.04591890051960945, "model.layers.8.mlp.gate_proj.weight": 0.09204182773828506, "model.layers.8.mlp.up_proj.weight": 0.0919104814529419, "model.layers.8.mlp.down_proj.weight": 0.09251439571380615, "model.layers.8.input_layernorm.weight": 0.0009959239978343248, "model.layers.8.post_attention_layernorm.weight": 0.0010045442031696439, "model.layers.9.self_attn.q_proj.weight": 0.04654287174344063, "model.layers.9.self_attn.k_proj.weight": 0.023094817996025085, "model.layers.9.self_attn.v_proj.weight": 0.022618792951107025, "model.layers.9.self_attn.o_proj.weight": 0.046253375709056854, "model.layers.9.mlp.gate_proj.weight": 0.09254954010248184, "model.layers.9.mlp.up_proj.weight": 0.09262479841709137, "model.layers.9.mlp.down_proj.weight": 0.0933578833937645, "model.layers.9.input_layernorm.weight": 0.0009952920954674482, "model.layers.9.post_attention_layernorm.weight": 0.0010264560114592314, "model.layers.10.self_attn.q_proj.weight": 0.045639898627996445, "model.layers.10.self_attn.k_proj.weight": 0.02195732481777668, "model.layers.10.self_attn.v_proj.weight": 0.022772038355469704, "model.layers.10.self_attn.o_proj.weight": 0.046902433037757874, "model.layers.10.mlp.gate_proj.weight": 0.09298710525035858, "model.layers.10.mlp.up_proj.weight": 0.09265784919261932, "model.layers.10.mlp.down_proj.weight": 0.09332238137722015, "model.layers.10.input_layernorm.weight": 0.0009884861065074801, "model.layers.10.post_attention_layernorm.weight": 0.001026806072331965, "model.layers.11.self_attn.q_proj.weight": 0.047187741845846176, "model.layers.11.self_attn.k_proj.weight": 0.023330964148044586, "model.layers.11.self_attn.v_proj.weight": 0.023090215399861336, "model.layers.11.self_attn.o_proj.weight": 0.04687543958425522, "model.layers.11.mlp.gate_proj.weight": 0.09382104873657227, "model.layers.11.mlp.up_proj.weight": 0.09410072863101959, "model.layers.11.mlp.down_proj.weight": 0.09458786994218826, "model.layers.11.input_layernorm.weight": 0.0009767317678779364, "model.layers.11.post_attention_layernorm.weight": 0.0010165204294025898, "model.layers.12.self_attn.q_proj.weight": 0.04693472012877464, "model.layers.12.self_attn.k_proj.weight": 0.023234400898218155, "model.layers.12.self_attn.v_proj.weight": 0.023096738383173943, "model.layers.12.self_attn.o_proj.weight": 0.04703286662697792, "model.layers.12.mlp.gate_proj.weight": 0.09406299889087677, "model.layers.12.mlp.up_proj.weight": 0.09420248121023178, "model.layers.12.mlp.down_proj.weight": 0.09407501667737961, "model.layers.12.input_layernorm.weight": 0.000992674962617457, "model.layers.12.post_attention_layernorm.weight": 0.0010223999852314591, "model.layers.13.self_attn.q_proj.weight": 0.04550492763519287, "model.layers.13.self_attn.k_proj.weight": 0.02215215004980564, "model.layers.13.self_attn.v_proj.weight": 0.022794246673583984, "model.layers.13.self_attn.o_proj.weight": 0.04574676230549812, "model.layers.13.mlp.gate_proj.weight": 0.0958537757396698, "model.layers.13.mlp.up_proj.weight": 0.09571492671966553, "model.layers.13.mlp.down_proj.weight": 0.0957561656832695,