{"total_norm": 7.5368242263793945, "target_norm": 0.9771291017532349, "param2norm_diff": {"model.embed_tokens.weight": 0.18888579308986664, "model.layers.0.self_attn.q_proj.weight": 0.04611821100115776, "model.layers.0.self_attn.k_proj.weight": 0.023661503568291664, "model.layers.0.self_attn.v_proj.weight": 0.023429641500115395, "model.layers.0.self_attn.o_proj.weight": 0.046756792813539505, "model.layers.0.mlp.gate_proj.weight": 0.09416736662387848, "model.layers.0.mlp.up_proj.weight": 0.09390531480312347, "model.layers.0.mlp.down_proj.weight": 0.0937591940164566, "model.layers.0.input_layernorm.weight": 0.0010170821333304048, "model.layers.0.post_attention_layernorm.weight": 0.0010210801847279072, "model.layers.1.self_attn.q_proj.weight": 0.049105413258075714, "model.layers.1.self_attn.k_proj.weight": 0.025101514533162117, "model.layers.1.self_attn.v_proj.weight": 0.023795172572135925, "model.layers.1.self_attn.o_proj.weight": 0.04777859151363373, "model.layers.1.mlp.gate_proj.weight": 0.09315741807222366, "model.layers.1.mlp.up_proj.weight": 0.09318118542432785, "model.layers.1.mlp.down_proj.weight": 0.09328459203243256, "model.layers.1.input_layernorm.weight": 0.001065193908289075, "model.layers.1.post_attention_layernorm.weight": 0.001015787129290402, "model.layers.2.self_attn.q_proj.weight": 0.04869170859456062, "model.layers.2.self_attn.k_proj.weight": 0.02364499494433403, "model.layers.2.self_attn.v_proj.weight": 0.023680483922362328, "model.layers.2.self_attn.o_proj.weight": 0.048295047134160995, "model.layers.2.mlp.gate_proj.weight": 0.0936974585056305, "model.layers.2.mlp.up_proj.weight": 0.09337560087442398, "model.layers.2.mlp.down_proj.weight": 0.09397666156291962, "model.layers.2.input_layernorm.weight": 0.001024677068926394, "model.layers.2.post_attention_layernorm.weight": 0.0010383196640759706, "model.layers.3.self_attn.q_proj.weight": 0.04821060225367546, "model.layers.3.self_attn.k_proj.weight": 0.02385035715997219, "model.layers.3.self_attn.v_proj.weight": 0.02395172230899334, "model.layers.3.self_attn.o_proj.weight": 0.04792729392647743, "model.layers.3.mlp.gate_proj.weight": 0.09633392840623856, "model.layers.3.mlp.up_proj.weight": 0.09608348459005356, "model.layers.3.mlp.down_proj.weight": 0.09661047160625458, "model.layers.3.input_layernorm.weight": 0.0010129866423085332, "model.layers.3.post_attention_layernorm.weight": 0.0010283089941367507, "model.layers.4.self_attn.q_proj.weight": 0.048490989953279495, "model.layers.4.self_attn.k_proj.weight": 0.02447074092924595, "model.layers.4.self_attn.v_proj.weight": 0.023923935368657112, "model.layers.4.self_attn.o_proj.weight": 0.047590114176273346, "model.layers.4.mlp.gate_proj.weight": 0.09857923537492752, "model.layers.4.mlp.up_proj.weight": 0.09762421250343323, "model.layers.4.mlp.down_proj.weight": 0.09800484031438828, "model.layers.4.input_layernorm.weight": 0.0010501864599063993, "model.layers.4.post_attention_layernorm.weight": 0.0010504929814487696, "model.layers.5.self_attn.q_proj.weight": 0.04945896938443184, "model.layers.5.self_attn.k_proj.weight": 0.02481747232377529, "model.layers.5.self_attn.v_proj.weight": 0.02467048540711403, "model.layers.5.self_attn.o_proj.weight": 0.049202676862478256, "model.layers.5.mlp.gate_proj.weight": 0.09979341924190521, "model.layers.5.mlp.up_proj.weight": 0.09893667697906494, "model.layers.5.mlp.down_proj.weight": 0.09899377077817917, "model.layers.5.input_layernorm.weight": 0.0011059143580496311, "model.layers.5.post_attention_layernorm.weight": 0.0010891371639445424, "model.layers.6.self_attn.q_proj.weight": 0.04889456927776337, "model.layers.6.self_attn.k_proj.weight": 0.023937145248055458, "model.layers.6.self_attn.v_proj.weight": 0.02460053563117981, "model.layers.6.self_attn.o_proj.weight": 0.04964121803641319, "model.layers.6.mlp.gate_proj.weight": 0.1012524664402008, "model.layers.6.mlp.up_proj.weight": 0.1007152795791626, "model.layers.6.mlp.down_proj.weight": 0.10101959854364395, "model.layers.6.input_layernorm.weight": 0.001054564374499023, "model.layers.6.post_attention_layernorm.weight": 0.0011159549467265606, "model.layers.7.self_attn.q_proj.weight": 0.04927816241979599, "model.layers.7.self_attn.k_proj.weight": 0.02456403337419033, "model.layers.7.self_attn.v_proj.weight": 0.025054048746824265, "model.layers.7.self_attn.o_proj.weight": 0.05059964582324028, "model.layers.7.mlp.gate_proj.weight": 0.10302682965993881, "model.layers.7.mlp.up_proj.weight": 0.10163900256156921, "model.layers.7.mlp.down_proj.weight": 0.10167138278484344, "model.layers.7.input_layernorm.weight": 0.0011031508911401033, "model.layers.7.post_attention_layernorm.weight": 0.0011241977335885167, "model.layers.8.self_attn.q_proj.weight": 0.050551459193229675, "model.layers.8.self_attn.k_proj.weight": 0.024797789752483368, "model.layers.8.self_attn.v_proj.weight": 0.02508809044957161, "model.layers.8.self_attn.o_proj.weight": 0.05089689418673515, "model.layers.8.mlp.gate_proj.weight": 0.10514811426401138, "model.layers.8.mlp.up_proj.weight": 0.10214479267597198, "model.layers.8.mlp.down_proj.weight": 0.10312582552433014, "model.layers.8.input_layernorm.weight": 0.001068356679752469, "model.layers.8.post_attention_layernorm.weight": 0.0011160740396007895, "model.layers.9.self_attn.q_proj.weight": 0.05223188176751137, "model.layers.9.self_attn.k_proj.weight": 0.025697603821754456, "model.layers.9.self_attn.v_proj.weight": 0.02528095617890358, "model.layers.9.self_attn.o_proj.weight": 0.05190335214138031, "model.layers.9.mlp.gate_proj.weight": 0.10611860454082489, "model.layers.9.mlp.up_proj.weight": 0.1036616712808609, "model.layers.9.mlp.down_proj.weight": 0.10409323126077652, "model.layers.9.input_layernorm.weight": 0.0010858838213607669, "model.layers.9.post_attention_layernorm.weight": 0.0011341212084516883, "model.layers.10.self_attn.q_proj.weight": 0.05235839635133743, "model.layers.10.self_attn.k_proj.weight": 0.026113225147128105, "model.layers.10.self_attn.v_proj.weight": 0.026490360498428345, "model.layers.10.self_attn.o_proj.weight": 0.053729284554719925, "model.layers.10.mlp.gate_proj.weight": 0.10367189347743988, "model.layers.10.mlp.up_proj.weight": 0.10409009456634521, "model.layers.10.mlp.down_proj.weight": 0.10407685488462448, "model.layers.10.input_layernorm.weight": 0.0010877683525905013, "model.layers.10.post_attention_layernorm.weight": 0.001127906027249992, "model.layers.11.self_attn.q_proj.weight": 0.053286705166101456, "model.layers.11.self_attn.k_proj.weight": 0.025955844670534134, "model.layers.11.self_attn.v_proj.weight": 0.02624404989182949, "model.layers.11.self_attn.o_proj.weight": 0.05384053662419319, "model.layers.11.mlp.gate_proj.weight": 0.10315640270709991, "model.layers.11.mlp.up_proj.weight": 0.10466752201318741, "model.layers.11.mlp.down_proj.weight": 0.10486935079097748, "model.layers.11.input_layernorm.weight": 0.001092315185815096, "model.layers.11.post_attention_layernorm.weight": 0.0011248481459915638, "model.layers.12.self_attn.q_proj.weight": 0.053622905164957047, "model.layers.12.self_attn.k_proj.weight": 0.026152493432164192, "model.layers.12.self_attn.v_proj.weight": 0.02670546993613243, "model.layers.12.self_attn.o_proj.weight": 0.054814133793115616, "model.layers.12.mlp.gate_proj.weight": 0.10343863815069199, "model.layers.12.mlp.up_proj.weight": 0.10405221581459045, "model.layers.12.mlp.down_proj.weight": 0.10433534532785416, "model.layers.12.input_layernorm.weight": 0.0011419664369896054, "model.layers.12.post_attention_layernorm.weight": 0.001135519822128117, "model.layers.13.self_attn.q_proj.weight": 0.05136881023645401, "model.layers.13.self_attn.k_proj.weight": 0.02582046203315258, "model.layers.13.self_attn.v_proj.weight": 0.026565195992588997, "model.layers.13.self_attn.o_proj.weight": 0.054624032229185104, "model.layers.13.mlp.gate_proj.weight": 0.10476180166006088, "model.layers.13.mlp.up_proj.weight": 0.10481996834278107, "model.layers.13.mlp.down_proj.weight": 0.10563308745622635,