{"total_norm": 7.573451995849609, "target_norm": 0.9811215996742249, "param2norm_diff": {"model.embed_tokens.weight": 0.20126071572303772, "model.layers.0.self_attn.q_proj.weight": 0.046285681426525116, "model.layers.0.self_attn.k_proj.weight": 0.024359136819839478, "model.layers.0.self_attn.v_proj.weight": 0.02341868169605732, "model.layers.0.self_attn.o_proj.weight": 0.046848297119140625, "model.layers.0.mlp.gate_proj.weight": 0.0930599570274353, "model.layers.0.mlp.up_proj.weight": 0.09315952658653259, "model.layers.0.mlp.down_proj.weight": 0.093354232609272, "model.layers.0.input_layernorm.weight": 0.001018098322674632, "model.layers.0.post_attention_layernorm.weight": 0.0010175321949645877, "model.layers.1.self_attn.q_proj.weight": 0.04708755388855934, "model.layers.1.self_attn.k_proj.weight": 0.02409190498292446, "model.layers.1.self_attn.v_proj.weight": 0.023260990157723427, "model.layers.1.self_attn.o_proj.weight": 0.046837493777275085, "model.layers.1.mlp.gate_proj.weight": 0.0926818698644638, "model.layers.1.mlp.up_proj.weight": 0.09254026412963867, "model.layers.1.mlp.down_proj.weight": 0.09281513094902039, "model.layers.1.input_layernorm.weight": 0.0010507627157494426, "model.layers.1.post_attention_layernorm.weight": 0.0010174617636948824, "model.layers.2.self_attn.q_proj.weight": 0.04788690432906151, "model.layers.2.self_attn.k_proj.weight": 0.02337496541440487, "model.layers.2.self_attn.v_proj.weight": 0.02340591885149479, "model.layers.2.self_attn.o_proj.weight": 0.04768826812505722, "model.layers.2.mlp.gate_proj.weight": 0.09297377616167068, "model.layers.2.mlp.up_proj.weight": 0.09279689937829971, "model.layers.2.mlp.down_proj.weight": 0.09333372861146927, "model.layers.2.input_layernorm.weight": 0.001026076846756041, "model.layers.2.post_attention_layernorm.weight": 0.0010272534564137459, "model.layers.3.self_attn.q_proj.weight": 0.047190845012664795, "model.layers.3.self_attn.k_proj.weight": 0.023483214899897575, "model.layers.3.self_attn.v_proj.weight": 0.0234035924077034, "model.layers.3.self_attn.o_proj.weight": 0.04768708348274231, "model.layers.3.mlp.gate_proj.weight": 0.09518580138683319, "model.layers.3.mlp.up_proj.weight": 0.0946672260761261, "model.layers.3.mlp.down_proj.weight": 0.09585096687078476, "model.layers.3.input_layernorm.weight": 0.0010161425452679396, "model.layers.3.post_attention_layernorm.weight": 0.0010357334977015853, "model.layers.4.self_attn.q_proj.weight": 0.04786364734172821, "model.layers.4.self_attn.k_proj.weight": 0.023048575967550278, "model.layers.4.self_attn.v_proj.weight": 0.023509902879595757, "model.layers.4.self_attn.o_proj.weight": 0.047715701162815094, "model.layers.4.mlp.gate_proj.weight": 0.09770165383815765, "model.layers.4.mlp.up_proj.weight": 0.09723319113254547, "model.layers.4.mlp.down_proj.weight": 0.09814456105232239, "model.layers.4.input_layernorm.weight": 0.001029579434543848, "model.layers.4.post_attention_layernorm.weight": 0.0010401366744190454, "model.layers.5.self_attn.q_proj.weight": 0.04866594448685646, "model.layers.5.self_attn.k_proj.weight": 0.02428330108523369, "model.layers.5.self_attn.v_proj.weight": 0.02455158531665802, "model.layers.5.self_attn.o_proj.weight": 0.049488794058561325, "model.layers.5.mlp.gate_proj.weight": 0.10025463253259659, "model.layers.5.mlp.up_proj.weight": 0.09942270070314407, "model.layers.5.mlp.down_proj.weight": 0.09990444034337997, "model.layers.5.input_layernorm.weight": 0.0010534707689657807, "model.layers.5.post_attention_layernorm.weight": 0.0010882947826758027, "model.layers.6.self_attn.q_proj.weight": 0.0507623665034771, "model.layers.6.self_attn.k_proj.weight": 0.02472407929599285, "model.layers.6.self_attn.v_proj.weight": 0.024687036871910095, "model.layers.6.self_attn.o_proj.weight": 0.050336915999650955, "model.layers.6.mlp.gate_proj.weight": 0.10173223912715912, "model.layers.6.mlp.up_proj.weight": 0.10087959468364716, "model.layers.6.mlp.down_proj.weight": 0.10148642957210541, "model.layers.6.input_layernorm.weight": 0.0010958178900182247, "model.layers.6.post_attention_layernorm.weight": 0.0011114422231912613, "model.layers.7.self_attn.q_proj.weight": 0.05050189420580864, "model.layers.7.self_attn.k_proj.weight": 0.02521270141005516, "model.layers.7.self_attn.v_proj.weight": 0.024937402456998825, "model.layers.7.self_attn.o_proj.weight": 0.05132336914539337, "model.layers.7.mlp.gate_proj.weight": 0.10385153442621231, "model.layers.7.mlp.up_proj.weight": 0.10239403694868088, "model.layers.7.mlp.down_proj.weight": 0.10364045202732086, "model.layers.7.input_layernorm.weight": 0.0010959310457110405, "model.layers.7.post_attention_layernorm.weight": 0.0011351879220455885, "model.layers.8.self_attn.q_proj.weight": 0.0520472452044487, "model.layers.8.self_attn.k_proj.weight": 0.02557479403913021, "model.layers.8.self_attn.v_proj.weight": 0.025435123592615128, "model.layers.8.self_attn.o_proj.weight": 0.051798127591609955, "model.layers.8.mlp.gate_proj.weight": 0.10564737021923065, "model.layers.8.mlp.up_proj.weight": 0.10371873527765274, "model.layers.8.mlp.down_proj.weight": 0.1050143837928772, "model.layers.8.input_layernorm.weight": 0.0011066844454035163, "model.layers.8.post_attention_layernorm.weight": 0.0011383872479200363, "model.layers.9.self_attn.q_proj.weight": 0.05315733700990677, "model.layers.9.self_attn.k_proj.weight": 0.026674581691622734, "model.layers.9.self_attn.v_proj.weight": 0.025990359485149384, "model.layers.9.self_attn.o_proj.weight": 0.05286647006869316, "model.layers.9.mlp.gate_proj.weight": 0.10643985122442245, "model.layers.9.mlp.up_proj.weight": 0.10554066300392151, "model.layers.9.mlp.down_proj.weight": 0.10628679394721985, "model.layers.9.input_layernorm.weight": 0.0011462279362604022, "model.layers.9.post_attention_layernorm.weight": 0.001163253327831626, "model.layers.10.self_attn.q_proj.weight": 0.05384958162903786, "model.layers.10.self_attn.k_proj.weight": 0.02676139771938324, "model.layers.10.self_attn.v_proj.weight": 0.026577847078442574, "model.layers.10.self_attn.o_proj.weight": 0.05466107279062271, "model.layers.10.mlp.gate_proj.weight": 0.1042056530714035, "model.layers.10.mlp.up_proj.weight": 0.10507596284151077, "model.layers.10.mlp.down_proj.weight": 0.10539569705724716, "model.layers.10.input_layernorm.weight": 0.001132971839979291, "model.layers.10.post_attention_layernorm.weight": 0.0011685723438858986, "model.layers.11.self_attn.q_proj.weight": 0.054799292236566544, "model.layers.11.self_attn.k_proj.weight": 0.027066780254244804, "model.layers.11.self_attn.v_proj.weight": 0.026798250153660774, "model.layers.11.self_attn.o_proj.weight": 0.055778201669454575, "model.layers.11.mlp.gate_proj.weight": 0.10401114821434021, "model.layers.11.mlp.up_proj.weight": 0.10529888421297073, "model.layers.11.mlp.down_proj.weight": 0.1052733063697815, "model.layers.11.input_layernorm.weight": 0.0011857046047225595, "model.layers.11.post_attention_layernorm.weight": 0.0011470025638118386, "model.layers.12.self_attn.q_proj.weight": 0.05402131378650665, "model.layers.12.self_attn.k_proj.weight": 0.025876028463244438, "model.layers.12.self_attn.v_proj.weight": 0.026882542297244072, "model.layers.12.self_attn.o_proj.weight": 0.05517149716615677, "model.layers.12.mlp.gate_proj.weight": 0.1044951006770134, "model.layers.12.mlp.up_proj.weight": 0.10502651333808899, "model.layers.12.mlp.down_proj.weight": 0.10530383884906769, "model.layers.12.input_layernorm.weight": 0.0011380786309018731, "model.layers.12.post_attention_layernorm.weight": 0.0011381085496395826, "model.layers.13.self_attn.q_proj.weight": 0.05292044207453728, "model.layers.13.self_attn.k_proj.weight": 0.026239754632115364, "model.layers.13.self_attn.v_proj.weight": 0.026847461238503456, "model.layers.13.self_attn.o_proj.weight": 0.05465744435787201, "model.layers.13.mlp.gate_proj.weight": 0.10559432208538055, "model.layers.13.mlp.up_proj.weight": 0.10571007430553436, "model.layers.13.mlp.down_proj.weight": 0.1068120002746582,