{"total_norm": 7.300021171569824, "target_norm": 0.9401793479919434, "param2norm_diff": {"model.embed_tokens.weight": 0.18510451912879944, "model.layers.0.self_attn.q_proj.weight": 0.04452597722411156, "model.layers.0.self_attn.k_proj.weight": 0.022377757355570793, "model.layers.0.self_attn.v_proj.weight": 0.02298307791352272, "model.layers.0.self_attn.o_proj.weight": 0.0463174432516098, "model.layers.0.mlp.gate_proj.weight": 0.09293634444475174, "model.layers.0.mlp.up_proj.weight": 0.09287281334400177, "model.layers.0.mlp.down_proj.weight": 0.09275251626968384, "model.layers.0.input_layernorm.weight": 0.0009728334844112396, "model.layers.0.post_attention_layernorm.weight": 0.0010237026726827025, "model.layers.1.self_attn.q_proj.weight": 0.04707667604088783, "model.layers.1.self_attn.k_proj.weight": 0.022885950282216072, "model.layers.1.self_attn.v_proj.weight": 0.023927995935082436, "model.layers.1.self_attn.o_proj.weight": 0.0473334826529026, "model.layers.1.mlp.gate_proj.weight": 0.09301585704088211, "model.layers.1.mlp.up_proj.weight": 0.09238658100366592, "model.layers.1.mlp.down_proj.weight": 0.09258414804935455, "model.layers.1.input_layernorm.weight": 0.0009983659256249666, "model.layers.1.post_attention_layernorm.weight": 0.001019614632241428, "model.layers.2.self_attn.q_proj.weight": 0.04668746143579483, "model.layers.2.self_attn.k_proj.weight": 0.0231377761811018, "model.layers.2.self_attn.v_proj.weight": 0.023384174332022667, "model.layers.2.self_attn.o_proj.weight": 0.04808903485536575, "model.layers.2.mlp.gate_proj.weight": 0.09427046030759811, "model.layers.2.mlp.up_proj.weight": 0.09431307762861252, "model.layers.2.mlp.down_proj.weight": 0.09484433382749557, "model.layers.2.input_layernorm.weight": 0.0009840999264270067, "model.layers.2.post_attention_layernorm.weight": 0.001032588304951787, "model.layers.3.self_attn.q_proj.weight": 0.049052752554416656, "model.layers.3.self_attn.k_proj.weight": 0.02465207502245903, "model.layers.3.self_attn.v_proj.weight": 0.024012211710214615, "model.layers.3.self_attn.o_proj.weight": 0.04811723157763481, "model.layers.3.mlp.gate_proj.weight": 0.09581789374351501, "model.layers.3.mlp.up_proj.weight": 0.09598544985055923, "model.layers.3.mlp.down_proj.weight": 0.09597104042768478, "model.layers.3.input_layernorm.weight": 0.0010841755429282784, "model.layers.3.post_attention_layernorm.weight": 0.0010420563630759716, "model.layers.4.self_attn.q_proj.weight": 0.048117682337760925, "model.layers.4.self_attn.k_proj.weight": 0.023976987227797508, "model.layers.4.self_attn.v_proj.weight": 0.023889804258942604, "model.layers.4.self_attn.o_proj.weight": 0.04790777713060379, "model.layers.4.mlp.gate_proj.weight": 0.09644050896167755, "model.layers.4.mlp.up_proj.weight": 0.09602023661136627, "model.layers.4.mlp.down_proj.weight": 0.09625833481550217, "model.layers.4.input_layernorm.weight": 0.0010236477246508002, "model.layers.4.post_attention_layernorm.weight": 0.0010395124554634094, "model.layers.5.self_attn.q_proj.weight": 0.04818512126803398, "model.layers.5.self_attn.k_proj.weight": 0.023988062515854836, "model.layers.5.self_attn.v_proj.weight": 0.023865316063165665, "model.layers.5.self_attn.o_proj.weight": 0.04826536774635315, "model.layers.5.mlp.gate_proj.weight": 0.09737010300159454, "model.layers.5.mlp.up_proj.weight": 0.09693402796983719, "model.layers.5.mlp.down_proj.weight": 0.09676326811313629, "model.layers.5.input_layernorm.weight": 0.001047230325639248, "model.layers.5.post_attention_layernorm.weight": 0.0010739360004663467, "model.layers.6.self_attn.q_proj.weight": 0.04828673601150513, "model.layers.6.self_attn.k_proj.weight": 0.02374439500272274, "model.layers.6.self_attn.v_proj.weight": 0.024129319936037064, "model.layers.6.self_attn.o_proj.weight": 0.04876341670751572, "model.layers.6.mlp.gate_proj.weight": 0.09814051538705826, "model.layers.6.mlp.up_proj.weight": 0.09742787480354309, "model.layers.6.mlp.down_proj.weight": 0.09744089096784592, "model.layers.6.input_layernorm.weight": 0.001036265166476369, "model.layers.6.post_attention_layernorm.weight": 0.0010805396595969796, "model.layers.7.self_attn.q_proj.weight": 0.04952416196465492, "model.layers.7.self_attn.k_proj.weight": 0.024420462548732758, "model.layers.7.self_attn.v_proj.weight": 0.024128034710884094, "model.layers.7.self_attn.o_proj.weight": 0.04868461564183235, "model.layers.7.mlp.gate_proj.weight": 0.09922781586647034, "model.layers.7.mlp.up_proj.weight": 0.09808748215436935, "model.layers.7.mlp.down_proj.weight": 0.09777799993753433, "model.layers.7.input_layernorm.weight": 0.0010408071102574468, "model.layers.7.post_attention_layernorm.weight": 0.0010785212507471442, "model.layers.8.self_attn.q_proj.weight": 0.04905039072036743, "model.layers.8.self_attn.k_proj.weight": 0.02467336133122444, "model.layers.8.self_attn.v_proj.weight": 0.02410784550011158, "model.layers.8.self_attn.o_proj.weight": 0.049094632267951965, "model.layers.8.mlp.gate_proj.weight": 0.10034603625535965, "model.layers.8.mlp.up_proj.weight": 0.09834164381027222, "model.layers.8.mlp.down_proj.weight": 0.09941906481981277, "model.layers.8.input_layernorm.weight": 0.0010526617988944054, "model.layers.8.post_attention_layernorm.weight": 0.0010845063952729106, "model.layers.9.self_attn.q_proj.weight": 0.04989705979824066, "model.layers.9.self_attn.k_proj.weight": 0.024513838812708855, "model.layers.9.self_attn.v_proj.weight": 0.024415792897343636, "model.layers.9.self_attn.o_proj.weight": 0.05041804537177086, "model.layers.9.mlp.gate_proj.weight": 0.10129912197589874, "model.layers.9.mlp.up_proj.weight": 0.09924180060625076, "model.layers.9.mlp.down_proj.weight": 0.10018239170312881, "model.layers.9.input_layernorm.weight": 0.0010693174554035068, "model.layers.9.post_attention_layernorm.weight": 0.0010854026768356562, "model.layers.10.self_attn.q_proj.weight": 0.05058646947145462, "model.layers.10.self_attn.k_proj.weight": 0.024628402665257454, "model.layers.10.self_attn.v_proj.weight": 0.024697760120034218, "model.layers.10.self_attn.o_proj.weight": 0.050823427736759186, "model.layers.10.mlp.gate_proj.weight": 0.09998486936092377, "model.layers.10.mlp.up_proj.weight": 0.09957268089056015, "model.layers.10.mlp.down_proj.weight": 0.09951478242874146, "model.layers.10.input_layernorm.weight": 0.0011067799059674144, "model.layers.10.post_attention_layernorm.weight": 0.0010750824585556984, "model.layers.11.self_attn.q_proj.weight": 0.05090202018618584, "model.layers.11.self_attn.k_proj.weight": 0.02443251945078373, "model.layers.11.self_attn.v_proj.weight": 0.024623602628707886, "model.layers.11.self_attn.o_proj.weight": 0.051259931176900864, "model.layers.11.mlp.gate_proj.weight": 0.09951707720756531, "model.layers.11.mlp.up_proj.weight": 0.09953932464122772, "model.layers.11.mlp.down_proj.weight": 0.0999574214220047, "model.layers.11.input_layernorm.weight": 0.0010132216848433018, "model.layers.11.post_attention_layernorm.weight": 0.0010541336378082633, "model.layers.12.self_attn.q_proj.weight": 0.050607841461896896, "model.layers.12.self_attn.k_proj.weight": 0.024367131292819977, "model.layers.12.self_attn.v_proj.weight": 0.024714326485991478, "model.layers.12.self_attn.o_proj.weight": 0.05053335800766945, "model.layers.12.mlp.gate_proj.weight": 0.09955208003520966, "model.layers.12.mlp.up_proj.weight": 0.09967701882123947, "model.layers.12.mlp.down_proj.weight": 0.09891095757484436, "model.layers.12.input_layernorm.weight": 0.0011057023657485843, "model.layers.12.post_attention_layernorm.weight": 0.0010656478116288781, "model.layers.13.self_attn.q_proj.weight": 0.0496988520026207, "model.layers.13.self_attn.k_proj.weight": 0.02377650886774063, "model.layers.13.self_attn.v_proj.weight": 0.025043176487088203, "model.layers.13.self_attn.o_proj.weight": 0.05074182525277138, "model.layers.13.mlp.gate_proj.weight": 0.10078170150518417, "model.layers.13.mlp.up_proj.weight": 0.10062349587678909, "model.layers.13.mlp.down_proj.weight": 0.10110357403755188,