{"total_norm": 7.338538646697998, "target_norm": 0.978397011756897, "param2norm_diff": {"model.embed_tokens.weight": 0.19003546237945557, "model.layers.0.self_attn.q_proj.weight": 0.04498567432165146, "model.layers.0.self_attn.k_proj.weight": 0.022822057828307152, "model.layers.0.self_attn.v_proj.weight": 0.022909631952643394, "model.layers.0.self_attn.o_proj.weight": 0.046441514045000076, "model.layers.0.mlp.gate_proj.weight": 0.09192052483558655, "model.layers.0.mlp.up_proj.weight": 0.09179670363664627, "model.layers.0.mlp.down_proj.weight": 0.09244019538164139, "model.layers.0.input_layernorm.weight": 0.0009834502125158906, "model.layers.0.post_attention_layernorm.weight": 0.001029496779665351, "model.layers.1.self_attn.q_proj.weight": 0.04654160141944885, "model.layers.1.self_attn.k_proj.weight": 0.023297863081097603, "model.layers.1.self_attn.v_proj.weight": 0.023275209590792656, "model.layers.1.self_attn.o_proj.weight": 0.046716731041669846, "model.layers.1.mlp.gate_proj.weight": 0.0930270329117775, "model.layers.1.mlp.up_proj.weight": 0.09323518723249435, "model.layers.1.mlp.down_proj.weight": 0.0933762714266777, "model.layers.1.input_layernorm.weight": 0.0009931991808116436, "model.layers.1.post_attention_layernorm.weight": 0.001024897093884647, "model.layers.2.self_attn.q_proj.weight": 0.04763806238770485, "model.layers.2.self_attn.k_proj.weight": 0.02378690242767334, "model.layers.2.self_attn.v_proj.weight": 0.023222744464874268, "model.layers.2.self_attn.o_proj.weight": 0.046585336327552795, "model.layers.2.mlp.gate_proj.weight": 0.0928746908903122, "model.layers.2.mlp.up_proj.weight": 0.09284502267837524, "model.layers.2.mlp.down_proj.weight": 0.09307988733053207, "model.layers.2.input_layernorm.weight": 0.001049840939231217, "model.layers.2.post_attention_layernorm.weight": 0.001039150170981884, "model.layers.3.self_attn.q_proj.weight": 0.046982161700725555, "model.layers.3.self_attn.k_proj.weight": 0.022876644507050514, "model.layers.3.self_attn.v_proj.weight": 0.023358013480901718, "model.layers.3.self_attn.o_proj.weight": 0.04667718708515167, "model.layers.3.mlp.gate_proj.weight": 0.09320185333490372, "model.layers.3.mlp.up_proj.weight": 0.09336050599813461, "model.layers.3.mlp.down_proj.weight": 0.0939030721783638, "model.layers.3.input_layernorm.weight": 0.0009971034014597535, "model.layers.3.post_attention_layernorm.weight": 0.001018010196276009, "model.layers.4.self_attn.q_proj.weight": 0.04627451300621033, "model.layers.4.self_attn.k_proj.weight": 0.02303037792444229, "model.layers.4.self_attn.v_proj.weight": 0.023400044068694115, "model.layers.4.self_attn.o_proj.weight": 0.04622126370668411, "model.layers.4.mlp.gate_proj.weight": 0.09350016713142395, "model.layers.4.mlp.up_proj.weight": 0.09412139654159546, "model.layers.4.mlp.down_proj.weight": 0.09440068155527115, "model.layers.4.input_layernorm.weight": 0.001017633592709899, "model.layers.4.post_attention_layernorm.weight": 0.001020171563141048, "model.layers.5.self_attn.q_proj.weight": 0.04729538783431053, "model.layers.5.self_attn.k_proj.weight": 0.023637859150767326, "model.layers.5.self_attn.v_proj.weight": 0.023587150499224663, "model.layers.5.self_attn.o_proj.weight": 0.04744410887360573, "model.layers.5.mlp.gate_proj.weight": 0.09432802349328995, "model.layers.5.mlp.up_proj.weight": 0.09454913437366486, "model.layers.5.mlp.down_proj.weight": 0.09507504105567932, "model.layers.5.input_layernorm.weight": 0.0010381783358752728, "model.layers.5.post_attention_layernorm.weight": 0.001052901498042047, "model.layers.6.self_attn.q_proj.weight": 0.04746062308549881, "model.layers.6.self_attn.k_proj.weight": 0.02322489395737648, "model.layers.6.self_attn.v_proj.weight": 0.02330918423831463, "model.layers.6.self_attn.o_proj.weight": 0.04762790724635124, "model.layers.6.mlp.gate_proj.weight": 0.09487860649824142, "model.layers.6.mlp.up_proj.weight": 0.09533392637968063, "model.layers.6.mlp.down_proj.weight": 0.09607870876789093, "model.layers.6.input_layernorm.weight": 0.0010370963718742132, "model.layers.6.post_attention_layernorm.weight": 0.0010548399295657873, "model.layers.7.self_attn.q_proj.weight": 0.04637444391846657, "model.layers.7.self_attn.k_proj.weight": 0.02343900129199028, "model.layers.7.self_attn.v_proj.weight": 0.023576432839035988, "model.layers.7.self_attn.o_proj.weight": 0.04738160967826843, "model.layers.7.mlp.gate_proj.weight": 0.09658456593751907, "model.layers.7.mlp.up_proj.weight": 0.09691791981458664, "model.layers.7.mlp.down_proj.weight": 0.09722781926393509, "model.layers.7.input_layernorm.weight": 0.0010036415187641978, "model.layers.7.post_attention_layernorm.weight": 0.0010787714272737503, "model.layers.8.self_attn.q_proj.weight": 0.04755533114075661, "model.layers.8.self_attn.k_proj.weight": 0.023379189893603325, "model.layers.8.self_attn.v_proj.weight": 0.023463595658540726, "model.layers.8.self_attn.o_proj.weight": 0.048375070095062256, "model.layers.8.mlp.gate_proj.weight": 0.0984434261918068, "model.layers.8.mlp.up_proj.weight": 0.09839607030153275, "model.layers.8.mlp.down_proj.weight": 0.09946862608194351, "model.layers.8.input_layernorm.weight": 0.0010306505719199777, "model.layers.8.post_attention_layernorm.weight": 0.001083951909095049, "model.layers.9.self_attn.q_proj.weight": 0.048607442528009415, "model.layers.9.self_attn.k_proj.weight": 0.02366039529442787, "model.layers.9.self_attn.v_proj.weight": 0.024338120594620705, "model.layers.9.self_attn.o_proj.weight": 0.049868009984493256, "model.layers.9.mlp.gate_proj.weight": 0.10077466815710068, "model.layers.9.mlp.up_proj.weight": 0.10120660811662674, "model.layers.9.mlp.down_proj.weight": 0.102199986577034, "model.layers.9.input_layernorm.weight": 0.0010257561225444078, "model.layers.9.post_attention_layernorm.weight": 0.0011111003113910556, "model.layers.10.self_attn.q_proj.weight": 0.049179501831531525, "model.layers.10.self_attn.k_proj.weight": 0.02446148358285427, "model.layers.10.self_attn.v_proj.weight": 0.02516735903918743, "model.layers.10.self_attn.o_proj.weight": 0.05122793838381767, "model.layers.10.mlp.gate_proj.weight": 0.10222665965557098, "model.layers.10.mlp.up_proj.weight": 0.10329259186983109, "model.layers.10.mlp.down_proj.weight": 0.10396990180015564, "model.layers.10.input_layernorm.weight": 0.0010898412438109517, "model.layers.10.post_attention_layernorm.weight": 0.001133110374212265, "model.layers.11.self_attn.q_proj.weight": 0.051279254257678986, "model.layers.11.self_attn.k_proj.weight": 0.025270113721489906, "model.layers.11.self_attn.v_proj.weight": 0.02552064135670662, "model.layers.11.self_attn.o_proj.weight": 0.051793184131383896, "model.layers.11.mlp.gate_proj.weight": 0.10358952730894089, "model.layers.11.mlp.up_proj.weight": 0.10494911670684814, "model.layers.11.mlp.down_proj.weight": 0.10502808541059494, "model.layers.11.input_layernorm.weight": 0.0010929325362667441, "model.layers.11.post_attention_layernorm.weight": 0.0011574310483410954, "model.layers.12.self_attn.q_proj.weight": 0.051747165620326996, "model.layers.12.self_attn.k_proj.weight": 0.025689685717225075, "model.layers.12.self_attn.v_proj.weight": 0.025709347799420357, "model.layers.12.self_attn.o_proj.weight": 0.05242244154214859, "model.layers.12.mlp.gate_proj.weight": 0.10513696819543839, "model.layers.12.mlp.up_proj.weight": 0.10545030981302261, "model.layers.12.mlp.down_proj.weight": 0.1057511493563652, "model.layers.12.input_layernorm.weight": 0.0011000451631844044, "model.layers.12.post_attention_layernorm.weight": 0.0011534432414919138, "model.layers.13.self_attn.q_proj.weight": 0.049723051488399506, "model.layers.13.self_attn.k_proj.weight": 0.02456522360444069, "model.layers.13.self_attn.v_proj.weight": 0.026128403842449188, "model.layers.13.self_attn.o_proj.weight": 0.05219021812081337, "model.layers.13.mlp.gate_proj.weight": 0.1067933440208435, "model.layers.13.mlp.up_proj.weight": 0.10715680569410324, "model.layers.13.mlp.down_proj.weight": 0.10635894536972046,