{"total_norm": 7.067883491516113, "target_norm": 0.9033408164978027, "param2norm_diff": {"model.embed_tokens.weight": 0.16158238053321838, "model.layers.0.self_attn.q_proj.weight": 0.04310375079512596, "model.layers.0.self_attn.k_proj.weight": 0.022785518318414688, "model.layers.0.self_attn.v_proj.weight": 0.02310328744351864, "model.layers.0.self_attn.o_proj.weight": 0.045246414840221405, "model.layers.0.mlp.gate_proj.weight": 0.08889586478471756, "model.layers.0.mlp.up_proj.weight": 0.08897409588098526, "model.layers.0.mlp.down_proj.weight": 0.08901826292276382, "model.layers.0.input_layernorm.weight": 0.0009967827936634421, "model.layers.0.post_attention_layernorm.weight": 0.0009665230172686279, "model.layers.1.self_attn.q_proj.weight": 0.04476279765367508, "model.layers.1.self_attn.k_proj.weight": 0.022140491753816605, "model.layers.1.self_attn.v_proj.weight": 0.02283826656639576, "model.layers.1.self_attn.o_proj.weight": 0.045746348798274994, "model.layers.1.mlp.gate_proj.weight": 0.08924049884080887, "model.layers.1.mlp.up_proj.weight": 0.0890812873840332, "model.layers.1.mlp.down_proj.weight": 0.0897551104426384, "model.layers.1.input_layernorm.weight": 0.0009745219722390175, "model.layers.1.post_attention_layernorm.weight": 0.0009784941794350743, "model.layers.2.self_attn.q_proj.weight": 0.046441514045000076, "model.layers.2.self_attn.k_proj.weight": 0.02320343814790249, "model.layers.2.self_attn.v_proj.weight": 0.023048991337418556, "model.layers.2.self_attn.o_proj.weight": 0.0469074472784996, "model.layers.2.mlp.gate_proj.weight": 0.09112691134214401, "model.layers.2.mlp.up_proj.weight": 0.09096092730760574, "model.layers.2.mlp.down_proj.weight": 0.09141496568918228, "model.layers.2.input_layernorm.weight": 0.0010009418474510312, "model.layers.2.post_attention_layernorm.weight": 0.0009907501516863704, "model.layers.3.self_attn.q_proj.weight": 0.04526945948600769, "model.layers.3.self_attn.k_proj.weight": 0.022674836218357086, "model.layers.3.self_attn.v_proj.weight": 0.022949209436774254, "model.layers.3.self_attn.o_proj.weight": 0.04599655047059059, "model.layers.3.mlp.gate_proj.weight": 0.092010997235775, "model.layers.3.mlp.up_proj.weight": 0.09156981110572815, "model.layers.3.mlp.down_proj.weight": 0.0924181416630745, "model.layers.3.input_layernorm.weight": 0.000985688529908657, "model.layers.3.post_attention_layernorm.weight": 0.000985193531960249, "model.layers.4.self_attn.q_proj.weight": 0.04553673788905144, "model.layers.4.self_attn.k_proj.weight": 0.02259606495499611, "model.layers.4.self_attn.v_proj.weight": 0.02276686020195484, "model.layers.4.self_attn.o_proj.weight": 0.04604759439826012, "model.layers.4.mlp.gate_proj.weight": 0.09306827932596207, "model.layers.4.mlp.up_proj.weight": 0.09208131581544876, "model.layers.4.mlp.down_proj.weight": 0.09285403043031693, "model.layers.4.input_layernorm.weight": 0.000942783139180392, "model.layers.4.post_attention_layernorm.weight": 0.001002250355668366, "model.layers.5.self_attn.q_proj.weight": 0.0459214486181736, "model.layers.5.self_attn.k_proj.weight": 0.02257101610302925, "model.layers.5.self_attn.v_proj.weight": 0.022976567968726158, "model.layers.5.self_attn.o_proj.weight": 0.046744391322135925, "model.layers.5.mlp.gate_proj.weight": 0.09395285695791245, "model.layers.5.mlp.up_proj.weight": 0.09333890676498413, "model.layers.5.mlp.down_proj.weight": 0.09390007704496384, "model.layers.5.input_layernorm.weight": 0.000999670708552003, "model.layers.5.post_attention_layernorm.weight": 0.0010138251818716526, "model.layers.6.self_attn.q_proj.weight": 0.046737316995859146, "model.layers.6.self_attn.k_proj.weight": 0.023174652829766273, "model.layers.6.self_attn.v_proj.weight": 0.023213446140289307, "model.layers.6.self_attn.o_proj.weight": 0.046920616179704666, "model.layers.6.mlp.gate_proj.weight": 0.09581128507852554, "model.layers.6.mlp.up_proj.weight": 0.09507615864276886, "model.layers.6.mlp.down_proj.weight": 0.09516273438930511, "model.layers.6.input_layernorm.weight": 0.0010147697757929564, "model.layers.6.post_attention_layernorm.weight": 0.0010335082188248634, "model.layers.7.self_attn.q_proj.weight": 0.04728151112794876, "model.layers.7.self_attn.k_proj.weight": 0.023235391825437546, "model.layers.7.self_attn.v_proj.weight": 0.023433929309248924, "model.layers.7.self_attn.o_proj.weight": 0.04721038043498993, "model.layers.7.mlp.gate_proj.weight": 0.09648321568965912, "model.layers.7.mlp.up_proj.weight": 0.09604193270206451, "model.layers.7.mlp.down_proj.weight": 0.09627830237150192, "model.layers.7.input_layernorm.weight": 0.0010259344708174467, "model.layers.7.post_attention_layernorm.weight": 0.0010439656907692552, "model.layers.8.self_attn.q_proj.weight": 0.04776166379451752, "model.layers.8.self_attn.k_proj.weight": 0.023575730621814728, "model.layers.8.self_attn.v_proj.weight": 0.02353246510028839, "model.layers.8.self_attn.o_proj.weight": 0.04832637682557106, "model.layers.8.mlp.gate_proj.weight": 0.09765932708978653, "model.layers.8.mlp.up_proj.weight": 0.09686339646577835, "model.layers.8.mlp.down_proj.weight": 0.09740377217531204, "model.layers.8.input_layernorm.weight": 0.001026478479616344, "model.layers.8.post_attention_layernorm.weight": 0.0010834450367838144, "model.layers.9.self_attn.q_proj.weight": 0.048609502613544464, "model.layers.9.self_attn.k_proj.weight": 0.024342939257621765, "model.layers.9.self_attn.v_proj.weight": 0.023961808532476425, "model.layers.9.self_attn.o_proj.weight": 0.04870286211371422, "model.layers.9.mlp.gate_proj.weight": 0.09829027950763702, "model.layers.9.mlp.up_proj.weight": 0.09845240414142609, "model.layers.9.mlp.down_proj.weight": 0.09870266914367676, "model.layers.9.input_layernorm.weight": 0.0010225801961496472, "model.layers.9.post_attention_layernorm.weight": 0.001077625434845686, "model.layers.10.self_attn.q_proj.weight": 0.04913853853940964, "model.layers.10.self_attn.k_proj.weight": 0.023836063221096992, "model.layers.10.self_attn.v_proj.weight": 0.02410491555929184, "model.layers.10.self_attn.o_proj.weight": 0.04964325204491615, "model.layers.10.mlp.gate_proj.weight": 0.09895230084657669, "model.layers.10.mlp.up_proj.weight": 0.09932258725166321, "model.layers.10.mlp.down_proj.weight": 0.09931406378746033, "model.layers.10.input_layernorm.weight": 0.0010808600345626473, "model.layers.10.post_attention_layernorm.weight": 0.0010946836555376649, "model.layers.11.self_attn.q_proj.weight": 0.04893137887120247, "model.layers.11.self_attn.k_proj.weight": 0.02469874545931816, "model.layers.11.self_attn.v_proj.weight": 0.024465827271342278, "model.layers.11.self_attn.o_proj.weight": 0.04929596558213234, "model.layers.11.mlp.gate_proj.weight": 0.09892633557319641, "model.layers.11.mlp.up_proj.weight": 0.09928995370864868, "model.layers.11.mlp.down_proj.weight": 0.09926462173461914, "model.layers.11.input_layernorm.weight": 0.00107458361890167, "model.layers.11.post_attention_layernorm.weight": 0.001099320943467319, "model.layers.12.self_attn.q_proj.weight": 0.04853079095482826, "model.layers.12.self_attn.k_proj.weight": 0.023775262758135796, "model.layers.12.self_attn.v_proj.weight": 0.024387380108237267, "model.layers.12.self_attn.o_proj.weight": 0.049283403903245926, "model.layers.12.mlp.gate_proj.weight": 0.09864155948162079, "model.layers.12.mlp.up_proj.weight": 0.09842199832201004, "model.layers.12.mlp.down_proj.weight": 0.09830335527658463, "model.layers.12.input_layernorm.weight": 0.0010806296486407518, "model.layers.12.post_attention_layernorm.weight": 0.0010796450078487396, "model.layers.13.self_attn.q_proj.weight": 0.04759577661752701, "model.layers.13.self_attn.k_proj.weight": 0.02355167642235756, "model.layers.13.self_attn.v_proj.weight": 0.024122856557369232, "model.layers.13.self_attn.o_proj.weight": 0.048569079488515854, "model.layers.13.mlp.gate_proj.weight": 0.09875255078077316, "model.layers.13.mlp.up_proj.weight": 0.09870538115501404, "model.layers.13.mlp.down_proj.weight": 0.09887363761663437,