{"total_norm": 7.134997844696045, "target_norm": 0.934783935546875, "param2norm_diff": {"model.embed_tokens.weight": 0.15766173601150513, "model.layers.0.self_attn.q_proj.weight": 0.04485729709267616, "model.layers.0.self_attn.k_proj.weight": 0.022175103425979614, "model.layers.0.self_attn.v_proj.weight": 0.022775039076805115, "model.layers.0.self_attn.o_proj.weight": 0.04524984210729599, "model.layers.0.mlp.gate_proj.weight": 0.08973968774080276, "model.layers.0.mlp.up_proj.weight": 0.0896977111697197, "model.layers.0.mlp.down_proj.weight": 0.08983590453863144, "model.layers.0.input_layernorm.weight": 0.0009626935352571309, "model.layers.0.post_attention_layernorm.weight": 0.0010038994951173663, "model.layers.1.self_attn.q_proj.weight": 0.04494066908955574, "model.layers.1.self_attn.k_proj.weight": 0.022528192028403282, "model.layers.1.self_attn.v_proj.weight": 0.022518733516335487, "model.layers.1.self_attn.o_proj.weight": 0.045334361493587494, "model.layers.1.mlp.gate_proj.weight": 0.08977172523736954, "model.layers.1.mlp.up_proj.weight": 0.08959417790174484, "model.layers.1.mlp.down_proj.weight": 0.08975748717784882, "model.layers.1.input_layernorm.weight": 0.0009783055866137147, "model.layers.1.post_attention_layernorm.weight": 0.0009827269241213799, "model.layers.2.self_attn.q_proj.weight": 0.04611743614077568, "model.layers.2.self_attn.k_proj.weight": 0.022155815735459328, "model.layers.2.self_attn.v_proj.weight": 0.022538747638463974, "model.layers.2.self_attn.o_proj.weight": 0.04562019556760788, "model.layers.2.mlp.gate_proj.weight": 0.08994941413402557, "model.layers.2.mlp.up_proj.weight": 0.08971802145242691, "model.layers.2.mlp.down_proj.weight": 0.09060327708721161, "model.layers.2.input_layernorm.weight": 0.0009759053937159479, "model.layers.2.post_attention_layernorm.weight": 0.0009857395198196173, "model.layers.3.self_attn.q_proj.weight": 0.04528769105672836, "model.layers.3.self_attn.k_proj.weight": 0.02235635556280613, "model.layers.3.self_attn.v_proj.weight": 0.022381821647286415, "model.layers.3.self_attn.o_proj.weight": 0.045379817485809326, "model.layers.3.mlp.gate_proj.weight": 0.0920378565788269, "model.layers.3.mlp.up_proj.weight": 0.09169469028711319, "model.layers.3.mlp.down_proj.weight": 0.0923435166478157, "model.layers.3.input_layernorm.weight": 0.0009818485705181956, "model.layers.3.post_attention_layernorm.weight": 0.0009941582102328539, "model.layers.4.self_attn.q_proj.weight": 0.046777550131082535, "model.layers.4.self_attn.k_proj.weight": 0.023247569799423218, "model.layers.4.self_attn.v_proj.weight": 0.02272884175181389, "model.layers.4.self_attn.o_proj.weight": 0.04553428664803505, "model.layers.4.mlp.gate_proj.weight": 0.09285036474466324, "model.layers.4.mlp.up_proj.weight": 0.09213026612997055, "model.layers.4.mlp.down_proj.weight": 0.09267197549343109, "model.layers.4.input_layernorm.weight": 0.0009989701211452484, "model.layers.4.post_attention_layernorm.weight": 0.0009968680096790195, "model.layers.5.self_attn.q_proj.weight": 0.045731961727142334, "model.layers.5.self_attn.k_proj.weight": 0.023152826353907585, "model.layers.5.self_attn.v_proj.weight": 0.022662349045276642, "model.layers.5.self_attn.o_proj.weight": 0.045233506709337234, "model.layers.5.mlp.gate_proj.weight": 0.09347134083509445, "model.layers.5.mlp.up_proj.weight": 0.09285111725330353, "model.layers.5.mlp.down_proj.weight": 0.09300896525382996, "model.layers.5.input_layernorm.weight": 0.0010011865524575114, "model.layers.5.post_attention_layernorm.weight": 0.0010214619105681777, "model.layers.6.self_attn.q_proj.weight": 0.045985009521245956, "model.layers.6.self_attn.k_proj.weight": 0.022632023319602013, "model.layers.6.self_attn.v_proj.weight": 0.023008763790130615, "model.layers.6.self_attn.o_proj.weight": 0.04626353085041046, "model.layers.6.mlp.gate_proj.weight": 0.09489124268293381, "model.layers.6.mlp.up_proj.weight": 0.09370040893554688, "model.layers.6.mlp.down_proj.weight": 0.09425756335258484, "model.layers.6.input_layernorm.weight": 0.0009950136300176382, "model.layers.6.post_attention_layernorm.weight": 0.0010274123633280396, "model.layers.7.self_attn.q_proj.weight": 0.046704888343811035, "model.layers.7.self_attn.k_proj.weight": 0.023009857162833214, "model.layers.7.self_attn.v_proj.weight": 0.023067524656653404, "model.layers.7.self_attn.o_proj.weight": 0.046862490475177765, "model.layers.7.mlp.gate_proj.weight": 0.09693654626607895, "model.layers.7.mlp.up_proj.weight": 0.09573934972286224, "model.layers.7.mlp.down_proj.weight": 0.09610212594270706, "model.layers.7.input_layernorm.weight": 0.0009659553761593997, "model.layers.7.post_attention_layernorm.weight": 0.001053589046932757, "model.layers.8.self_attn.q_proj.weight": 0.04834304004907608, "model.layers.8.self_attn.k_proj.weight": 0.023903802037239075, "model.layers.8.self_attn.v_proj.weight": 0.023225858807563782, "model.layers.8.self_attn.o_proj.weight": 0.047482047230005264, "model.layers.8.mlp.gate_proj.weight": 0.09876306354999542, "model.layers.8.mlp.up_proj.weight": 0.09733232110738754, "model.layers.8.mlp.down_proj.weight": 0.09783461689949036, "model.layers.8.input_layernorm.weight": 0.0010259750997647643, "model.layers.8.post_attention_layernorm.weight": 0.0010744534665718675, "model.layers.9.self_attn.q_proj.weight": 0.04919053241610527, "model.layers.9.self_attn.k_proj.weight": 0.024224283173680305, "model.layers.9.self_attn.v_proj.weight": 0.023777790367603302, "model.layers.9.self_attn.o_proj.weight": 0.048702944070100784, "model.layers.9.mlp.gate_proj.weight": 0.09989944845438004, "model.layers.9.mlp.up_proj.weight": 0.0989726334810257, "model.layers.9.mlp.down_proj.weight": 0.09939348697662354, "model.layers.9.input_layernorm.weight": 0.0010239850962534547, "model.layers.9.post_attention_layernorm.weight": 0.0010754808317869902, "model.layers.10.self_attn.q_proj.weight": 0.050342340022325516, "model.layers.10.self_attn.k_proj.weight": 0.024453170597553253, "model.layers.10.self_attn.v_proj.weight": 0.02481554076075554, "model.layers.10.self_attn.o_proj.weight": 0.05052395537495613, "model.layers.10.mlp.gate_proj.weight": 0.09987717121839523, "model.layers.10.mlp.up_proj.weight": 0.10013903677463531, "model.layers.10.mlp.down_proj.weight": 0.10021768510341644, "model.layers.10.input_layernorm.weight": 0.0010692296782508492, "model.layers.10.post_attention_layernorm.weight": 0.0010838760063052177, "model.layers.11.self_attn.q_proj.weight": 0.05100391060113907, "model.layers.11.self_attn.k_proj.weight": 0.024534154683351517, "model.layers.11.self_attn.v_proj.weight": 0.02482415921986103, "model.layers.11.self_attn.o_proj.weight": 0.051278240978717804, "model.layers.11.mlp.gate_proj.weight": 0.09968248009681702, "model.layers.11.mlp.up_proj.weight": 0.10064701735973358, "model.layers.11.mlp.down_proj.weight": 0.1005856841802597, "model.layers.11.input_layernorm.weight": 0.0010219590039923787, "model.layers.11.post_attention_layernorm.weight": 0.001084859948605299, "model.layers.12.self_attn.q_proj.weight": 0.05190988630056381, "model.layers.12.self_attn.k_proj.weight": 0.025226015597581863, "model.layers.12.self_attn.v_proj.weight": 0.025353047996759415, "model.layers.12.self_attn.o_proj.weight": 0.05163487046957016, "model.layers.12.mlp.gate_proj.weight": 0.09956365823745728, "model.layers.12.mlp.up_proj.weight": 0.10008686035871506, "model.layers.12.mlp.down_proj.weight": 0.10013657063245773, "model.layers.12.input_layernorm.weight": 0.0010854548308998346, "model.layers.12.post_attention_layernorm.weight": 0.0010842009214684367, "model.layers.13.self_attn.q_proj.weight": 0.04940561205148697, "model.layers.13.self_attn.k_proj.weight": 0.02456362172961235, "model.layers.13.self_attn.v_proj.weight": 0.02517469972372055, "model.layers.13.self_attn.o_proj.weight": 0.05140744149684906, "model.layers.13.mlp.gate_proj.weight": 0.10069689154624939, "model.layers.13.mlp.up_proj.weight": 0.1009870395064354, "model.layers.13.mlp.down_proj.weight": 0.10140214115381241,