{"total_norm": 7.501239776611328, "target_norm": 0.9958450198173523, "param2norm_diff": {"model.embed_tokens.weight": 0.17960916459560394, "model.layers.0.self_attn.q_proj.weight": 0.045892830938100815, "model.layers.0.self_attn.k_proj.weight": 0.024246376007795334, "model.layers.0.self_attn.v_proj.weight": 0.023211119696497917, "model.layers.0.self_attn.o_proj.weight": 0.046883877366781235, "model.layers.0.mlp.gate_proj.weight": 0.09299648553133011, "model.layers.0.mlp.up_proj.weight": 0.093223437666893, "model.layers.0.mlp.down_proj.weight": 0.09355394542217255, "model.layers.0.input_layernorm.weight": 0.0010667577153071761, "model.layers.0.post_attention_layernorm.weight": 0.001031063380651176, "model.layers.1.self_attn.q_proj.weight": 0.046959977596998215, "model.layers.1.self_attn.k_proj.weight": 0.023242997005581856, "model.layers.1.self_attn.v_proj.weight": 0.02345152385532856, "model.layers.1.self_attn.o_proj.weight": 0.04732324928045273, "model.layers.1.mlp.gate_proj.weight": 0.09383431822061539, "model.layers.1.mlp.up_proj.weight": 0.09357921779155731, "model.layers.1.mlp.down_proj.weight": 0.09404006600379944, "model.layers.1.input_layernorm.weight": 0.000982328550890088, "model.layers.1.post_attention_layernorm.weight": 0.0010368484072387218, "model.layers.2.self_attn.q_proj.weight": 0.047954849898815155, "model.layers.2.self_attn.k_proj.weight": 0.023748192936182022, "model.layers.2.self_attn.v_proj.weight": 0.02340668812394142, "model.layers.2.self_attn.o_proj.weight": 0.047325216233730316, "model.layers.2.mlp.gate_proj.weight": 0.0944695919752121, "model.layers.2.mlp.up_proj.weight": 0.09414321184158325, "model.layers.2.mlp.down_proj.weight": 0.0946541428565979, "model.layers.2.input_layernorm.weight": 0.0009969641687348485, "model.layers.2.post_attention_layernorm.weight": 0.0010432369308546185, "model.layers.3.self_attn.q_proj.weight": 0.047547146677970886, "model.layers.3.self_attn.k_proj.weight": 0.023266084492206573, "model.layers.3.self_attn.v_proj.weight": 0.023437699303030968, "model.layers.3.self_attn.o_proj.weight": 0.047335390001535416, "model.layers.3.mlp.gate_proj.weight": 0.09519990533590317, "model.layers.3.mlp.up_proj.weight": 0.09437981247901917, "model.layers.3.mlp.down_proj.weight": 0.09510119259357452, "model.layers.3.input_layernorm.weight": 0.0010155830532312393, "model.layers.3.post_attention_layernorm.weight": 0.0010407831287011504, "model.layers.4.self_attn.q_proj.weight": 0.047334227710962296, "model.layers.4.self_attn.k_proj.weight": 0.024000324308872223, "model.layers.4.self_attn.v_proj.weight": 0.023724177852272987, "model.layers.4.self_attn.o_proj.weight": 0.04734443500638008, "model.layers.4.mlp.gate_proj.weight": 0.09505808353424072, "model.layers.4.mlp.up_proj.weight": 0.09524086117744446, "model.layers.4.mlp.down_proj.weight": 0.09560922533273697, "model.layers.4.input_layernorm.weight": 0.0010438963072374463, "model.layers.4.post_attention_layernorm.weight": 0.0010393739212304354, "model.layers.5.self_attn.q_proj.weight": 0.047304607927799225, "model.layers.5.self_attn.k_proj.weight": 0.023352578282356262, "model.layers.5.self_attn.v_proj.weight": 0.023715535178780556, "model.layers.5.self_attn.o_proj.weight": 0.04771167412400246, "model.layers.5.mlp.gate_proj.weight": 0.09576847404241562, "model.layers.5.mlp.up_proj.weight": 0.09547523409128189, "model.layers.5.mlp.down_proj.weight": 0.09625415503978729, "model.layers.5.input_layernorm.weight": 0.0010385559871792793, "model.layers.5.post_attention_layernorm.weight": 0.001036875881254673, "model.layers.6.self_attn.q_proj.weight": 0.04806831479072571, "model.layers.6.self_attn.k_proj.weight": 0.023615138605237007, "model.layers.6.self_attn.v_proj.weight": 0.02354923076927662, "model.layers.6.self_attn.o_proj.weight": 0.04782429337501526, "model.layers.6.mlp.gate_proj.weight": 0.09710577130317688, "model.layers.6.mlp.up_proj.weight": 0.09683507680892944, "model.layers.6.mlp.down_proj.weight": 0.09819486737251282, "model.layers.6.input_layernorm.weight": 0.001029600971378386, "model.layers.6.post_attention_layernorm.weight": 0.0010667175520211458, "model.layers.7.self_attn.q_proj.weight": 0.048240937292575836, "model.layers.7.self_attn.k_proj.weight": 0.02365548349916935, "model.layers.7.self_attn.v_proj.weight": 0.024092702195048332, "model.layers.7.self_attn.o_proj.weight": 0.04878474399447441, "model.layers.7.mlp.gate_proj.weight": 0.09968492388725281, "model.layers.7.mlp.up_proj.weight": 0.09959370642900467, "model.layers.7.mlp.down_proj.weight": 0.10051597654819489, "model.layers.7.input_layernorm.weight": 0.0010553058236837387, "model.layers.7.post_attention_layernorm.weight": 0.0010808465303853154, "model.layers.8.self_attn.q_proj.weight": 0.04844444990158081, "model.layers.8.self_attn.k_proj.weight": 0.024154238402843475, "model.layers.8.self_attn.v_proj.weight": 0.024517972022294998, "model.layers.8.self_attn.o_proj.weight": 0.04968393221497536, "model.layers.8.mlp.gate_proj.weight": 0.10226830840110779, "model.layers.8.mlp.up_proj.weight": 0.10158824175596237, "model.layers.8.mlp.down_proj.weight": 0.10317306220531464, "model.layers.8.input_layernorm.weight": 0.0010600588284432888, "model.layers.8.post_attention_layernorm.weight": 0.0011116110254079103, "model.layers.9.self_attn.q_proj.weight": 0.04985963925719261, "model.layers.9.self_attn.k_proj.weight": 0.024741487577557564, "model.layers.9.self_attn.v_proj.weight": 0.025395307689905167, "model.layers.9.self_attn.o_proj.weight": 0.05211852863430977, "model.layers.9.mlp.gate_proj.weight": 0.10506045818328857, "model.layers.9.mlp.up_proj.weight": 0.10473433881998062, "model.layers.9.mlp.down_proj.weight": 0.10614735633134842, "model.layers.9.input_layernorm.weight": 0.0010893024737015367, "model.layers.9.post_attention_layernorm.weight": 0.0011527768801897764, "model.layers.10.self_attn.q_proj.weight": 0.05217080935835838, "model.layers.10.self_attn.k_proj.weight": 0.026358086615800858, "model.layers.10.self_attn.v_proj.weight": 0.0261429101228714, "model.layers.10.self_attn.o_proj.weight": 0.05297175049781799, "model.layers.10.mlp.gate_proj.weight": 0.10631754249334335, "model.layers.10.mlp.up_proj.weight": 0.10687954723834991, "model.layers.10.mlp.down_proj.weight": 0.10748489201068878, "model.layers.10.input_layernorm.weight": 0.0011344777885824442, "model.layers.10.post_attention_layernorm.weight": 0.0011672276305034757, "model.layers.11.self_attn.q_proj.weight": 0.05309474840760231, "model.layers.11.self_attn.k_proj.weight": 0.02603885345160961, "model.layers.11.self_attn.v_proj.weight": 0.02678271383047104, "model.layers.11.self_attn.o_proj.weight": 0.05393403023481369, "model.layers.11.mlp.gate_proj.weight": 0.10714618116617203, "model.layers.11.mlp.up_proj.weight": 0.10857106000185013, "model.layers.11.mlp.down_proj.weight": 0.1085730791091919, "model.layers.11.input_layernorm.weight": 0.0011475140927359462, "model.layers.11.post_attention_layernorm.weight": 0.0011949900072067976, "model.layers.12.self_attn.q_proj.weight": 0.05350358411669731, "model.layers.12.self_attn.k_proj.weight": 0.0258796364068985, "model.layers.12.self_attn.v_proj.weight": 0.02670864760875702, "model.layers.12.self_attn.o_proj.weight": 0.05439553037285805, "model.layers.12.mlp.gate_proj.weight": 0.10776364058256149, "model.layers.12.mlp.up_proj.weight": 0.10849683731794357, "model.layers.12.mlp.down_proj.weight": 0.10815989226102829, "model.layers.12.input_layernorm.weight": 0.0011548125185072422, "model.layers.12.post_attention_layernorm.weight": 0.0011941768461838365, "model.layers.13.self_attn.q_proj.weight": 0.051449015736579895, "model.layers.13.self_attn.k_proj.weight": 0.025371938943862915, "model.layers.13.self_attn.v_proj.weight": 0.02673039399087429, "model.layers.13.self_attn.o_proj.weight": 0.05348604544997215, "model.layers.13.mlp.gate_proj.weight": 0.10877881944179535, "model.layers.13.mlp.up_proj.weight": 0.10913507640361786, "model.layers.13.mlp.down_proj.weight": 0.10881146788597107,