{"total_norm": 7.326554775238037, "target_norm": 0.9347729086875916, "param2norm_diff": {"model.embed_tokens.weight": 0.20552116632461548, "model.layers.0.self_attn.q_proj.weight": 0.043698716908693314, "model.layers.0.self_attn.k_proj.weight": 0.022095300257205963, "model.layers.0.self_attn.v_proj.weight": 0.023510903120040894, "model.layers.0.self_attn.o_proj.weight": 0.04651973024010658, "model.layers.0.mlp.gate_proj.weight": 0.09093722701072693, "model.layers.0.mlp.up_proj.weight": 0.09113746881484985, "model.layers.0.mlp.down_proj.weight": 0.09131640940904617, "model.layers.0.input_layernorm.weight": 0.001023596152663231, "model.layers.0.post_attention_layernorm.weight": 0.0009985860669985414, "model.layers.1.self_attn.q_proj.weight": 0.046146851032972336, "model.layers.1.self_attn.k_proj.weight": 0.02220863290131092, "model.layers.1.self_attn.v_proj.weight": 0.023461882025003433, "model.layers.1.self_attn.o_proj.weight": 0.046715039759874344, "model.layers.1.mlp.gate_proj.weight": 0.09172256290912628, "model.layers.1.mlp.up_proj.weight": 0.09159990400075912, "model.layers.1.mlp.down_proj.weight": 0.09218062460422516, "model.layers.1.input_layernorm.weight": 0.000986640457995236, "model.layers.1.post_attention_layernorm.weight": 0.0010127912973985076, "model.layers.2.self_attn.q_proj.weight": 0.046578358858823776, "model.layers.2.self_attn.k_proj.weight": 0.024120047688484192, "model.layers.2.self_attn.v_proj.weight": 0.02344353124499321, "model.layers.2.self_attn.o_proj.weight": 0.046534374356269836, "model.layers.2.mlp.gate_proj.weight": 0.09194309264421463, "model.layers.2.mlp.up_proj.weight": 0.09216368198394775, "model.layers.2.mlp.down_proj.weight": 0.09264364093542099, "model.layers.2.input_layernorm.weight": 0.0010335062397643924, "model.layers.2.post_attention_layernorm.weight": 0.0010124659165740013, "model.layers.3.self_attn.q_proj.weight": 0.04645520821213722, "model.layers.3.self_attn.k_proj.weight": 0.02257353812456131, "model.layers.3.self_attn.v_proj.weight": 0.023304877802729607, "model.layers.3.self_attn.o_proj.weight": 0.0465865433216095, "model.layers.3.mlp.gate_proj.weight": 0.09381026774644852, "model.layers.3.mlp.up_proj.weight": 0.09348531812429428, "model.layers.3.mlp.down_proj.weight": 0.09432400017976761, "model.layers.3.input_layernorm.weight": 0.0009750428725965321, "model.layers.3.post_attention_layernorm.weight": 0.001022023381665349, "model.layers.4.self_attn.q_proj.weight": 0.04853377863764763, "model.layers.4.self_attn.k_proj.weight": 0.023776166141033173, "model.layers.4.self_attn.v_proj.weight": 0.02341083623468876, "model.layers.4.self_attn.o_proj.weight": 0.04653622582554817, "model.layers.4.mlp.gate_proj.weight": 0.09557922184467316, "model.layers.4.mlp.up_proj.weight": 0.09521935880184174, "model.layers.4.mlp.down_proj.weight": 0.09597197920084, "model.layers.4.input_layernorm.weight": 0.00103086163289845, "model.layers.4.post_attention_layernorm.weight": 0.0010228833416476846, "model.layers.5.self_attn.q_proj.weight": 0.048928190022706985, "model.layers.5.self_attn.k_proj.weight": 0.02352985367178917, "model.layers.5.self_attn.v_proj.weight": 0.023887483403086662, "model.layers.5.self_attn.o_proj.weight": 0.04729301482439041, "model.layers.5.mlp.gate_proj.weight": 0.09720727056264877, "model.layers.5.mlp.up_proj.weight": 0.09659672528505325, "model.layers.5.mlp.down_proj.weight": 0.09695520251989365, "model.layers.5.input_layernorm.weight": 0.0010053664445877075, "model.layers.5.post_attention_layernorm.weight": 0.0010559129295870662, "model.layers.6.self_attn.q_proj.weight": 0.05033542960882187, "model.layers.6.self_attn.k_proj.weight": 0.024865854531526566, "model.layers.6.self_attn.v_proj.weight": 0.024261679500341415, "model.layers.6.self_attn.o_proj.weight": 0.048495762050151825, "model.layers.6.mlp.gate_proj.weight": 0.09761122614145279, "model.layers.6.mlp.up_proj.weight": 0.09723369032144547, "model.layers.6.mlp.down_proj.weight": 0.09795855730772018, "model.layers.6.input_layernorm.weight": 0.0010672911303117871, "model.layers.6.post_attention_layernorm.weight": 0.0010784952901303768, "model.layers.7.self_attn.q_proj.weight": 0.04761779308319092, "model.layers.7.self_attn.k_proj.weight": 0.02387993596494198, "model.layers.7.self_attn.v_proj.weight": 0.02437286265194416, "model.layers.7.self_attn.o_proj.weight": 0.049186792224645615, "model.layers.7.mlp.gate_proj.weight": 0.09888412803411484, "model.layers.7.mlp.up_proj.weight": 0.09807045757770538, "model.layers.7.mlp.down_proj.weight": 0.0987975150346756, "model.layers.7.input_layernorm.weight": 0.0010532345622777939, "model.layers.7.post_attention_layernorm.weight": 0.0010700250277295709, "model.layers.8.self_attn.q_proj.weight": 0.048718251287937164, "model.layers.8.self_attn.k_proj.weight": 0.024073872715234756, "model.layers.8.self_attn.v_proj.weight": 0.0242229662835598, "model.layers.8.self_attn.o_proj.weight": 0.04922965168952942, "model.layers.8.mlp.gate_proj.weight": 0.10011959075927734, "model.layers.8.mlp.up_proj.weight": 0.09849809855222702, "model.layers.8.mlp.down_proj.weight": 0.09986824542284012, "model.layers.8.input_layernorm.weight": 0.001045680372044444, "model.layers.8.post_attention_layernorm.weight": 0.001073250430636108, "model.layers.9.self_attn.q_proj.weight": 0.049443453550338745, "model.layers.9.self_attn.k_proj.weight": 0.02433239109814167, "model.layers.9.self_attn.v_proj.weight": 0.024618500843644142, "model.layers.9.self_attn.o_proj.weight": 0.05005283281207085, "model.layers.9.mlp.gate_proj.weight": 0.10257403552532196, "model.layers.9.mlp.up_proj.weight": 0.10078675299882889, "model.layers.9.mlp.down_proj.weight": 0.10227761417627335, "model.layers.9.input_layernorm.weight": 0.0010341635206714272, "model.layers.9.post_attention_layernorm.weight": 0.00109570671338588, "model.layers.10.self_attn.q_proj.weight": 0.04968874156475067, "model.layers.10.self_attn.k_proj.weight": 0.025530941784381866, "model.layers.10.self_attn.v_proj.weight": 0.0255205649882555, "model.layers.10.self_attn.o_proj.weight": 0.05072345584630966, "model.layers.10.mlp.gate_proj.weight": 0.1020631492137909, "model.layers.10.mlp.up_proj.weight": 0.10148993879556656, "model.layers.10.mlp.down_proj.weight": 0.10255317389965057, "model.layers.10.input_layernorm.weight": 0.0011226078495383263, "model.layers.10.post_attention_layernorm.weight": 0.0011057863011956215, "model.layers.11.self_attn.q_proj.weight": 0.051711708307266235, "model.layers.11.self_attn.k_proj.weight": 0.025068894028663635, "model.layers.11.self_attn.v_proj.weight": 0.0257089976221323, "model.layers.11.self_attn.o_proj.weight": 0.05205923318862915, "model.layers.11.mlp.gate_proj.weight": 0.10208459943532944, "model.layers.11.mlp.up_proj.weight": 0.10157641023397446, "model.layers.11.mlp.down_proj.weight": 0.10237612575292587, "model.layers.11.input_layernorm.weight": 0.001080373302102089, "model.layers.11.post_attention_layernorm.weight": 0.0011199293658137321, "model.layers.12.self_attn.q_proj.weight": 0.0509544275701046, "model.layers.12.self_attn.k_proj.weight": 0.026138179004192352, "model.layers.12.self_attn.v_proj.weight": 0.026234496384859085, "model.layers.12.self_attn.o_proj.weight": 0.05225285887718201, "model.layers.12.mlp.gate_proj.weight": 0.10098381340503693, "model.layers.12.mlp.up_proj.weight": 0.1010652408003807, "model.layers.12.mlp.down_proj.weight": 0.10158677399158478, "model.layers.12.input_layernorm.weight": 0.0011748846154659986, "model.layers.12.post_attention_layernorm.weight": 0.0010857409797608852, "model.layers.13.self_attn.q_proj.weight": 0.05013683810830116, "model.layers.13.self_attn.k_proj.weight": 0.024883922189474106, "model.layers.13.self_attn.v_proj.weight": 0.0256111528724432, "model.layers.13.self_attn.o_proj.weight": 0.05218539759516716, "model.layers.13.mlp.gate_proj.weight": 0.10192377865314484, "model.layers.13.mlp.up_proj.weight": 0.10182881355285645, "model.layers.13.mlp.down_proj.weight": 0.1024412214756012,