{"total_norm": 7.397353649139404, "target_norm": 0.9661777019500732, "param2norm_diff": {"model.embed_tokens.weight": 0.18653744459152222, "model.layers.0.self_attn.q_proj.weight": 0.044732335954904556, "model.layers.0.self_attn.k_proj.weight": 0.021774837747216225, "model.layers.0.self_attn.v_proj.weight": 0.022764235734939575, "model.layers.0.self_attn.o_proj.weight": 0.045903343707323074, "model.layers.0.mlp.gate_proj.weight": 0.09228657931089401, "model.layers.0.mlp.up_proj.weight": 0.09250903874635696, "model.layers.0.mlp.down_proj.weight": 0.09278351813554764, "model.layers.0.input_layernorm.weight": 0.0009938467992469668, "model.layers.0.post_attention_layernorm.weight": 0.0010241677518934011, "model.layers.1.self_attn.q_proj.weight": 0.04597453773021698, "model.layers.1.self_attn.k_proj.weight": 0.022698888555169106, "model.layers.1.self_attn.v_proj.weight": 0.022884750738739967, "model.layers.1.self_attn.o_proj.weight": 0.046256791800260544, "model.layers.1.mlp.gate_proj.weight": 0.0928325355052948, "model.layers.1.mlp.up_proj.weight": 0.09269542247056961, "model.layers.1.mlp.down_proj.weight": 0.09318900853395462, "model.layers.1.input_layernorm.weight": 0.0010176878422498703, "model.layers.1.post_attention_layernorm.weight": 0.0010314695537090302, "model.layers.2.self_attn.q_proj.weight": 0.04593632370233536, "model.layers.2.self_attn.k_proj.weight": 0.022942766547203064, "model.layers.2.self_attn.v_proj.weight": 0.023014897480607033, "model.layers.2.self_attn.o_proj.weight": 0.04660611227154732, "model.layers.2.mlp.gate_proj.weight": 0.09319090843200684, "model.layers.2.mlp.up_proj.weight": 0.09292551130056381, "model.layers.2.mlp.down_proj.weight": 0.0935717448592186, "model.layers.2.input_layernorm.weight": 0.001009947038255632, "model.layers.2.post_attention_layernorm.weight": 0.001023343182168901, "model.layers.3.self_attn.q_proj.weight": 0.047123219817876816, "model.layers.3.self_attn.k_proj.weight": 0.02304026670753956, "model.layers.3.self_attn.v_proj.weight": 0.023068835958838463, "model.layers.3.self_attn.o_proj.weight": 0.04655725508928299, "model.layers.3.mlp.gate_proj.weight": 0.09431461244821548, "model.layers.3.mlp.up_proj.weight": 0.09380965679883957, "model.layers.3.mlp.down_proj.weight": 0.09463140368461609, "model.layers.3.input_layernorm.weight": 0.0010050362907350063, "model.layers.3.post_attention_layernorm.weight": 0.0010314518585801125, "model.layers.4.self_attn.q_proj.weight": 0.04678437486290932, "model.layers.4.self_attn.k_proj.weight": 0.023280074819922447, "model.layers.4.self_attn.v_proj.weight": 0.02325347065925598, "model.layers.4.self_attn.o_proj.weight": 0.046695102006196976, "model.layers.4.mlp.gate_proj.weight": 0.09583369642496109, "model.layers.4.mlp.up_proj.weight": 0.09542174637317657, "model.layers.4.mlp.down_proj.weight": 0.09572646766901016, "model.layers.4.input_layernorm.weight": 0.001006790087558329, "model.layers.4.post_attention_layernorm.weight": 0.0010554606560617685, "model.layers.5.self_attn.q_proj.weight": 0.04677286371588707, "model.layers.5.self_attn.k_proj.weight": 0.022933492437005043, "model.layers.5.self_attn.v_proj.weight": 0.023301132023334503, "model.layers.5.self_attn.o_proj.weight": 0.04744555801153183, "model.layers.5.mlp.gate_proj.weight": 0.09663113951683044, "model.layers.5.mlp.up_proj.weight": 0.09553170949220657, "model.layers.5.mlp.down_proj.weight": 0.09645282477140427, "model.layers.5.input_layernorm.weight": 0.0010106783593073487, "model.layers.5.post_attention_layernorm.weight": 0.0010450351983308792, "model.layers.6.self_attn.q_proj.weight": 0.046698197722435, "model.layers.6.self_attn.k_proj.weight": 0.023523729294538498, "model.layers.6.self_attn.v_proj.weight": 0.023370705544948578, "model.layers.6.self_attn.o_proj.weight": 0.04778418689966202, "model.layers.6.mlp.gate_proj.weight": 0.09816689044237137, "model.layers.6.mlp.up_proj.weight": 0.09724941104650497, "model.layers.6.mlp.down_proj.weight": 0.09817982465028763, "model.layers.6.input_layernorm.weight": 0.0010204060235992074, "model.layers.6.post_attention_layernorm.weight": 0.001055966131389141, "model.layers.7.self_attn.q_proj.weight": 0.04841111600399017, "model.layers.7.self_attn.k_proj.weight": 0.023837421089410782, "model.layers.7.self_attn.v_proj.weight": 0.023772919550538063, "model.layers.7.self_attn.o_proj.weight": 0.04813041165471077, "model.layers.7.mlp.gate_proj.weight": 0.10045778751373291, "model.layers.7.mlp.up_proj.weight": 0.09950791299343109, "model.layers.7.mlp.down_proj.weight": 0.10017941892147064, "model.layers.7.input_layernorm.weight": 0.0010280717397108674, "model.layers.7.post_attention_layernorm.weight": 0.0010884840739890933, "model.layers.8.self_attn.q_proj.weight": 0.04944261163473129, "model.layers.8.self_attn.k_proj.weight": 0.0245736762881279, "model.layers.8.self_attn.v_proj.weight": 0.023965369910001755, "model.layers.8.self_attn.o_proj.weight": 0.04954922944307327, "model.layers.8.mlp.gate_proj.weight": 0.1028563603758812, "model.layers.8.mlp.up_proj.weight": 0.10126493871212006, "model.layers.8.mlp.down_proj.weight": 0.10196220129728317, "model.layers.8.input_layernorm.weight": 0.0010608533630147576, "model.layers.8.post_attention_layernorm.weight": 0.0010917496401816607, "model.layers.9.self_attn.q_proj.weight": 0.0507923848927021, "model.layers.9.self_attn.k_proj.weight": 0.024580184370279312, "model.layers.9.self_attn.v_proj.weight": 0.02459694817662239, "model.layers.9.self_attn.o_proj.weight": 0.05043146014213562, "model.layers.9.mlp.gate_proj.weight": 0.10448144376277924, "model.layers.9.mlp.up_proj.weight": 0.10411740839481354, "model.layers.9.mlp.down_proj.weight": 0.10439746081829071, "model.layers.9.input_layernorm.weight": 0.0010717386612668633, "model.layers.9.post_attention_layernorm.weight": 0.0011156342225149274, "model.layers.10.self_attn.q_proj.weight": 0.05206097289919853, "model.layers.10.self_attn.k_proj.weight": 0.025461208075284958, "model.layers.10.self_attn.v_proj.weight": 0.025420334190130234, "model.layers.10.self_attn.o_proj.weight": 0.05217112600803375, "model.layers.10.mlp.gate_proj.weight": 0.10374443978071213, "model.layers.10.mlp.up_proj.weight": 0.1047506183385849, "model.layers.10.mlp.down_proj.weight": 0.10440155118703842, "model.layers.10.input_layernorm.weight": 0.0011308020912110806, "model.layers.10.post_attention_layernorm.weight": 0.0011419656220823526, "model.layers.11.self_attn.q_proj.weight": 0.05285832658410072, "model.layers.11.self_attn.k_proj.weight": 0.025397714227437973, "model.layers.11.self_attn.v_proj.weight": 0.025867275893688202, "model.layers.11.self_attn.o_proj.weight": 0.053321633487939835, "model.layers.11.mlp.gate_proj.weight": 0.10311739146709442, "model.layers.11.mlp.up_proj.weight": 0.1048957109451294, "model.layers.11.mlp.down_proj.weight": 0.10447172075510025, "model.layers.11.input_layernorm.weight": 0.0011191738303750753, "model.layers.11.post_attention_layernorm.weight": 0.0011488950112834573, "model.layers.12.self_attn.q_proj.weight": 0.05269898846745491, "model.layers.12.self_attn.k_proj.weight": 0.02576899714767933, "model.layers.12.self_attn.v_proj.weight": 0.025989515706896782, "model.layers.12.self_attn.o_proj.weight": 0.053351473063230515, "model.layers.12.mlp.gate_proj.weight": 0.1034519225358963, "model.layers.12.mlp.up_proj.weight": 0.10408085584640503, "model.layers.12.mlp.down_proj.weight": 0.10431773215532303, "model.layers.12.input_layernorm.weight": 0.0011327039683237672, "model.layers.12.post_attention_layernorm.weight": 0.0011488907039165497, "model.layers.13.self_attn.q_proj.weight": 0.05104582756757736, "model.layers.13.self_attn.k_proj.weight": 0.025445058941841125, "model.layers.13.self_attn.v_proj.weight": 0.02607947587966919, "model.layers.13.self_attn.o_proj.weight": 0.05275023728609085, "model.layers.13.mlp.gate_proj.weight": 0.10445459187030792, "model.layers.13.mlp.up_proj.weight": 0.10460313409566879, "model.layers.13.mlp.down_proj.weight": 0.10522782057523727,