{"total_norm": 7.72689962387085, "target_norm": 1.0250535011291504, "param2norm_diff": {"model.embed_tokens.weight": 0.20618082582950592, "model.layers.0.self_attn.q_proj.weight": 0.04700449854135513, "model.layers.0.self_attn.k_proj.weight": 0.023861879482865334, "model.layers.0.self_attn.v_proj.weight": 0.02351105771958828, "model.layers.0.self_attn.o_proj.weight": 0.04740181192755699, "model.layers.0.mlp.gate_proj.weight": 0.09480402618646622, "model.layers.0.mlp.up_proj.weight": 0.09477176517248154, "model.layers.0.mlp.down_proj.weight": 0.09535380452871323, "model.layers.0.input_layernorm.weight": 0.0010974350152537227, "model.layers.0.post_attention_layernorm.weight": 0.0010422752238810062, "model.layers.1.self_attn.q_proj.weight": 0.048216819763183594, "model.layers.1.self_attn.k_proj.weight": 0.023513345047831535, "model.layers.1.self_attn.v_proj.weight": 0.02381088398396969, "model.layers.1.self_attn.o_proj.weight": 0.048092395067214966, "model.layers.1.mlp.gate_proj.weight": 0.09515152126550674, "model.layers.1.mlp.up_proj.weight": 0.09527027606964111, "model.layers.1.mlp.down_proj.weight": 0.09573622792959213, "model.layers.1.input_layernorm.weight": 0.001049313577823341, "model.layers.1.post_attention_layernorm.weight": 0.001055908389389515, "model.layers.2.self_attn.q_proj.weight": 0.048152629286050797, "model.layers.2.self_attn.k_proj.weight": 0.02369707264006138, "model.layers.2.self_attn.v_proj.weight": 0.02351069264113903, "model.layers.2.self_attn.o_proj.weight": 0.0477655827999115, "model.layers.2.mlp.gate_proj.weight": 0.09551214426755905, "model.layers.2.mlp.up_proj.weight": 0.09518662095069885, "model.layers.2.mlp.down_proj.weight": 0.0959847941994667, "model.layers.2.input_layernorm.weight": 0.0010335625847801566, "model.layers.2.post_attention_layernorm.weight": 0.001038123038597405, "model.layers.3.self_attn.q_proj.weight": 0.04819068685173988, "model.layers.3.self_attn.k_proj.weight": 0.023963280022144318, "model.layers.3.self_attn.v_proj.weight": 0.023478131741285324, "model.layers.3.self_attn.o_proj.weight": 0.047543011605739594, "model.layers.3.mlp.gate_proj.weight": 0.09627673774957657, "model.layers.3.mlp.up_proj.weight": 0.09550029039382935, "model.layers.3.mlp.down_proj.weight": 0.09670532494783401, "model.layers.3.input_layernorm.weight": 0.0010545236291363835, "model.layers.3.post_attention_layernorm.weight": 0.0010438435710966587, "model.layers.4.self_attn.q_proj.weight": 0.04802778735756874, "model.layers.4.self_attn.k_proj.weight": 0.023658568039536476, "model.layers.4.self_attn.v_proj.weight": 0.02328578196465969, "model.layers.4.self_attn.o_proj.weight": 0.04726947098970413, "model.layers.4.mlp.gate_proj.weight": 0.09809596091508865, "model.layers.4.mlp.up_proj.weight": 0.09742027521133423, "model.layers.4.mlp.down_proj.weight": 0.09838196635246277, "model.layers.4.input_layernorm.weight": 0.0010409184033051133, "model.layers.4.post_attention_layernorm.weight": 0.0010571677703410387, "model.layers.5.self_attn.q_proj.weight": 0.04934607446193695, "model.layers.5.self_attn.k_proj.weight": 0.0243520587682724, "model.layers.5.self_attn.v_proj.weight": 0.023828916251659393, "model.layers.5.self_attn.o_proj.weight": 0.04876236245036125, "model.layers.5.mlp.gate_proj.weight": 0.09949591010808945, "model.layers.5.mlp.up_proj.weight": 0.098440982401371, "model.layers.5.mlp.down_proj.weight": 0.09974277019500732, "model.layers.5.input_layernorm.weight": 0.0010471544228494167, "model.layers.5.post_attention_layernorm.weight": 0.0010902165668085217, "model.layers.6.self_attn.q_proj.weight": 0.04960373416543007, "model.layers.6.self_attn.k_proj.weight": 0.024562586098909378, "model.layers.6.self_attn.v_proj.weight": 0.0243727657943964, "model.layers.6.self_attn.o_proj.weight": 0.04958270490169525, "model.layers.6.mlp.gate_proj.weight": 0.10204069316387177, "model.layers.6.mlp.up_proj.weight": 0.10169468820095062, "model.layers.6.mlp.down_proj.weight": 0.10238931328058243, "model.layers.6.input_layernorm.weight": 0.001066351542249322, "model.layers.6.post_attention_layernorm.weight": 0.001117522595450282, "model.layers.7.self_attn.q_proj.weight": 0.05044121667742729, "model.layers.7.self_attn.k_proj.weight": 0.025339337065815926, "model.layers.7.self_attn.v_proj.weight": 0.02480611577630043, "model.layers.7.self_attn.o_proj.weight": 0.050431035459041595, "model.layers.7.mlp.gate_proj.weight": 0.1042880192399025, "model.layers.7.mlp.up_proj.weight": 0.10402786731719971, "model.layers.7.mlp.down_proj.weight": 0.10483493655920029, "model.layers.7.input_layernorm.weight": 0.001053294283337891, "model.layers.7.post_attention_layernorm.weight": 0.0011415540939196944, "model.layers.8.self_attn.q_proj.weight": 0.050980642437934875, "model.layers.8.self_attn.k_proj.weight": 0.02512974850833416, "model.layers.8.self_attn.v_proj.weight": 0.025594821199774742, "model.layers.8.self_attn.o_proj.weight": 0.051596738398075104, "model.layers.8.mlp.gate_proj.weight": 0.10693757236003876, "model.layers.8.mlp.up_proj.weight": 0.10663018375635147, "model.layers.8.mlp.down_proj.weight": 0.10726047307252884, "model.layers.8.input_layernorm.weight": 0.0010969463037326932, "model.layers.8.post_attention_layernorm.weight": 0.0011652312241494656, "model.layers.9.self_attn.q_proj.weight": 0.05291464179754257, "model.layers.9.self_attn.k_proj.weight": 0.026159800589084625, "model.layers.9.self_attn.v_proj.weight": 0.02637862227857113, "model.layers.9.self_attn.o_proj.weight": 0.053056709468364716, "model.layers.9.mlp.gate_proj.weight": 0.10911214351654053, "model.layers.9.mlp.up_proj.weight": 0.10965771228075027, "model.layers.9.mlp.down_proj.weight": 0.10989418625831604, "model.layers.9.input_layernorm.weight": 0.0011620069853961468, "model.layers.9.post_attention_layernorm.weight": 0.0012113685952499509, "model.layers.10.self_attn.q_proj.weight": 0.05274881795048714, "model.layers.10.self_attn.k_proj.weight": 0.026032688096165657, "model.layers.10.self_attn.v_proj.weight": 0.026675336062908173, "model.layers.10.self_attn.o_proj.weight": 0.054121047258377075, "model.layers.10.mlp.gate_proj.weight": 0.10991080105304718, "model.layers.10.mlp.up_proj.weight": 0.11092298477888107, "model.layers.10.mlp.down_proj.weight": 0.11088889092206955, "model.layers.10.input_layernorm.weight": 0.0011793074663728476, "model.layers.10.post_attention_layernorm.weight": 0.001215315074659884, "model.layers.11.self_attn.q_proj.weight": 0.053476735949516296, "model.layers.11.self_attn.k_proj.weight": 0.026079362258315086, "model.layers.11.self_attn.v_proj.weight": 0.027414076030254364, "model.layers.11.self_attn.o_proj.weight": 0.05534195154905319, "model.layers.11.mlp.gate_proj.weight": 0.11019185185432434, "model.layers.11.mlp.up_proj.weight": 0.11232833564281464, "model.layers.11.mlp.down_proj.weight": 0.11173703521490097, "model.layers.11.input_layernorm.weight": 0.001176347373984754, "model.layers.11.post_attention_layernorm.weight": 0.0012130700051784515, "model.layers.12.self_attn.q_proj.weight": 0.05391579121351242, "model.layers.12.self_attn.k_proj.weight": 0.026190195232629776, "model.layers.12.self_attn.v_proj.weight": 0.027103520929813385, "model.layers.12.self_attn.o_proj.weight": 0.05572526156902313, "model.layers.12.mlp.gate_proj.weight": 0.11059875041246414, "model.layers.12.mlp.up_proj.weight": 0.11172374337911606, "model.layers.12.mlp.down_proj.weight": 0.11160281300544739, "model.layers.12.input_layernorm.weight": 0.0011596640106290579, "model.layers.12.post_attention_layernorm.weight": 0.00122687011025846, "model.layers.13.self_attn.q_proj.weight": 0.05392950400710106, "model.layers.13.self_attn.k_proj.weight": 0.027594730257987976, "model.layers.13.self_attn.v_proj.weight": 0.027882223948836327, "model.layers.13.self_attn.o_proj.weight": 0.055626194924116135, "model.layers.13.mlp.gate_proj.weight": 0.11182122677564621, "model.layers.13.mlp.up_proj.weight": 0.11231731623411179, "model.layers.13.mlp.down_proj.weight": 0.11256152391433716,