{"total_norm": 7.78390645980835, "target_norm": 1.0298792123794556, "param2norm_diff": {"model.embed_tokens.weight": 0.206674724817276, "model.layers.0.self_attn.q_proj.weight": 0.047594308853149414, "model.layers.0.self_attn.k_proj.weight": 0.024034574627876282, "model.layers.0.self_attn.v_proj.weight": 0.02431350201368332, "model.layers.0.self_attn.o_proj.weight": 0.048373397439718246, "model.layers.0.mlp.gate_proj.weight": 0.09556199610233307, "model.layers.0.mlp.up_proj.weight": 0.09558527916669846, "model.layers.0.mlp.down_proj.weight": 0.09570715576410294, "model.layers.0.input_layernorm.weight": 0.0010765744373202324, "model.layers.0.post_attention_layernorm.weight": 0.0010435056174173951, "model.layers.1.self_attn.q_proj.weight": 0.05006440356373787, "model.layers.1.self_attn.k_proj.weight": 0.024950888007879257, "model.layers.1.self_attn.v_proj.weight": 0.02457554265856743, "model.layers.1.self_attn.o_proj.weight": 0.049492813646793365, "model.layers.1.mlp.gate_proj.weight": 0.09577157348394394, "model.layers.1.mlp.up_proj.weight": 0.09592689573764801, "model.layers.1.mlp.down_proj.weight": 0.09668466448783875, "model.layers.1.input_layernorm.weight": 0.001087524346075952, "model.layers.1.post_attention_layernorm.weight": 0.0010446318192407489, "model.layers.2.self_attn.q_proj.weight": 0.049813803285360336, "model.layers.2.self_attn.k_proj.weight": 0.024597926065325737, "model.layers.2.self_attn.v_proj.weight": 0.024738742038607597, "model.layers.2.self_attn.o_proj.weight": 0.049841638654470444, "model.layers.2.mlp.gate_proj.weight": 0.09740284830331802, "model.layers.2.mlp.up_proj.weight": 0.09758434444665909, "model.layers.2.mlp.down_proj.weight": 0.09868983924388885, "model.layers.2.input_layernorm.weight": 0.0010917363688349724, "model.layers.2.post_attention_layernorm.weight": 0.0010545544791966677, "model.layers.3.self_attn.q_proj.weight": 0.0506146103143692, "model.layers.3.self_attn.k_proj.weight": 0.02485300973057747, "model.layers.3.self_attn.v_proj.weight": 0.02435031346976757, "model.layers.3.self_attn.o_proj.weight": 0.04966593533754349, "model.layers.3.mlp.gate_proj.weight": 0.0996071919798851, "model.layers.3.mlp.up_proj.weight": 0.09964289516210556, "model.layers.3.mlp.down_proj.weight": 0.10015729814767838, "model.layers.3.input_layernorm.weight": 0.0010639779502525926, "model.layers.3.post_attention_layernorm.weight": 0.0010994812473654747, "model.layers.4.self_attn.q_proj.weight": 0.04906390607357025, "model.layers.4.self_attn.k_proj.weight": 0.024413302540779114, "model.layers.4.self_attn.v_proj.weight": 0.02439020201563835, "model.layers.4.self_attn.o_proj.weight": 0.049057383090257645, "model.layers.4.mlp.gate_proj.weight": 0.10169665515422821, "model.layers.4.mlp.up_proj.weight": 0.10084383189678192, "model.layers.4.mlp.down_proj.weight": 0.10134843736886978, "model.layers.4.input_layernorm.weight": 0.001055835746228695, "model.layers.4.post_attention_layernorm.weight": 0.001089553814381361, "model.layers.5.self_attn.q_proj.weight": 0.04961168393492699, "model.layers.5.self_attn.k_proj.weight": 0.024021387100219727, "model.layers.5.self_attn.v_proj.weight": 0.024795502424240112, "model.layers.5.self_attn.o_proj.weight": 0.04999786987900734, "model.layers.5.mlp.gate_proj.weight": 0.10245825350284576, "model.layers.5.mlp.up_proj.weight": 0.10116120427846909, "model.layers.5.mlp.down_proj.weight": 0.10200658440589905, "model.layers.5.input_layernorm.weight": 0.0010806320933625102, "model.layers.5.post_attention_layernorm.weight": 0.0011296130251139402, "model.layers.6.self_attn.q_proj.weight": 0.05061051622033119, "model.layers.6.self_attn.k_proj.weight": 0.025128159672021866, "model.layers.6.self_attn.v_proj.weight": 0.024885203689336777, "model.layers.6.self_attn.o_proj.weight": 0.05045406520366669, "model.layers.6.mlp.gate_proj.weight": 0.1038685068488121, "model.layers.6.mlp.up_proj.weight": 0.10281223803758621, "model.layers.6.mlp.down_proj.weight": 0.10347531735897064, "model.layers.6.input_layernorm.weight": 0.0010759923607110977, "model.layers.6.post_attention_layernorm.weight": 0.0011474087368696928, "model.layers.7.self_attn.q_proj.weight": 0.05123955383896828, "model.layers.7.self_attn.k_proj.weight": 0.025239618495106697, "model.layers.7.self_attn.v_proj.weight": 0.025009123608469963, "model.layers.7.self_attn.o_proj.weight": 0.050849635154008865, "model.layers.7.mlp.gate_proj.weight": 0.10519494861364365, "model.layers.7.mlp.up_proj.weight": 0.10447654128074646, "model.layers.7.mlp.down_proj.weight": 0.10497792810201645, "model.layers.7.input_layernorm.weight": 0.001093804370611906, "model.layers.7.post_attention_layernorm.weight": 0.0011422374518588185, "model.layers.8.self_attn.q_proj.weight": 0.052910421043634415, "model.layers.8.self_attn.k_proj.weight": 0.02600034885108471, "model.layers.8.self_attn.v_proj.weight": 0.025186734274029732, "model.layers.8.self_attn.o_proj.weight": 0.05127337947487831, "model.layers.8.mlp.gate_proj.weight": 0.10801924020051956, "model.layers.8.mlp.up_proj.weight": 0.10693414509296417, "model.layers.8.mlp.down_proj.weight": 0.10747072100639343, "model.layers.8.input_layernorm.weight": 0.0011175631079822779, "model.layers.8.post_attention_layernorm.weight": 0.0011754693696275353, "model.layers.9.self_attn.q_proj.weight": 0.05350103601813316, "model.layers.9.self_attn.k_proj.weight": 0.025475891306996346, "model.layers.9.self_attn.v_proj.weight": 0.02568754181265831, "model.layers.9.self_attn.o_proj.weight": 0.05262250080704689, "model.layers.9.mlp.gate_proj.weight": 0.11020451784133911, "model.layers.9.mlp.up_proj.weight": 0.10967663675546646, "model.layers.9.mlp.down_proj.weight": 0.10906580090522766, "model.layers.9.input_layernorm.weight": 0.0011482579866424203, "model.layers.9.post_attention_layernorm.weight": 0.0012028751662001014, "model.layers.10.self_attn.q_proj.weight": 0.05296142399311066, "model.layers.10.self_attn.k_proj.weight": 0.026105806231498718, "model.layers.10.self_attn.v_proj.weight": 0.025538967922329903, "model.layers.10.self_attn.o_proj.weight": 0.05368303507566452, "model.layers.10.mlp.gate_proj.weight": 0.11105187237262726, "model.layers.10.mlp.up_proj.weight": 0.11105275899171829, "model.layers.10.mlp.down_proj.weight": 0.1103135347366333, "model.layers.10.input_layernorm.weight": 0.0010929941199719906, "model.layers.10.post_attention_layernorm.weight": 0.0012102628825232387, "model.layers.11.self_attn.q_proj.weight": 0.053839609026908875, "model.layers.11.self_attn.k_proj.weight": 0.026002520695328712, "model.layers.11.self_attn.v_proj.weight": 0.02596403658390045, "model.layers.11.self_attn.o_proj.weight": 0.053301844745874405, "model.layers.11.mlp.gate_proj.weight": 0.11135313659906387, "model.layers.11.mlp.up_proj.weight": 0.11206182092428207, "model.layers.11.mlp.down_proj.weight": 0.11101684719324112, "model.layers.11.input_layernorm.weight": 0.0011587487533688545, "model.layers.11.post_attention_layernorm.weight": 0.001226177322678268, "model.layers.12.self_attn.q_proj.weight": 0.05244290456175804, "model.layers.12.self_attn.k_proj.weight": 0.024710893630981445, "model.layers.12.self_attn.v_proj.weight": 0.026105845347046852, "model.layers.12.self_attn.o_proj.weight": 0.053515538573265076, "model.layers.12.mlp.gate_proj.weight": 0.11213316023349762, "model.layers.12.mlp.up_proj.weight": 0.11185651272535324, "model.layers.12.mlp.down_proj.weight": 0.11072662472724915, "model.layers.12.input_layernorm.weight": 0.001143367844633758, "model.layers.12.post_attention_layernorm.weight": 0.001232763403095305, "model.layers.13.self_attn.q_proj.weight": 0.052314478904008865, "model.layers.13.self_attn.k_proj.weight": 0.02607576549053192, "model.layers.13.self_attn.v_proj.weight": 0.026494381949305534, "model.layers.13.self_attn.o_proj.weight": 0.05372428148984909, "model.layers.13.mlp.gate_proj.weight": 0.1134706437587738, "model.layers.13.mlp.up_proj.weight": 0.11324641853570938, "model.layers.13.mlp.down_proj.weight": 0.11139543354511261,