{"total_norm": 7.399177551269531, "target_norm": 0.9696271419525146, "param2norm_diff": {"model.embed_tokens.weight": 0.18383675813674927, "model.layers.0.self_attn.q_proj.weight": 0.044767919927835464, "model.layers.0.self_attn.k_proj.weight": 0.02335941232740879, "model.layers.0.self_attn.v_proj.weight": 0.02321111597120762, "model.layers.0.self_attn.o_proj.weight": 0.04590428248047829, "model.layers.0.mlp.gate_proj.weight": 0.0902276337146759, "model.layers.0.mlp.up_proj.weight": 0.08999932557344437, "model.layers.0.mlp.down_proj.weight": 0.09047459065914154, "model.layers.0.input_layernorm.weight": 0.0010435075964778662, "model.layers.0.post_attention_layernorm.weight": 0.0010071680881083012, "model.layers.1.self_attn.q_proj.weight": 0.046959273517131805, "model.layers.1.self_attn.k_proj.weight": 0.02390361949801445, "model.layers.1.self_attn.v_proj.weight": 0.02324581891298294, "model.layers.1.self_attn.o_proj.weight": 0.04671981930732727, "model.layers.1.mlp.gate_proj.weight": 0.09068109095096588, "model.layers.1.mlp.up_proj.weight": 0.09048859030008316, "model.layers.1.mlp.down_proj.weight": 0.09048838913440704, "model.layers.1.input_layernorm.weight": 0.000958538381382823, "model.layers.1.post_attention_layernorm.weight": 0.0009906613267958164, "model.layers.2.self_attn.q_proj.weight": 0.04766174033284187, "model.layers.2.self_attn.k_proj.weight": 0.023106567561626434, "model.layers.2.self_attn.v_proj.weight": 0.023314321413636208, "model.layers.2.self_attn.o_proj.weight": 0.047182049602270126, "model.layers.2.mlp.gate_proj.weight": 0.09012966603040695, "model.layers.2.mlp.up_proj.weight": 0.09026144444942474, "model.layers.2.mlp.down_proj.weight": 0.09089025110006332, "model.layers.2.input_layernorm.weight": 0.0009868614142760634, "model.layers.2.post_attention_layernorm.weight": 0.0009836748940870166, "model.layers.3.self_attn.q_proj.weight": 0.04623144865036011, "model.layers.3.self_attn.k_proj.weight": 0.023370731621980667, "model.layers.3.self_attn.v_proj.weight": 0.022961046546697617, "model.layers.3.self_attn.o_proj.weight": 0.04620775952935219, "model.layers.3.mlp.gate_proj.weight": 0.09432695060968399, "model.layers.3.mlp.up_proj.weight": 0.09366828948259354, "model.layers.3.mlp.down_proj.weight": 0.09440246969461441, "model.layers.3.input_layernorm.weight": 0.0009822743013501167, "model.layers.3.post_attention_layernorm.weight": 0.0010130421724170446, "model.layers.4.self_attn.q_proj.weight": 0.04668247327208519, "model.layers.4.self_attn.k_proj.weight": 0.023388149216771126, "model.layers.4.self_attn.v_proj.weight": 0.023067491129040718, "model.layers.4.self_attn.o_proj.weight": 0.046568091958761215, "model.layers.4.mlp.gate_proj.weight": 0.09657441079616547, "model.layers.4.mlp.up_proj.weight": 0.09576023370027542, "model.layers.4.mlp.down_proj.weight": 0.09613808989524841, "model.layers.4.input_layernorm.weight": 0.0010041556088253856, "model.layers.4.post_attention_layernorm.weight": 0.0010165625717490911, "model.layers.5.self_attn.q_proj.weight": 0.0489831306040287, "model.layers.5.self_attn.k_proj.weight": 0.024112239480018616, "model.layers.5.self_attn.v_proj.weight": 0.023477299138903618, "model.layers.5.self_attn.o_proj.weight": 0.04738997295498848, "model.layers.5.mlp.gate_proj.weight": 0.09774647653102875, "model.layers.5.mlp.up_proj.weight": 0.0965719074010849, "model.layers.5.mlp.down_proj.weight": 0.09674999862909317, "model.layers.5.input_layernorm.weight": 0.0010290712816640735, "model.layers.5.post_attention_layernorm.weight": 0.0010493443114683032, "model.layers.6.self_attn.q_proj.weight": 0.048477429896593094, "model.layers.6.self_attn.k_proj.weight": 0.024253038689494133, "model.layers.6.self_attn.v_proj.weight": 0.023757489398121834, "model.layers.6.self_attn.o_proj.weight": 0.04818318039178848, "model.layers.6.mlp.gate_proj.weight": 0.09845192730426788, "model.layers.6.mlp.up_proj.weight": 0.09759887307882309, "model.layers.6.mlp.down_proj.weight": 0.09792155772447586, "model.layers.6.input_layernorm.weight": 0.0010371243115514517, "model.layers.6.post_attention_layernorm.weight": 0.0010777624556794763, "model.layers.7.self_attn.q_proj.weight": 0.04830803722143173, "model.layers.7.self_attn.k_proj.weight": 0.023815486580133438, "model.layers.7.self_attn.v_proj.weight": 0.023879406973719597, "model.layers.7.self_attn.o_proj.weight": 0.04839284345507622, "model.layers.7.mlp.gate_proj.weight": 0.09978128224611282, "model.layers.7.mlp.up_proj.weight": 0.09895481914281845, "model.layers.7.mlp.down_proj.weight": 0.09922368824481964, "model.layers.7.input_layernorm.weight": 0.0010371236130595207, "model.layers.7.post_attention_layernorm.weight": 0.0010933807352557778, "model.layers.8.self_attn.q_proj.weight": 0.04961102083325386, "model.layers.8.self_attn.k_proj.weight": 0.024684179574251175, "model.layers.8.self_attn.v_proj.weight": 0.02387644723057747, "model.layers.8.self_attn.o_proj.weight": 0.04862380400300026, "model.layers.8.mlp.gate_proj.weight": 0.10167142003774643, "model.layers.8.mlp.up_proj.weight": 0.10019894689321518, "model.layers.8.mlp.down_proj.weight": 0.10132735967636108, "model.layers.8.input_layernorm.weight": 0.001042683725245297, "model.layers.8.post_attention_layernorm.weight": 0.0010947402333840728, "model.layers.9.self_attn.q_proj.weight": 0.050178930163383484, "model.layers.9.self_attn.k_proj.weight": 0.024901004508137703, "model.layers.9.self_attn.v_proj.weight": 0.024434052407741547, "model.layers.9.self_attn.o_proj.weight": 0.05016523599624634, "model.layers.9.mlp.gate_proj.weight": 0.10467613488435745, "model.layers.9.mlp.up_proj.weight": 0.10346435010433197, "model.layers.9.mlp.down_proj.weight": 0.10413964837789536, "model.layers.9.input_layernorm.weight": 0.001057905494235456, "model.layers.9.post_attention_layernorm.weight": 0.0011388801503926516, "model.layers.10.self_attn.q_proj.weight": 0.05081421509385109, "model.layers.10.self_attn.k_proj.weight": 0.025587817654013634, "model.layers.10.self_attn.v_proj.weight": 0.025506172329187393, "model.layers.10.self_attn.o_proj.weight": 0.05236772075295448, "model.layers.10.mlp.gate_proj.weight": 0.10617616772651672, "model.layers.10.mlp.up_proj.weight": 0.10564728826284409, "model.layers.10.mlp.down_proj.weight": 0.1055637076497078, "model.layers.10.input_layernorm.weight": 0.0011071437038481236, "model.layers.10.post_attention_layernorm.weight": 0.0011552904034033418, "model.layers.11.self_attn.q_proj.weight": 0.050997138023376465, "model.layers.11.self_attn.k_proj.weight": 0.02523845247924328, "model.layers.11.self_attn.v_proj.weight": 0.025568777695298195, "model.layers.11.self_attn.o_proj.weight": 0.05251123383641243, "model.layers.11.mlp.gate_proj.weight": 0.10616087168455124, "model.layers.11.mlp.up_proj.weight": 0.10595088452100754, "model.layers.11.mlp.down_proj.weight": 0.10582371056079865, "model.layers.11.input_layernorm.weight": 0.0010625789873301983, "model.layers.11.post_attention_layernorm.weight": 0.001172528020106256, "model.layers.12.self_attn.q_proj.weight": 0.052144333720207214, "model.layers.12.self_attn.k_proj.weight": 0.024820396676659584, "model.layers.12.self_attn.v_proj.weight": 0.026370100677013397, "model.layers.12.self_attn.o_proj.weight": 0.05402327701449394, "model.layers.12.mlp.gate_proj.weight": 0.10530675947666168, "model.layers.12.mlp.up_proj.weight": 0.10548693686723709, "model.layers.12.mlp.down_proj.weight": 0.1050020232796669, "model.layers.12.input_layernorm.weight": 0.001126149552874267, "model.layers.12.post_attention_layernorm.weight": 0.0011547654867172241, "model.layers.13.self_attn.q_proj.weight": 0.05142892524600029, "model.layers.13.self_attn.k_proj.weight": 0.025635788217186928, "model.layers.13.self_attn.v_proj.weight": 0.026617711409926414, "model.layers.13.self_attn.o_proj.weight": 0.053420599550008774, "model.layers.13.mlp.gate_proj.weight": 0.10582776367664337, "model.layers.13.mlp.up_proj.weight": 0.10590016841888428, "model.layers.13.mlp.down_proj.weight": 0.10548731684684753,