{"total_norm": 7.045201778411865, "target_norm": 0.908972442150116, "param2norm_diff": {"model.embed_tokens.weight": 0.16093379259109497, "model.layers.0.self_attn.q_proj.weight": 0.04307318851351738, "model.layers.0.self_attn.k_proj.weight": 0.022255893796682358, "model.layers.0.self_attn.v_proj.weight": 0.02378498949110508, "model.layers.0.self_attn.o_proj.weight": 0.04639047011733055, "model.layers.0.mlp.gate_proj.weight": 0.09166815876960754, "model.layers.0.mlp.up_proj.weight": 0.09180164337158203, "model.layers.0.mlp.down_proj.weight": 0.09109654277563095, "model.layers.0.input_layernorm.weight": 0.001023497898131609, "model.layers.0.post_attention_layernorm.weight": 0.0010335026308894157, "model.layers.1.self_attn.q_proj.weight": 0.04610111564397812, "model.layers.1.self_attn.k_proj.weight": 0.023751571774482727, "model.layers.1.self_attn.v_proj.weight": 0.02283601090312004, "model.layers.1.self_attn.o_proj.weight": 0.04579276219010353, "model.layers.1.mlp.gate_proj.weight": 0.08985041081905365, "model.layers.1.mlp.up_proj.weight": 0.08987298607826233, "model.layers.1.mlp.down_proj.weight": 0.08988204598426819, "model.layers.1.input_layernorm.weight": 0.0010517691262066364, "model.layers.1.post_attention_layernorm.weight": 0.0009814207442104816, "model.layers.2.self_attn.q_proj.weight": 0.04597097262740135, "model.layers.2.self_attn.k_proj.weight": 0.022996095940470695, "model.layers.2.self_attn.v_proj.weight": 0.022794246673583984, "model.layers.2.self_attn.o_proj.weight": 0.046377021819353104, "model.layers.2.mlp.gate_proj.weight": 0.0895906612277031, "model.layers.2.mlp.up_proj.weight": 0.08946850895881653, "model.layers.2.mlp.down_proj.weight": 0.08990268409252167, "model.layers.2.input_layernorm.weight": 0.0010238764807581902, "model.layers.2.post_attention_layernorm.weight": 0.000983577803708613, "model.layers.3.self_attn.q_proj.weight": 0.046009063720703125, "model.layers.3.self_attn.k_proj.weight": 0.022295188158750534, "model.layers.3.self_attn.v_proj.weight": 0.02272162027657032, "model.layers.3.self_attn.o_proj.weight": 0.04534569010138512, "model.layers.3.mlp.gate_proj.weight": 0.09056034684181213, "model.layers.3.mlp.up_proj.weight": 0.09000314772129059, "model.layers.3.mlp.down_proj.weight": 0.09084095805883408, "model.layers.3.input_layernorm.weight": 0.0009997488232329488, "model.layers.3.post_attention_layernorm.weight": 0.0009596138261258602, "model.layers.4.self_attn.q_proj.weight": 0.04412585496902466, "model.layers.4.self_attn.k_proj.weight": 0.02135371044278145, "model.layers.4.self_attn.v_proj.weight": 0.022279253229498863, "model.layers.4.self_attn.o_proj.weight": 0.04514435678720474, "model.layers.4.mlp.gate_proj.weight": 0.09126345813274384, "model.layers.4.mlp.up_proj.weight": 0.09057833254337311, "model.layers.4.mlp.down_proj.weight": 0.0910300761461258, "model.layers.4.input_layernorm.weight": 0.0009414227679371834, "model.layers.4.post_attention_layernorm.weight": 0.000983482226729393, "model.layers.5.self_attn.q_proj.weight": 0.04570809751749039, "model.layers.5.self_attn.k_proj.weight": 0.022521408274769783, "model.layers.5.self_attn.v_proj.weight": 0.022819140926003456, "model.layers.5.self_attn.o_proj.weight": 0.04567134752869606, "model.layers.5.mlp.gate_proj.weight": 0.09206286072731018, "model.layers.5.mlp.up_proj.weight": 0.09111344069242477, "model.layers.5.mlp.down_proj.weight": 0.09155105799436569, "model.layers.5.input_layernorm.weight": 0.0009806411108002067, "model.layers.5.post_attention_layernorm.weight": 0.0009901202283799648, "model.layers.6.self_attn.q_proj.weight": 0.04677486792206764, "model.layers.6.self_attn.k_proj.weight": 0.02288089506328106, "model.layers.6.self_attn.v_proj.weight": 0.02266155183315277, "model.layers.6.self_attn.o_proj.weight": 0.04570513591170311, "model.layers.6.mlp.gate_proj.weight": 0.09360512346029282, "model.layers.6.mlp.up_proj.weight": 0.09317311644554138, "model.layers.6.mlp.down_proj.weight": 0.09323884546756744, "model.layers.6.input_layernorm.weight": 0.0010218644747510552, "model.layers.6.post_attention_layernorm.weight": 0.0010126437991857529, "model.layers.7.self_attn.q_proj.weight": 0.04729057103395462, "model.layers.7.self_attn.k_proj.weight": 0.023304488509893417, "model.layers.7.self_attn.v_proj.weight": 0.02323094755411148, "model.layers.7.self_attn.o_proj.weight": 0.046579960733652115, "model.layers.7.mlp.gate_proj.weight": 0.09509103745222092, "model.layers.7.mlp.up_proj.weight": 0.0946824848651886, "model.layers.7.mlp.down_proj.weight": 0.09440219402313232, "model.layers.7.input_layernorm.weight": 0.0010094400495290756, "model.layers.7.post_attention_layernorm.weight": 0.0010032850550487638, "model.layers.8.self_attn.q_proj.weight": 0.04617217183113098, "model.layers.8.self_attn.k_proj.weight": 0.022881822660565376, "model.layers.8.self_attn.v_proj.weight": 0.023154372349381447, "model.layers.8.self_attn.o_proj.weight": 0.047396548092365265, "model.layers.8.mlp.gate_proj.weight": 0.09664185345172882, "model.layers.8.mlp.up_proj.weight": 0.09561129659414291, "model.layers.8.mlp.down_proj.weight": 0.0957852378487587, "model.layers.8.input_layernorm.weight": 0.0010002440540120006, "model.layers.8.post_attention_layernorm.weight": 0.0010398202575743198, "model.layers.9.self_attn.q_proj.weight": 0.04803362488746643, "model.layers.9.self_attn.k_proj.weight": 0.023282339796423912, "model.layers.9.self_attn.v_proj.weight": 0.023545091971755028, "model.layers.9.self_attn.o_proj.weight": 0.04839511215686798, "model.layers.9.mlp.gate_proj.weight": 0.0981782078742981, "model.layers.9.mlp.up_proj.weight": 0.09805423766374588, "model.layers.9.mlp.down_proj.weight": 0.09856399893760681, "model.layers.9.input_layernorm.weight": 0.0009868880733847618, "model.layers.9.post_attention_layernorm.weight": 0.0010610277531668544, "model.layers.10.self_attn.q_proj.weight": 0.049470409750938416, "model.layers.10.self_attn.k_proj.weight": 0.023946985602378845, "model.layers.10.self_attn.v_proj.weight": 0.024171337485313416, "model.layers.10.self_attn.o_proj.weight": 0.04948792606592178, "model.layers.10.mlp.gate_proj.weight": 0.09878434985876083, "model.layers.10.mlp.up_proj.weight": 0.09919407963752747, "model.layers.10.mlp.down_proj.weight": 0.0989985466003418, "model.layers.10.input_layernorm.weight": 0.001068280776962638, "model.layers.10.post_attention_layernorm.weight": 0.0010688073234632611, "model.layers.11.self_attn.q_proj.weight": 0.04848448559641838, "model.layers.11.self_attn.k_proj.weight": 0.024146882817149162, "model.layers.11.self_attn.v_proj.weight": 0.024274978786706924, "model.layers.11.self_attn.o_proj.weight": 0.049684975296258926, "model.layers.11.mlp.gate_proj.weight": 0.09929709881544113, "model.layers.11.mlp.up_proj.weight": 0.09972764551639557, "model.layers.11.mlp.down_proj.weight": 0.09984605759382248, "model.layers.11.input_layernorm.weight": 0.0010127854766324162, "model.layers.11.post_attention_layernorm.weight": 0.0010775270638987422, "model.layers.12.self_attn.q_proj.weight": 0.04972703754901886, "model.layers.12.self_attn.k_proj.weight": 0.02494366653263569, "model.layers.12.self_attn.v_proj.weight": 0.02473079226911068, "model.layers.12.self_attn.o_proj.weight": 0.04986565560102463, "model.layers.12.mlp.gate_proj.weight": 0.09933242946863174, "model.layers.12.mlp.up_proj.weight": 0.09905373305082321, "model.layers.12.mlp.down_proj.weight": 0.09883099794387817, "model.layers.12.input_layernorm.weight": 0.0011120009003207088, "model.layers.12.post_attention_layernorm.weight": 0.0010720400605350733, "model.layers.13.self_attn.q_proj.weight": 0.049192097038030624, "model.layers.13.self_attn.k_proj.weight": 0.024519363418221474, "model.layers.13.self_attn.v_proj.weight": 0.02431495487689972, "model.layers.13.self_attn.o_proj.weight": 0.04895930364727974, "model.layers.13.mlp.gate_proj.weight": 0.09945419430732727, "model.layers.13.mlp.up_proj.weight": 0.09940148890018463, "model.layers.13.mlp.down_proj.weight": 0.09934408962726593,