{"total_norm": 7.187694072723389, "target_norm": 0.9711786508560181, "param2norm_diff": {"model.embed_tokens.weight": 0.15886417031288147, "model.layers.0.self_attn.q_proj.weight": 0.04720848798751831, "model.layers.0.self_attn.k_proj.weight": 0.023898353800177574, "model.layers.0.self_attn.v_proj.weight": 0.022907234728336334, "model.layers.0.self_attn.o_proj.weight": 0.04566225782036781, "model.layers.0.mlp.gate_proj.weight": 0.09008467197418213, "model.layers.0.mlp.up_proj.weight": 0.09001537412405014, "model.layers.0.mlp.down_proj.weight": 0.08987504243850708, "model.layers.0.input_layernorm.weight": 0.0010267207399010658, "model.layers.0.post_attention_layernorm.weight": 0.0009912146488204598, "model.layers.1.self_attn.q_proj.weight": 0.04628514125943184, "model.layers.1.self_attn.k_proj.weight": 0.02356715314090252, "model.layers.1.self_attn.v_proj.weight": 0.02259279415011406, "model.layers.1.self_attn.o_proj.weight": 0.04577520862221718, "model.layers.1.mlp.gate_proj.weight": 0.08991634845733643, "model.layers.1.mlp.up_proj.weight": 0.08972030878067017, "model.layers.1.mlp.down_proj.weight": 0.08988727629184723, "model.layers.1.input_layernorm.weight": 0.0009908265201374888, "model.layers.1.post_attention_layernorm.weight": 0.0009843356674537063, "model.layers.2.self_attn.q_proj.weight": 0.04593861848115921, "model.layers.2.self_attn.k_proj.weight": 0.02275662124156952, "model.layers.2.self_attn.v_proj.weight": 0.02304978109896183, "model.layers.2.self_attn.o_proj.weight": 0.046958498656749725, "model.layers.2.mlp.gate_proj.weight": 0.09083327651023865, "model.layers.2.mlp.up_proj.weight": 0.09084482491016388, "model.layers.2.mlp.down_proj.weight": 0.09164565056562424, "model.layers.2.input_layernorm.weight": 0.0009994503343477845, "model.layers.2.post_attention_layernorm.weight": 0.0009950300445780158, "model.layers.3.self_attn.q_proj.weight": 0.04578996077179909, "model.layers.3.self_attn.k_proj.weight": 0.022319385781884193, "model.layers.3.self_attn.v_proj.weight": 0.023152878507971764, "model.layers.3.self_attn.o_proj.weight": 0.04690207913517952, "model.layers.3.mlp.gate_proj.weight": 0.09273291379213333, "model.layers.3.mlp.up_proj.weight": 0.09260645508766174, "model.layers.3.mlp.down_proj.weight": 0.09333014488220215, "model.layers.3.input_layernorm.weight": 0.0009801845299080014, "model.layers.3.post_attention_layernorm.weight": 0.0010187033331021667, "model.layers.4.self_attn.q_proj.weight": 0.04712342843413353, "model.layers.4.self_attn.k_proj.weight": 0.023486101999878883, "model.layers.4.self_attn.v_proj.weight": 0.023452362045645714, "model.layers.4.self_attn.o_proj.weight": 0.046165693551301956, "model.layers.4.mlp.gate_proj.weight": 0.09425046294927597, "model.layers.4.mlp.up_proj.weight": 0.09397964924573898, "model.layers.4.mlp.down_proj.weight": 0.09468403458595276, "model.layers.4.input_layernorm.weight": 0.0010256932582706213, "model.layers.4.post_attention_layernorm.weight": 0.0010226910235360265, "model.layers.5.self_attn.q_proj.weight": 0.04720756411552429, "model.layers.5.self_attn.k_proj.weight": 0.022978298366069794, "model.layers.5.self_attn.v_proj.weight": 0.023855362087488174, "model.layers.5.self_attn.o_proj.weight": 0.0472840741276741, "model.layers.5.mlp.gate_proj.weight": 0.0953981876373291, "model.layers.5.mlp.up_proj.weight": 0.095425084233284, "model.layers.5.mlp.down_proj.weight": 0.09563931822776794, "model.layers.5.input_layernorm.weight": 0.001010402454994619, "model.layers.5.post_attention_layernorm.weight": 0.0010244156001135707, "model.layers.6.self_attn.q_proj.weight": 0.04832379147410393, "model.layers.6.self_attn.k_proj.weight": 0.023696426302194595, "model.layers.6.self_attn.v_proj.weight": 0.02365574613213539, "model.layers.6.self_attn.o_proj.weight": 0.047787539660930634, "model.layers.6.mlp.gate_proj.weight": 0.09570896625518799, "model.layers.6.mlp.up_proj.weight": 0.09638623893260956, "model.layers.6.mlp.down_proj.weight": 0.09652331471443176, "model.layers.6.input_layernorm.weight": 0.0010341804008930922, "model.layers.6.post_attention_layernorm.weight": 0.0010508706327527761, "model.layers.7.self_attn.q_proj.weight": 0.04788965731859207, "model.layers.7.self_attn.k_proj.weight": 0.023798570036888123, "model.layers.7.self_attn.v_proj.weight": 0.024297961965203285, "model.layers.7.self_attn.o_proj.weight": 0.04835451766848564, "model.layers.7.mlp.gate_proj.weight": 0.09656470268964767, "model.layers.7.mlp.up_proj.weight": 0.09709415584802628, "model.layers.7.mlp.down_proj.weight": 0.09678393602371216, "model.layers.7.input_layernorm.weight": 0.0010365727357566357, "model.layers.7.post_attention_layernorm.weight": 0.0010573768522590399, "model.layers.8.self_attn.q_proj.weight": 0.048539433628320694, "model.layers.8.self_attn.k_proj.weight": 0.023772023618221283, "model.layers.8.self_attn.v_proj.weight": 0.024127667769789696, "model.layers.8.self_attn.o_proj.weight": 0.04895440861582756, "model.layers.8.mlp.gate_proj.weight": 0.09683653712272644, "model.layers.8.mlp.up_proj.weight": 0.09677230566740036, "model.layers.8.mlp.down_proj.weight": 0.0971212238073349, "model.layers.8.input_layernorm.weight": 0.0010542883537709713, "model.layers.8.post_attention_layernorm.weight": 0.0010552649619057775, "model.layers.9.self_attn.q_proj.weight": 0.047811780124902725, "model.layers.9.self_attn.k_proj.weight": 0.023660896345973015, "model.layers.9.self_attn.v_proj.weight": 0.023946916684508324, "model.layers.9.self_attn.o_proj.weight": 0.04889320209622383, "model.layers.9.mlp.gate_proj.weight": 0.09778561443090439, "model.layers.9.mlp.up_proj.weight": 0.09840992838144302, "model.layers.9.mlp.down_proj.weight": 0.09926211088895798, "model.layers.9.input_layernorm.weight": 0.001021603005938232, "model.layers.9.post_attention_layernorm.weight": 0.0010759482393041253, "model.layers.10.self_attn.q_proj.weight": 0.04915480688214302, "model.layers.10.self_attn.k_proj.weight": 0.024612730368971825, "model.layers.10.self_attn.v_proj.weight": 0.024113161489367485, "model.layers.10.self_attn.o_proj.weight": 0.04961470514535904, "model.layers.10.mlp.gate_proj.weight": 0.09778384119272232, "model.layers.10.mlp.up_proj.weight": 0.09864886105060577, "model.layers.10.mlp.down_proj.weight": 0.09928540885448456, "model.layers.10.input_layernorm.weight": 0.0011014865012839437, "model.layers.10.post_attention_layernorm.weight": 0.0010693450458347797, "model.layers.11.self_attn.q_proj.weight": 0.04896175116300583, "model.layers.11.self_attn.k_proj.weight": 0.02353239618241787, "model.layers.11.self_attn.v_proj.weight": 0.02379266731441021, "model.layers.11.self_attn.o_proj.weight": 0.04944093897938728, "model.layers.11.mlp.gate_proj.weight": 0.09825694561004639, "model.layers.11.mlp.up_proj.weight": 0.09881548583507538, "model.layers.11.mlp.down_proj.weight": 0.09973172098398209, "model.layers.11.input_layernorm.weight": 0.0010292682563886046, "model.layers.11.post_attention_layernorm.weight": 0.001073243678547442, "model.layers.12.self_attn.q_proj.weight": 0.0500354990363121, "model.layers.12.self_attn.k_proj.weight": 0.0249013788998127, "model.layers.12.self_attn.v_proj.weight": 0.023998139426112175, "model.layers.12.self_attn.o_proj.weight": 0.048788364976644516, "model.layers.12.mlp.gate_proj.weight": 0.09857340157032013, "model.layers.12.mlp.up_proj.weight": 0.09879317134618759, "model.layers.12.mlp.down_proj.weight": 0.1004219576716423, "model.layers.12.input_layernorm.weight": 0.0010776164708659053, "model.layers.12.post_attention_layernorm.weight": 0.0010595411295071244, "model.layers.13.self_attn.q_proj.weight": 0.047635890543460846, "model.layers.13.self_attn.k_proj.weight": 0.023246901109814644, "model.layers.13.self_attn.v_proj.weight": 0.02398042380809784, "model.layers.13.self_attn.o_proj.weight": 0.04785805568099022, "model.layers.13.mlp.gate_proj.weight": 0.1005009189248085, "model.layers.13.mlp.up_proj.weight": 0.10057760775089264, "model.layers.13.mlp.down_proj.weight": 0.10327912867069244,