{"total_norm": 7.304825782775879, "target_norm": 0.9246869087219238, "param2norm_diff": {"model.embed_tokens.weight": 0.17929880321025848, "model.layers.0.self_attn.q_proj.weight": 0.04508247226476669, "model.layers.0.self_attn.k_proj.weight": 0.022523080930113792, "model.layers.0.self_attn.v_proj.weight": 0.0225219763815403, "model.layers.0.self_attn.o_proj.weight": 0.04560593143105507, "model.layers.0.mlp.gate_proj.weight": 0.09060484915971756, "model.layers.0.mlp.up_proj.weight": 0.09020474553108215, "model.layers.0.mlp.down_proj.weight": 0.09034208953380585, "model.layers.0.input_layernorm.weight": 0.0009711465099826455, "model.layers.0.post_attention_layernorm.weight": 0.0010079416679218411, "model.layers.1.self_attn.q_proj.weight": 0.046383194625377655, "model.layers.1.self_attn.k_proj.weight": 0.023325730115175247, "model.layers.1.self_attn.v_proj.weight": 0.023051243275403976, "model.layers.1.self_attn.o_proj.weight": 0.04627813398838043, "model.layers.1.mlp.gate_proj.weight": 0.09048118442296982, "model.layers.1.mlp.up_proj.weight": 0.0900983139872551, "model.layers.1.mlp.down_proj.weight": 0.090378537774086, "model.layers.1.input_layernorm.weight": 0.000991941662505269, "model.layers.1.post_attention_layernorm.weight": 0.0009912203531712294, "model.layers.2.self_attn.q_proj.weight": 0.04880249500274658, "model.layers.2.self_attn.k_proj.weight": 0.02425960823893547, "model.layers.2.self_attn.v_proj.weight": 0.02335505373775959, "model.layers.2.self_attn.o_proj.weight": 0.04698065668344498, "model.layers.2.mlp.gate_proj.weight": 0.09050548821687698, "model.layers.2.mlp.up_proj.weight": 0.09024668484926224, "model.layers.2.mlp.down_proj.weight": 0.09086401760578156, "model.layers.2.input_layernorm.weight": 0.0010619544191285968, "model.layers.2.post_attention_layernorm.weight": 0.000992341316305101, "model.layers.3.self_attn.q_proj.weight": 0.04692959040403366, "model.layers.3.self_attn.k_proj.weight": 0.022889679297804832, "model.layers.3.self_attn.v_proj.weight": 0.023466911166906357, "model.layers.3.self_attn.o_proj.weight": 0.047216467559337616, "model.layers.3.mlp.gate_proj.weight": 0.09239532053470612, "model.layers.3.mlp.up_proj.weight": 0.0922914519906044, "model.layers.3.mlp.down_proj.weight": 0.09366782009601593, "model.layers.3.input_layernorm.weight": 0.0010131726739928126, "model.layers.3.post_attention_layernorm.weight": 0.0010231129126623273, "model.layers.4.self_attn.q_proj.weight": 0.047536980360746384, "model.layers.4.self_attn.k_proj.weight": 0.022832417860627174, "model.layers.4.self_attn.v_proj.weight": 0.023015469312667847, "model.layers.4.self_attn.o_proj.weight": 0.04697750508785248, "model.layers.4.mlp.gate_proj.weight": 0.09777142107486725, "model.layers.4.mlp.up_proj.weight": 0.09692823886871338, "model.layers.4.mlp.down_proj.weight": 0.0974150225520134, "model.layers.4.input_layernorm.weight": 0.0009894632967188954, "model.layers.4.post_attention_layernorm.weight": 0.0010356256971135736, "model.layers.5.self_attn.q_proj.weight": 0.04920566827058792, "model.layers.5.self_attn.k_proj.weight": 0.02464943937957287, "model.layers.5.self_attn.v_proj.weight": 0.024780193343758583, "model.layers.5.self_attn.o_proj.weight": 0.04867565631866455, "model.layers.5.mlp.gate_proj.weight": 0.09879107773303986, "model.layers.5.mlp.up_proj.weight": 0.09839010238647461, "model.layers.5.mlp.down_proj.weight": 0.09879978746175766, "model.layers.5.input_layernorm.weight": 0.0010895396117120981, "model.layers.5.post_attention_layernorm.weight": 0.001060137408785522, "model.layers.6.self_attn.q_proj.weight": 0.04919915273785591, "model.layers.6.self_attn.k_proj.weight": 0.024440139532089233, "model.layers.6.self_attn.v_proj.weight": 0.024677608162164688, "model.layers.6.self_attn.o_proj.weight": 0.04954235628247261, "model.layers.6.mlp.gate_proj.weight": 0.09897368401288986, "model.layers.6.mlp.up_proj.weight": 0.09845679998397827, "model.layers.6.mlp.down_proj.weight": 0.09898387640714645, "model.layers.6.input_layernorm.weight": 0.001087581622414291, "model.layers.6.post_attention_layernorm.weight": 0.0010724528692662716, "model.layers.7.self_attn.q_proj.weight": 0.04888222739100456, "model.layers.7.self_attn.k_proj.weight": 0.0247358251363039, "model.layers.7.self_attn.v_proj.weight": 0.02449590153992176, "model.layers.7.self_attn.o_proj.weight": 0.04884418472647667, "model.layers.7.mlp.gate_proj.weight": 0.10052074491977692, "model.layers.7.mlp.up_proj.weight": 0.09971905499696732, "model.layers.7.mlp.down_proj.weight": 0.09971806406974792, "model.layers.7.input_layernorm.weight": 0.0010498019400984049, "model.layers.7.post_attention_layernorm.weight": 0.0011003506369888783, "model.layers.8.self_attn.q_proj.weight": 0.04943579062819481, "model.layers.8.self_attn.k_proj.weight": 0.024805860593914986, "model.layers.8.self_attn.v_proj.weight": 0.024740926921367645, "model.layers.8.self_attn.o_proj.weight": 0.05008702725172043, "model.layers.8.mlp.gate_proj.weight": 0.1018763855099678, "model.layers.8.mlp.up_proj.weight": 0.09992580115795135, "model.layers.8.mlp.down_proj.weight": 0.10084200650453568, "model.layers.8.input_layernorm.weight": 0.001070323633030057, "model.layers.8.post_attention_layernorm.weight": 0.0010977574856951833, "model.layers.9.self_attn.q_proj.weight": 0.05100569128990173, "model.layers.9.self_attn.k_proj.weight": 0.025014616549015045, "model.layers.9.self_attn.v_proj.weight": 0.024724643677473068, "model.layers.9.self_attn.o_proj.weight": 0.05074148625135422, "model.layers.9.mlp.gate_proj.weight": 0.10450267046689987, "model.layers.9.mlp.up_proj.weight": 0.10241273790597916, "model.layers.9.mlp.down_proj.weight": 0.10329195857048035, "model.layers.9.input_layernorm.weight": 0.0010518446797505021, "model.layers.9.post_attention_layernorm.weight": 0.001114616054110229, "model.layers.10.self_attn.q_proj.weight": 0.051012732088565826, "model.layers.10.self_attn.k_proj.weight": 0.02469220571219921, "model.layers.10.self_attn.v_proj.weight": 0.02534814178943634, "model.layers.10.self_attn.o_proj.weight": 0.051295116543769836, "model.layers.10.mlp.gate_proj.weight": 0.10324200242757797, "model.layers.10.mlp.up_proj.weight": 0.10177379846572876, "model.layers.10.mlp.down_proj.weight": 0.1020025908946991, "model.layers.10.input_layernorm.weight": 0.001102001522667706, "model.layers.10.post_attention_layernorm.weight": 0.0011211201781406999, "model.layers.11.self_attn.q_proj.weight": 0.051332101225852966, "model.layers.11.self_attn.k_proj.weight": 0.0251445509493351, "model.layers.11.self_attn.v_proj.weight": 0.02553548291325569, "model.layers.11.self_attn.o_proj.weight": 0.0514397956430912, "model.layers.11.mlp.gate_proj.weight": 0.10206108540296555, "model.layers.11.mlp.up_proj.weight": 0.10106208920478821, "model.layers.11.mlp.down_proj.weight": 0.1010957881808281, "model.layers.11.input_layernorm.weight": 0.0010923703666776419, "model.layers.11.post_attention_layernorm.weight": 0.0010968343121930957, "model.layers.12.self_attn.q_proj.weight": 0.0527028813958168, "model.layers.12.self_attn.k_proj.weight": 0.02591240219771862, "model.layers.12.self_attn.v_proj.weight": 0.02568056806921959, "model.layers.12.self_attn.o_proj.weight": 0.051817428320646286, "model.layers.12.mlp.gate_proj.weight": 0.1012667715549469, "model.layers.12.mlp.up_proj.weight": 0.10082116723060608, "model.layers.12.mlp.down_proj.weight": 0.1003638356924057, "model.layers.12.input_layernorm.weight": 0.0011305785737931728, "model.layers.12.post_attention_layernorm.weight": 0.0010986662236973643, "model.layers.13.self_attn.q_proj.weight": 0.050056736916303635, "model.layers.13.self_attn.k_proj.weight": 0.024993112310767174, "model.layers.13.self_attn.v_proj.weight": 0.024994250386953354, "model.layers.13.self_attn.o_proj.weight": 0.05099400877952576, "model.layers.13.mlp.gate_proj.weight": 0.10121477395296097, "model.layers.13.mlp.up_proj.weight": 0.10081160068511963, "model.layers.13.mlp.down_proj.weight": 0.10081827640533447,