{"total_norm": 7.1279191970825195, "target_norm": 0.9286680817604065, "param2norm_diff": {"model.embed_tokens.weight": 0.17969365417957306, "model.layers.0.self_attn.q_proj.weight": 0.0442131832242012, "model.layers.0.self_attn.k_proj.weight": 0.02384086512029171, "model.layers.0.self_attn.v_proj.weight": 0.02294393815100193, "model.layers.0.self_attn.o_proj.weight": 0.04574958607554436, "model.layers.0.mlp.gate_proj.weight": 0.09092588722705841, "model.layers.0.mlp.up_proj.weight": 0.09097771346569061, "model.layers.0.mlp.down_proj.weight": 0.09117046743631363, "model.layers.0.input_layernorm.weight": 0.0010230784537270665, "model.layers.0.post_attention_layernorm.weight": 0.0010092667071148753, "model.layers.1.self_attn.q_proj.weight": 0.046302780508995056, "model.layers.1.self_attn.k_proj.weight": 0.022877447307109833, "model.layers.1.self_attn.v_proj.weight": 0.02296847105026245, "model.layers.1.self_attn.o_proj.weight": 0.04584606736898422, "model.layers.1.mlp.gate_proj.weight": 0.09188500046730042, "model.layers.1.mlp.up_proj.weight": 0.09139111638069153, "model.layers.1.mlp.down_proj.weight": 0.09137742221355438, "model.layers.1.input_layernorm.weight": 0.000971978239249438, "model.layers.1.post_attention_layernorm.weight": 0.0010038524633273482, "model.layers.2.self_attn.q_proj.weight": 0.04601304233074188, "model.layers.2.self_attn.k_proj.weight": 0.02227838709950447, "model.layers.2.self_attn.v_proj.weight": 0.022854242473840714, "model.layers.2.self_attn.o_proj.weight": 0.04648322984576225, "model.layers.2.mlp.gate_proj.weight": 0.09151158481836319, "model.layers.2.mlp.up_proj.weight": 0.09143505245447159, "model.layers.2.mlp.down_proj.weight": 0.09235315769910812, "model.layers.2.input_layernorm.weight": 0.0010228321189060807, "model.layers.2.post_attention_layernorm.weight": 0.0010332430247217417, "model.layers.3.self_attn.q_proj.weight": 0.04581957682967186, "model.layers.3.self_attn.k_proj.weight": 0.02186003513634205, "model.layers.3.self_attn.v_proj.weight": 0.022801650688052177, "model.layers.3.self_attn.o_proj.weight": 0.045987531542778015, "model.layers.3.mlp.gate_proj.weight": 0.09252654761075974, "model.layers.3.mlp.up_proj.weight": 0.09230685234069824, "model.layers.3.mlp.down_proj.weight": 0.09292562305927277, "model.layers.3.input_layernorm.weight": 0.000983838108368218, "model.layers.3.post_attention_layernorm.weight": 0.0010273499647155404, "model.layers.4.self_attn.q_proj.weight": 0.04596060886979103, "model.layers.4.self_attn.k_proj.weight": 0.02361895702779293, "model.layers.4.self_attn.v_proj.weight": 0.022817367687821388, "model.layers.4.self_attn.o_proj.weight": 0.04577498510479927, "model.layers.4.mlp.gate_proj.weight": 0.09318269044160843, "model.layers.4.mlp.up_proj.weight": 0.09280465543270111, "model.layers.4.mlp.down_proj.weight": 0.09297646582126617, "model.layers.4.input_layernorm.weight": 0.0010469071567058563, "model.layers.4.post_attention_layernorm.weight": 0.0010245131561532617, "model.layers.5.self_attn.q_proj.weight": 0.04694133251905441, "model.layers.5.self_attn.k_proj.weight": 0.02329287678003311, "model.layers.5.self_attn.v_proj.weight": 0.022734500467777252, "model.layers.5.self_attn.o_proj.weight": 0.04581823945045471, "model.layers.5.mlp.gate_proj.weight": 0.09336533397436142, "model.layers.5.mlp.up_proj.weight": 0.0929449200630188, "model.layers.5.mlp.down_proj.weight": 0.093758724629879, "model.layers.5.input_layernorm.weight": 0.0009922035969793797, "model.layers.5.post_attention_layernorm.weight": 0.0010251940693706274, "model.layers.6.self_attn.q_proj.weight": 0.04625813663005829, "model.layers.6.self_attn.k_proj.weight": 0.023271344602108, "model.layers.6.self_attn.v_proj.weight": 0.022773606702685356, "model.layers.6.self_attn.o_proj.weight": 0.046034108847379684, "model.layers.6.mlp.gate_proj.weight": 0.09388219565153122, "model.layers.6.mlp.up_proj.weight": 0.09383220225572586, "model.layers.6.mlp.down_proj.weight": 0.0945093184709549, "model.layers.6.input_layernorm.weight": 0.00100316375028342, "model.layers.6.post_attention_layernorm.weight": 0.0010173844639211893, "model.layers.7.self_attn.q_proj.weight": 0.04531978443264961, "model.layers.7.self_attn.k_proj.weight": 0.022647535428404808, "model.layers.7.self_attn.v_proj.weight": 0.022773239761590958, "model.layers.7.self_attn.o_proj.weight": 0.04678957909345627, "model.layers.7.mlp.gate_proj.weight": 0.09532144665718079, "model.layers.7.mlp.up_proj.weight": 0.09519224613904953, "model.layers.7.mlp.down_proj.weight": 0.09599009156227112, "model.layers.7.input_layernorm.weight": 0.0009776295628398657, "model.layers.7.post_attention_layernorm.weight": 0.0010448922403156757, "model.layers.8.self_attn.q_proj.weight": 0.046577729284763336, "model.layers.8.self_attn.k_proj.weight": 0.022725040093064308, "model.layers.8.self_attn.v_proj.weight": 0.023344963788986206, "model.layers.8.self_attn.o_proj.weight": 0.04761235788464546, "model.layers.8.mlp.gate_proj.weight": 0.0965145155787468, "model.layers.8.mlp.up_proj.weight": 0.09623312950134277, "model.layers.8.mlp.down_proj.weight": 0.0975070595741272, "model.layers.8.input_layernorm.weight": 0.001026682322844863, "model.layers.8.post_attention_layernorm.weight": 0.0010577929206192493, "model.layers.9.self_attn.q_proj.weight": 0.047505903989076614, "model.layers.9.self_attn.k_proj.weight": 0.023589404299855232, "model.layers.9.self_attn.v_proj.weight": 0.024058857932686806, "model.layers.9.self_attn.o_proj.weight": 0.04878557100892067, "model.layers.9.mlp.gate_proj.weight": 0.09846578538417816, "model.layers.9.mlp.up_proj.weight": 0.0983772724866867, "model.layers.9.mlp.down_proj.weight": 0.0990835651755333, "model.layers.9.input_layernorm.weight": 0.001014075125567615, "model.layers.9.post_attention_layernorm.weight": 0.0010745958425104618, "model.layers.10.self_attn.q_proj.weight": 0.0477970615029335, "model.layers.10.self_attn.k_proj.weight": 0.0236622616648674, "model.layers.10.self_attn.v_proj.weight": 0.02396337501704693, "model.layers.10.self_attn.o_proj.weight": 0.04931605979800224, "model.layers.10.mlp.gate_proj.weight": 0.09953751415014267, "model.layers.10.mlp.up_proj.weight": 0.0997043028473854, "model.layers.10.mlp.down_proj.weight": 0.10011504590511322, "model.layers.10.input_layernorm.weight": 0.0010827832156792283, "model.layers.10.post_attention_layernorm.weight": 0.0010882840724661946, "model.layers.11.self_attn.q_proj.weight": 0.04826181381940842, "model.layers.11.self_attn.k_proj.weight": 0.02332519181072712, "model.layers.11.self_attn.v_proj.weight": 0.02463497593998909, "model.layers.11.self_attn.o_proj.weight": 0.04981932044029236, "model.layers.11.mlp.gate_proj.weight": 0.09985417872667313, "model.layers.11.mlp.up_proj.weight": 0.10060899704694748, "model.layers.11.mlp.down_proj.weight": 0.10092709213495255, "model.layers.11.input_layernorm.weight": 0.0010595007333904505, "model.layers.11.post_attention_layernorm.weight": 0.0010771892266348004, "model.layers.12.self_attn.q_proj.weight": 0.04836760088801384, "model.layers.12.self_attn.k_proj.weight": 0.0242500901222229, "model.layers.12.self_attn.v_proj.weight": 0.02521432377398014, "model.layers.12.self_attn.o_proj.weight": 0.04976241663098335, "model.layers.12.mlp.gate_proj.weight": 0.10069087147712708, "model.layers.12.mlp.up_proj.weight": 0.10093941539525986, "model.layers.12.mlp.down_proj.weight": 0.10110253840684891, "model.layers.12.input_layernorm.weight": 0.0010920646600425243, "model.layers.12.post_attention_layernorm.weight": 0.001139512867666781, "model.layers.13.self_attn.q_proj.weight": 0.04886649549007416, "model.layers.13.self_attn.k_proj.weight": 0.024492137134075165, "model.layers.13.self_attn.v_proj.weight": 0.02438649907708168, "model.layers.13.self_attn.o_proj.weight": 0.049458038061857224, "model.layers.13.mlp.gate_proj.weight": 0.10184359550476074, "model.layers.13.mlp.up_proj.weight": 0.10189282894134521, "model.layers.13.mlp.down_proj.weight": 0.10184981673955917,