{"total_norm": 7.277674674987793, "target_norm": 0.963735818862915, "param2norm_diff": {"model.embed_tokens.weight": 0.16843581199645996, "model.layers.0.self_attn.q_proj.weight": 0.045019570738077164, "model.layers.0.self_attn.k_proj.weight": 0.02385268174111843, "model.layers.0.self_attn.v_proj.weight": 0.023358024656772614, "model.layers.0.self_attn.o_proj.weight": 0.04633679613471031, "model.layers.0.mlp.gate_proj.weight": 0.09204230457544327, "model.layers.0.mlp.up_proj.weight": 0.09186449646949768, "model.layers.0.mlp.down_proj.weight": 0.09183486551046371, "model.layers.0.input_layernorm.weight": 0.0010252491338178515, "model.layers.0.post_attention_layernorm.weight": 0.0010152037721127272, "model.layers.1.self_attn.q_proj.weight": 0.046408578753471375, "model.layers.1.self_attn.k_proj.weight": 0.023402070626616478, "model.layers.1.self_attn.v_proj.weight": 0.02322012186050415, "model.layers.1.self_attn.o_proj.weight": 0.04650903865695, "model.layers.1.mlp.gate_proj.weight": 0.09171519428491592, "model.layers.1.mlp.up_proj.weight": 0.09179611504077911, "model.layers.1.mlp.down_proj.weight": 0.09219212085008621, "model.layers.1.input_layernorm.weight": 0.0010079769417643547, "model.layers.1.post_attention_layernorm.weight": 0.001015972695313394, "model.layers.2.self_attn.q_proj.weight": 0.04660658538341522, "model.layers.2.self_attn.k_proj.weight": 0.022798746824264526, "model.layers.2.self_attn.v_proj.weight": 0.02310100942850113, "model.layers.2.self_attn.o_proj.weight": 0.047151025384664536, "model.layers.2.mlp.gate_proj.weight": 0.09277090430259705, "model.layers.2.mlp.up_proj.weight": 0.09264130145311356, "model.layers.2.mlp.down_proj.weight": 0.09259960800409317, "model.layers.2.input_layernorm.weight": 0.0010107032721862197, "model.layers.2.post_attention_layernorm.weight": 0.001013109227642417, "model.layers.3.self_attn.q_proj.weight": 0.04621761292219162, "model.layers.3.self_attn.k_proj.weight": 0.02310747094452381, "model.layers.3.self_attn.v_proj.weight": 0.022957222536206245, "model.layers.3.self_attn.o_proj.weight": 0.04658481106162071, "model.layers.3.mlp.gate_proj.weight": 0.09279083460569382, "model.layers.3.mlp.up_proj.weight": 0.09269987791776657, "model.layers.3.mlp.down_proj.weight": 0.0932125672698021, "model.layers.3.input_layernorm.weight": 0.0009994577849283814, "model.layers.3.post_attention_layernorm.weight": 0.0010142469545826316, "model.layers.4.self_attn.q_proj.weight": 0.04624198377132416, "model.layers.4.self_attn.k_proj.weight": 0.02274485118687153, "model.layers.4.self_attn.v_proj.weight": 0.023225009441375732, "model.layers.4.self_attn.o_proj.weight": 0.046469271183013916, "model.layers.4.mlp.gate_proj.weight": 0.09296928346157074, "model.layers.4.mlp.up_proj.weight": 0.093023382127285, "model.layers.4.mlp.down_proj.weight": 0.0936073288321495, "model.layers.4.input_layernorm.weight": 0.0010028248652815819, "model.layers.4.post_attention_layernorm.weight": 0.0010240392293781042, "model.layers.5.self_attn.q_proj.weight": 0.04691889137029648, "model.layers.5.self_attn.k_proj.weight": 0.023102575913071632, "model.layers.5.self_attn.v_proj.weight": 0.023183047771453857, "model.layers.5.self_attn.o_proj.weight": 0.04764698073267937, "model.layers.5.mlp.gate_proj.weight": 0.0939951092004776, "model.layers.5.mlp.up_proj.weight": 0.09438888728618622, "model.layers.5.mlp.down_proj.weight": 0.09520797431468964, "model.layers.5.input_layernorm.weight": 0.0010253817308694124, "model.layers.5.post_attention_layernorm.weight": 0.0010475118178874254, "model.layers.6.self_attn.q_proj.weight": 0.04740740358829498, "model.layers.6.self_attn.k_proj.weight": 0.022827275097370148, "model.layers.6.self_attn.v_proj.weight": 0.023388898000121117, "model.layers.6.self_attn.o_proj.weight": 0.04714054986834526, "model.layers.6.mlp.gate_proj.weight": 0.09562818706035614, "model.layers.6.mlp.up_proj.weight": 0.09595418721437454, "model.layers.6.mlp.down_proj.weight": 0.09687915444374084, "model.layers.6.input_layernorm.weight": 0.0010199130047112703, "model.layers.6.post_attention_layernorm.weight": 0.0010445896768942475, "model.layers.7.self_attn.q_proj.weight": 0.04720810055732727, "model.layers.7.self_attn.k_proj.weight": 0.023313216865062714, "model.layers.7.self_attn.v_proj.weight": 0.023588797077536583, "model.layers.7.self_attn.o_proj.weight": 0.0481313057243824, "model.layers.7.mlp.gate_proj.weight": 0.09780540317296982, "model.layers.7.mlp.up_proj.weight": 0.098109170794487, "model.layers.7.mlp.down_proj.weight": 0.09900651127099991, "model.layers.7.input_layernorm.weight": 0.0010088329436257482, "model.layers.7.post_attention_layernorm.weight": 0.0010682379361242056, "model.layers.8.self_attn.q_proj.weight": 0.048461612313985825, "model.layers.8.self_attn.k_proj.weight": 0.024049345403909683, "model.layers.8.self_attn.v_proj.weight": 0.024267597123980522, "model.layers.8.self_attn.o_proj.weight": 0.04860339313745499, "model.layers.8.mlp.gate_proj.weight": 0.0990336537361145, "model.layers.8.mlp.up_proj.weight": 0.09927408397197723, "model.layers.8.mlp.down_proj.weight": 0.10004711896181107, "model.layers.8.input_layernorm.weight": 0.0010583583498373628, "model.layers.8.post_attention_layernorm.weight": 0.0010831699473783374, "model.layers.9.self_attn.q_proj.weight": 0.04915696755051613, "model.layers.9.self_attn.k_proj.weight": 0.024431830272078514, "model.layers.9.self_attn.v_proj.weight": 0.024529097601771355, "model.layers.9.self_attn.o_proj.weight": 0.04941621795296669, "model.layers.9.mlp.gate_proj.weight": 0.0998372882604599, "model.layers.9.mlp.up_proj.weight": 0.10077755898237228, "model.layers.9.mlp.down_proj.weight": 0.10142292827367783, "model.layers.9.input_layernorm.weight": 0.0010615012142807245, "model.layers.9.post_attention_layernorm.weight": 0.0010859397007152438, "model.layers.10.self_attn.q_proj.weight": 0.04924794286489487, "model.layers.10.self_attn.k_proj.weight": 0.02406587265431881, "model.layers.10.self_attn.v_proj.weight": 0.024767620489001274, "model.layers.10.self_attn.o_proj.weight": 0.05031246319413185, "model.layers.10.mlp.gate_proj.weight": 0.10086846351623535, "model.layers.10.mlp.up_proj.weight": 0.10208567976951599, "model.layers.10.mlp.down_proj.weight": 0.1025402620434761, "model.layers.10.input_layernorm.weight": 0.0010671325726434588, "model.layers.10.post_attention_layernorm.weight": 0.0011243995977565646, "model.layers.11.self_attn.q_proj.weight": 0.04974659904837608, "model.layers.11.self_attn.k_proj.weight": 0.024278691038489342, "model.layers.11.self_attn.v_proj.weight": 0.025178706273436546, "model.layers.11.self_attn.o_proj.weight": 0.05127393454313278, "model.layers.11.mlp.gate_proj.weight": 0.10187751054763794, "model.layers.11.mlp.up_proj.weight": 0.10337503254413605, "model.layers.11.mlp.down_proj.weight": 0.10348425060510635, "model.layers.11.input_layernorm.weight": 0.0010660256957635283, "model.layers.11.post_attention_layernorm.weight": 0.0011175115359947085, "model.layers.12.self_attn.q_proj.weight": 0.049827683717012405, "model.layers.12.self_attn.k_proj.weight": 0.024689219892024994, "model.layers.12.self_attn.v_proj.weight": 0.025445912033319473, "model.layers.12.self_attn.o_proj.weight": 0.051248956471681595, "model.layers.12.mlp.gate_proj.weight": 0.10262499004602432, "model.layers.12.mlp.up_proj.weight": 0.10302770882844925, "model.layers.12.mlp.down_proj.weight": 0.10353479534387589, "model.layers.12.input_layernorm.weight": 0.0011149095371365547, "model.layers.12.post_attention_layernorm.weight": 0.0011430301237851381, "model.layers.13.self_attn.q_proj.weight": 0.049564968794584274, "model.layers.13.self_attn.k_proj.weight": 0.025058673694729805, "model.layers.13.self_attn.v_proj.weight": 0.025819208472967148, "model.layers.13.self_attn.o_proj.weight": 0.05126610025763512, "model.layers.13.mlp.gate_proj.weight": 0.10454891622066498, "model.layers.13.mlp.up_proj.weight": 0.10485131293535233, "model.layers.13.mlp.down_proj.weight": 0.10514125227928162,