{"total_norm": 7.4009528160095215, "target_norm": 0.9644963145256042, "param2norm_diff": {"model.embed_tokens.weight": 0.18424363434314728, "model.layers.0.self_attn.q_proj.weight": 0.04612920433282852, "model.layers.0.self_attn.k_proj.weight": 0.02315009944140911, "model.layers.0.self_attn.v_proj.weight": 0.023198572918772697, "model.layers.0.self_attn.o_proj.weight": 0.046930693089962006, "model.layers.0.mlp.gate_proj.weight": 0.09329722821712494, "model.layers.0.mlp.up_proj.weight": 0.09325571358203888, "model.layers.0.mlp.down_proj.weight": 0.09329262375831604, "model.layers.0.input_layernorm.weight": 0.0010459612822160125, "model.layers.0.post_attention_layernorm.weight": 0.0010243875440210104, "model.layers.1.self_attn.q_proj.weight": 0.04637009650468826, "model.layers.1.self_attn.k_proj.weight": 0.02334073930978775, "model.layers.1.self_attn.v_proj.weight": 0.023104192689061165, "model.layers.1.self_attn.o_proj.weight": 0.046709299087524414, "model.layers.1.mlp.gate_proj.weight": 0.09291388094425201, "model.layers.1.mlp.up_proj.weight": 0.09257501363754272, "model.layers.1.mlp.down_proj.weight": 0.09289270639419556, "model.layers.1.input_layernorm.weight": 0.001012486987747252, "model.layers.1.post_attention_layernorm.weight": 0.0010077022016048431, "model.layers.2.self_attn.q_proj.weight": 0.04602819308638573, "model.layers.2.self_attn.k_proj.weight": 0.02205653116106987, "model.layers.2.self_attn.v_proj.weight": 0.023198774084448814, "model.layers.2.self_attn.o_proj.weight": 0.047337379306554794, "model.layers.2.mlp.gate_proj.weight": 0.09437481313943863, "model.layers.2.mlp.up_proj.weight": 0.09394079446792603, "model.layers.2.mlp.down_proj.weight": 0.09417489171028137, "model.layers.2.input_layernorm.weight": 0.0009467669297009706, "model.layers.2.post_attention_layernorm.weight": 0.0010181218385696411, "model.layers.3.self_attn.q_proj.weight": 0.04702109843492508, "model.layers.3.self_attn.k_proj.weight": 0.0229853093624115, "model.layers.3.self_attn.v_proj.weight": 0.023147866129875183, "model.layers.3.self_attn.o_proj.weight": 0.0465281680226326, "model.layers.3.mlp.gate_proj.weight": 0.09463401883840561, "model.layers.3.mlp.up_proj.weight": 0.09389254450798035, "model.layers.3.mlp.down_proj.weight": 0.09489796310663223, "model.layers.3.input_layernorm.weight": 0.0009956331923604012, "model.layers.3.post_attention_layernorm.weight": 0.0010327944764867425, "model.layers.4.self_attn.q_proj.weight": 0.04635724425315857, "model.layers.4.self_attn.k_proj.weight": 0.02315552346408367, "model.layers.4.self_attn.v_proj.weight": 0.02296423725783825, "model.layers.4.self_attn.o_proj.weight": 0.04630608484148979, "model.layers.4.mlp.gate_proj.weight": 0.09578816592693329, "model.layers.4.mlp.up_proj.weight": 0.0954434722661972, "model.layers.4.mlp.down_proj.weight": 0.09619956463575363, "model.layers.4.input_layernorm.weight": 0.0009821051498875022, "model.layers.4.post_attention_layernorm.weight": 0.0010263867443427444, "model.layers.5.self_attn.q_proj.weight": 0.04639119282364845, "model.layers.5.self_attn.k_proj.weight": 0.022943275049328804, "model.layers.5.self_attn.v_proj.weight": 0.02326611429452896, "model.layers.5.self_attn.o_proj.weight": 0.04735657200217247, "model.layers.5.mlp.gate_proj.weight": 0.09733568876981735, "model.layers.5.mlp.up_proj.weight": 0.09669855982065201, "model.layers.5.mlp.down_proj.weight": 0.097281813621521, "model.layers.5.input_layernorm.weight": 0.0010331431403756142, "model.layers.5.post_attention_layernorm.weight": 0.0010335380211472511, "model.layers.6.self_attn.q_proj.weight": 0.04794728010892868, "model.layers.6.self_attn.k_proj.weight": 0.02356504462659359, "model.layers.6.self_attn.v_proj.weight": 0.024003559723496437, "model.layers.6.self_attn.o_proj.weight": 0.04802795127034187, "model.layers.6.mlp.gate_proj.weight": 0.09879818558692932, "model.layers.6.mlp.up_proj.weight": 0.09821776300668716, "model.layers.6.mlp.down_proj.weight": 0.09901447594165802, "model.layers.6.input_layernorm.weight": 0.0010389697272330523, "model.layers.6.post_attention_layernorm.weight": 0.0010815052082762122, "model.layers.7.self_attn.q_proj.weight": 0.04791802540421486, "model.layers.7.self_attn.k_proj.weight": 0.023507392033934593, "model.layers.7.self_attn.v_proj.weight": 0.024026906117796898, "model.layers.7.self_attn.o_proj.weight": 0.048912711441516876, "model.layers.7.mlp.gate_proj.weight": 0.10076718032360077, "model.layers.7.mlp.up_proj.weight": 0.10020960122346878, "model.layers.7.mlp.down_proj.weight": 0.1006302759051323, "model.layers.7.input_layernorm.weight": 0.0010348742362111807, "model.layers.7.post_attention_layernorm.weight": 0.001103239948861301, "model.layers.8.self_attn.q_proj.weight": 0.0498928464949131, "model.layers.8.self_attn.k_proj.weight": 0.024556182324886322, "model.layers.8.self_attn.v_proj.weight": 0.02441198192536831, "model.layers.8.self_attn.o_proj.weight": 0.04971756413578987, "model.layers.8.mlp.gate_proj.weight": 0.10235397517681122, "model.layers.8.mlp.up_proj.weight": 0.10188984125852585, "model.layers.8.mlp.down_proj.weight": 0.10271626710891724, "model.layers.8.input_layernorm.weight": 0.001063705189153552, "model.layers.8.post_attention_layernorm.weight": 0.0011269631795585155, "model.layers.9.self_attn.q_proj.weight": 0.051322512328624725, "model.layers.9.self_attn.k_proj.weight": 0.025657225400209427, "model.layers.9.self_attn.v_proj.weight": 0.025085069239139557, "model.layers.9.self_attn.o_proj.weight": 0.05080505087971687, "model.layers.9.mlp.gate_proj.weight": 0.10334210097789764, "model.layers.9.mlp.up_proj.weight": 0.10373130440711975, "model.layers.9.mlp.down_proj.weight": 0.10371644794940948, "model.layers.9.input_layernorm.weight": 0.0011064488207921386, "model.layers.9.post_attention_layernorm.weight": 0.001140267588198185, "model.layers.10.self_attn.q_proj.weight": 0.0514230914413929, "model.layers.10.self_attn.k_proj.weight": 0.025354065001010895, "model.layers.10.self_attn.v_proj.weight": 0.02548152767121792, "model.layers.10.self_attn.o_proj.weight": 0.051510944962501526, "model.layers.10.mlp.gate_proj.weight": 0.10344596207141876, "model.layers.10.mlp.up_proj.weight": 0.1045314222574234, "model.layers.10.mlp.down_proj.weight": 0.10468617081642151, "model.layers.10.input_layernorm.weight": 0.0011318729957565665, "model.layers.10.post_attention_layernorm.weight": 0.0011253218399360776, "model.layers.11.self_attn.q_proj.weight": 0.051764581352472305, "model.layers.11.self_attn.k_proj.weight": 0.025416918098926544, "model.layers.11.self_attn.v_proj.weight": 0.025795768946409225, "model.layers.11.self_attn.o_proj.weight": 0.05254622548818588, "model.layers.11.mlp.gate_proj.weight": 0.10348289459943771, "model.layers.11.mlp.up_proj.weight": 0.10500171780586243, "model.layers.11.mlp.down_proj.weight": 0.10501096397638321, "model.layers.11.input_layernorm.weight": 0.001138819381594658, "model.layers.11.post_attention_layernorm.weight": 0.0011491018813103437, "model.layers.12.self_attn.q_proj.weight": 0.051348552107810974, "model.layers.12.self_attn.k_proj.weight": 0.02548508532345295, "model.layers.12.self_attn.v_proj.weight": 0.02597934938967228, "model.layers.12.self_attn.o_proj.weight": 0.05281192809343338, "model.layers.12.mlp.gate_proj.weight": 0.10426498204469681, "model.layers.12.mlp.up_proj.weight": 0.10473667085170746, "model.layers.12.mlp.down_proj.weight": 0.10505246371030807, "model.layers.12.input_layernorm.weight": 0.0011326062958687544, "model.layers.12.post_attention_layernorm.weight": 0.001140241278335452, "model.layers.13.self_attn.q_proj.weight": 0.050822362303733826, "model.layers.13.self_attn.k_proj.weight": 0.02579796314239502, "model.layers.13.self_attn.v_proj.weight": 0.025920970365405083, "model.layers.13.self_attn.o_proj.weight": 0.05225040018558502, "model.layers.13.mlp.gate_proj.weight": 0.10538291186094284, "model.layers.13.mlp.up_proj.weight": 0.10555152595043182, "model.layers.13.mlp.down_proj.weight": 0.10584007203578949,