{"total_norm": 7.730401992797852, "target_norm": 1.023985505104065, "param2norm_diff": {"model.embed_tokens.weight": 0.21883907914161682, "model.layers.0.self_attn.q_proj.weight": 0.0462275892496109, "model.layers.0.self_attn.k_proj.weight": 0.02430557832121849, "model.layers.0.self_attn.v_proj.weight": 0.023615166544914246, "model.layers.0.self_attn.o_proj.weight": 0.04641364887356758, "model.layers.0.mlp.gate_proj.weight": 0.09226621687412262, "model.layers.0.mlp.up_proj.weight": 0.09194613248109818, "model.layers.0.mlp.down_proj.weight": 0.09208100289106369, "model.layers.0.input_layernorm.weight": 0.001020035007968545, "model.layers.0.post_attention_layernorm.weight": 0.001016066293232143, "model.layers.1.self_attn.q_proj.weight": 0.04696383327245712, "model.layers.1.self_attn.k_proj.weight": 0.023099783807992935, "model.layers.1.self_attn.v_proj.weight": 0.023375974968075752, "model.layers.1.self_attn.o_proj.weight": 0.047020696103572845, "model.layers.1.mlp.gate_proj.weight": 0.09255339950323105, "model.layers.1.mlp.up_proj.weight": 0.09223711490631104, "model.layers.1.mlp.down_proj.weight": 0.093004010617733, "model.layers.1.input_layernorm.weight": 0.0009992256527766585, "model.layers.1.post_attention_layernorm.weight": 0.0010120627703145146, "model.layers.2.self_attn.q_proj.weight": 0.04846663773059845, "model.layers.2.self_attn.k_proj.weight": 0.023845290765166283, "model.layers.2.self_attn.v_proj.weight": 0.02345968969166279, "model.layers.2.self_attn.o_proj.weight": 0.047880690544843674, "model.layers.2.mlp.gate_proj.weight": 0.09378281235694885, "model.layers.2.mlp.up_proj.weight": 0.09374085813760757, "model.layers.2.mlp.down_proj.weight": 0.09523904323577881, "model.layers.2.input_layernorm.weight": 0.001031919731758535, "model.layers.2.post_attention_layernorm.weight": 0.0010480809723958373, "model.layers.3.self_attn.q_proj.weight": 0.04845235124230385, "model.layers.3.self_attn.k_proj.weight": 0.023364149034023285, "model.layers.3.self_attn.v_proj.weight": 0.023828325793147087, "model.layers.3.self_attn.o_proj.weight": 0.048690520226955414, "model.layers.3.mlp.gate_proj.weight": 0.09791053831577301, "model.layers.3.mlp.up_proj.weight": 0.0971081554889679, "model.layers.3.mlp.down_proj.weight": 0.09848633408546448, "model.layers.3.input_layernorm.weight": 0.0010256936075165868, "model.layers.3.post_attention_layernorm.weight": 0.001053415471687913, "model.layers.4.self_attn.q_proj.weight": 0.04809456318616867, "model.layers.4.self_attn.k_proj.weight": 0.024305133149027824, "model.layers.4.self_attn.v_proj.weight": 0.024283872917294502, "model.layers.4.self_attn.o_proj.weight": 0.048453543335199356, "model.layers.4.mlp.gate_proj.weight": 0.10003092139959335, "model.layers.4.mlp.up_proj.weight": 0.0990019217133522, "model.layers.4.mlp.down_proj.weight": 0.09984423220157623, "model.layers.4.input_layernorm.weight": 0.001060583395883441, "model.layers.4.post_attention_layernorm.weight": 0.0010683865984901786, "model.layers.5.self_attn.q_proj.weight": 0.049009982496500015, "model.layers.5.self_attn.k_proj.weight": 0.023797016590833664, "model.layers.5.self_attn.v_proj.weight": 0.024144645780324936, "model.layers.5.self_attn.o_proj.weight": 0.04862155392765999, "model.layers.5.mlp.gate_proj.weight": 0.10119064152240753, "model.layers.5.mlp.up_proj.weight": 0.09990297257900238, "model.layers.5.mlp.down_proj.weight": 0.10046475380659103, "model.layers.5.input_layernorm.weight": 0.0010401480831205845, "model.layers.5.post_attention_layernorm.weight": 0.0010902659269049764, "model.layers.6.self_attn.q_proj.weight": 0.04853931441903114, "model.layers.6.self_attn.k_proj.weight": 0.024519819766283035, "model.layers.6.self_attn.v_proj.weight": 0.02458515390753746, "model.layers.6.self_attn.o_proj.weight": 0.049417007714509964, "model.layers.6.mlp.gate_proj.weight": 0.10184334218502045, "model.layers.6.mlp.up_proj.weight": 0.10046572238206863, "model.layers.6.mlp.down_proj.weight": 0.1013871356844902, "model.layers.6.input_layernorm.weight": 0.0010652014752849936, "model.layers.6.post_attention_layernorm.weight": 0.0011089870240539312, "model.layers.7.self_attn.q_proj.weight": 0.049248624593019485, "model.layers.7.self_attn.k_proj.weight": 0.02425234019756317, "model.layers.7.self_attn.v_proj.weight": 0.024180063977837563, "model.layers.7.self_attn.o_proj.weight": 0.04942941665649414, "model.layers.7.mlp.gate_proj.weight": 0.10428601503372192, "model.layers.7.mlp.up_proj.weight": 0.10292128473520279, "model.layers.7.mlp.down_proj.weight": 0.10383845865726471, "model.layers.7.input_layernorm.weight": 0.0010347017087042332, "model.layers.7.post_attention_layernorm.weight": 0.0011352681322023273, "model.layers.8.self_attn.q_proj.weight": 0.05065692961215973, "model.layers.8.self_attn.k_proj.weight": 0.024662865325808525, "model.layers.8.self_attn.v_proj.weight": 0.02476394549012184, "model.layers.8.self_attn.o_proj.weight": 0.05099331960082054, "model.layers.8.mlp.gate_proj.weight": 0.10715518891811371, "model.layers.8.mlp.up_proj.weight": 0.10523638129234314, "model.layers.8.mlp.down_proj.weight": 0.10617697983980179, "model.layers.8.input_layernorm.weight": 0.0010716242250055075, "model.layers.8.post_attention_layernorm.weight": 0.0011647588107734919, "model.layers.9.self_attn.q_proj.weight": 0.05354512482881546, "model.layers.9.self_attn.k_proj.weight": 0.02610825002193451, "model.layers.9.self_attn.v_proj.weight": 0.025406552478671074, "model.layers.9.self_attn.o_proj.weight": 0.05245489627122879, "model.layers.9.mlp.gate_proj.weight": 0.10995040833950043, "model.layers.9.mlp.up_proj.weight": 0.10885664820671082, "model.layers.9.mlp.down_proj.weight": 0.10939080268144608, "model.layers.9.input_layernorm.weight": 0.0010915662860497832, "model.layers.9.post_attention_layernorm.weight": 0.0011876209173351526, "model.layers.10.self_attn.q_proj.weight": 0.05411844328045845, "model.layers.10.self_attn.k_proj.weight": 0.026743588969111443, "model.layers.10.self_attn.v_proj.weight": 0.02674456499516964, "model.layers.10.self_attn.o_proj.weight": 0.05471678823232651, "model.layers.10.mlp.gate_proj.weight": 0.10987130552530289, "model.layers.10.mlp.up_proj.weight": 0.11031439155340195, "model.layers.10.mlp.down_proj.weight": 0.11009947210550308, "model.layers.10.input_layernorm.weight": 0.0011991519713774323, "model.layers.10.post_attention_layernorm.weight": 0.001210538437590003, "model.layers.11.self_attn.q_proj.weight": 0.055147554725408554, "model.layers.11.self_attn.k_proj.weight": 0.026981940492987633, "model.layers.11.self_attn.v_proj.weight": 0.026479894295334816, "model.layers.11.self_attn.o_proj.weight": 0.055714432150125504, "model.layers.11.mlp.gate_proj.weight": 0.10922136157751083, "model.layers.11.mlp.up_proj.weight": 0.1111905500292778, "model.layers.11.mlp.down_proj.weight": 0.11082907766103745, "model.layers.11.input_layernorm.weight": 0.001150969648733735, "model.layers.11.post_attention_layernorm.weight": 0.0012187977554276586, "model.layers.12.self_attn.q_proj.weight": 0.05562455207109451, "model.layers.12.self_attn.k_proj.weight": 0.02733677066862583, "model.layers.12.self_attn.v_proj.weight": 0.02798200398683548, "model.layers.12.self_attn.o_proj.weight": 0.057015303522348404, "model.layers.12.mlp.gate_proj.weight": 0.1099982038140297, "model.layers.12.mlp.up_proj.weight": 0.11072790622711182, "model.layers.12.mlp.down_proj.weight": 0.11109840124845505, "model.layers.12.input_layernorm.weight": 0.0012040151050314307, "model.layers.12.post_attention_layernorm.weight": 0.0012304844567552209, "model.layers.13.self_attn.q_proj.weight": 0.054285068064928055, "model.layers.13.self_attn.k_proj.weight": 0.026829544454813004, "model.layers.13.self_attn.v_proj.weight": 0.02816457487642765, "model.layers.13.self_attn.o_proj.weight": 0.05670060217380524, "model.layers.13.mlp.gate_proj.weight": 0.111426942050457, "model.layers.13.mlp.up_proj.weight": 0.11176049709320068, "model.layers.13.mlp.down_proj.weight": 0.11235588043928146,