{"total_norm": 7.412586688995361, "target_norm": 0.9686610698699951, "param2norm_diff": {"model.embed_tokens.weight": 0.18519434332847595, "model.layers.0.self_attn.q_proj.weight": 0.04514705017209053, "model.layers.0.self_attn.k_proj.weight": 0.02328469231724739, "model.layers.0.self_attn.v_proj.weight": 0.023690927773714066, "model.layers.0.self_attn.o_proj.weight": 0.04692927002906799, "model.layers.0.mlp.gate_proj.weight": 0.09228770434856415, "model.layers.0.mlp.up_proj.weight": 0.09238918870687485, "model.layers.0.mlp.down_proj.weight": 0.0927993431687355, "model.layers.0.input_layernorm.weight": 0.0010168879525735974, "model.layers.0.post_attention_layernorm.weight": 0.0010185790015384555, "model.layers.1.self_attn.q_proj.weight": 0.0471469908952713, "model.layers.1.self_attn.k_proj.weight": 0.023739902302622795, "model.layers.1.self_attn.v_proj.weight": 0.0236769150942564, "model.layers.1.self_attn.o_proj.weight": 0.04762830585241318, "model.layers.1.mlp.gate_proj.weight": 0.09322719275951385, "model.layers.1.mlp.up_proj.weight": 0.09319949895143509, "model.layers.1.mlp.down_proj.weight": 0.09374663978815079, "model.layers.1.input_layernorm.weight": 0.0010041105560958385, "model.layers.1.post_attention_layernorm.weight": 0.0010379793820902705, "model.layers.2.self_attn.q_proj.weight": 0.04782028868794441, "model.layers.2.self_attn.k_proj.weight": 0.023781003430485725, "model.layers.2.self_attn.v_proj.weight": 0.023295274004340172, "model.layers.2.self_attn.o_proj.weight": 0.04733283072710037, "model.layers.2.mlp.gate_proj.weight": 0.09372630715370178, "model.layers.2.mlp.up_proj.weight": 0.09369641542434692, "model.layers.2.mlp.down_proj.weight": 0.09443221241235733, "model.layers.2.input_layernorm.weight": 0.0010227138409391046, "model.layers.2.post_attention_layernorm.weight": 0.0010398162994533777, "model.layers.3.self_attn.q_proj.weight": 0.047877367585897446, "model.layers.3.self_attn.k_proj.weight": 0.02410847507417202, "model.layers.3.self_attn.v_proj.weight": 0.023487979546189308, "model.layers.3.self_attn.o_proj.weight": 0.046722494065761566, "model.layers.3.mlp.gate_proj.weight": 0.09476766735315323, "model.layers.3.mlp.up_proj.weight": 0.09379583597183228, "model.layers.3.mlp.down_proj.weight": 0.09473135322332382, "model.layers.3.input_layernorm.weight": 0.0010293925879523158, "model.layers.3.post_attention_layernorm.weight": 0.001007339102216065, "model.layers.4.self_attn.q_proj.weight": 0.047166675329208374, "model.layers.4.self_attn.k_proj.weight": 0.023567743599414825, "model.layers.4.self_attn.v_proj.weight": 0.023732183501124382, "model.layers.4.self_attn.o_proj.weight": 0.0469452328979969, "model.layers.4.mlp.gate_proj.weight": 0.09615495800971985, "model.layers.4.mlp.up_proj.weight": 0.09531727433204651, "model.layers.4.mlp.down_proj.weight": 0.09563861787319183, "model.layers.4.input_layernorm.weight": 0.0009904458420351148, "model.layers.4.post_attention_layernorm.weight": 0.0010051361750811338, "model.layers.5.self_attn.q_proj.weight": 0.048114899545907974, "model.layers.5.self_attn.k_proj.weight": 0.02384469099342823, "model.layers.5.self_attn.v_proj.weight": 0.024073876440525055, "model.layers.5.self_attn.o_proj.weight": 0.04795778542757034, "model.layers.5.mlp.gate_proj.weight": 0.09685026109218597, "model.layers.5.mlp.up_proj.weight": 0.09597907215356827, "model.layers.5.mlp.down_proj.weight": 0.0964222177863121, "model.layers.5.input_layernorm.weight": 0.0010486629325896502, "model.layers.5.post_attention_layernorm.weight": 0.0010520691284909844, "model.layers.6.self_attn.q_proj.weight": 0.0477864034473896, "model.layers.6.self_attn.k_proj.weight": 0.023965539410710335, "model.layers.6.self_attn.v_proj.weight": 0.024053461849689484, "model.layers.6.self_attn.o_proj.weight": 0.04854196310043335, "model.layers.6.mlp.gate_proj.weight": 0.09849602729082108, "model.layers.6.mlp.up_proj.weight": 0.0979083701968193, "model.layers.6.mlp.down_proj.weight": 0.09796696901321411, "model.layers.6.input_layernorm.weight": 0.0010293235536664724, "model.layers.6.post_attention_layernorm.weight": 0.001076737535186112, "model.layers.7.self_attn.q_proj.weight": 0.0487276166677475, "model.layers.7.self_attn.k_proj.weight": 0.02378343604505062, "model.layers.7.self_attn.v_proj.weight": 0.024312954396009445, "model.layers.7.self_attn.o_proj.weight": 0.049517467617988586, "model.layers.7.mlp.gate_proj.weight": 0.09948571026325226, "model.layers.7.mlp.up_proj.weight": 0.09851662814617157, "model.layers.7.mlp.down_proj.weight": 0.09852668642997742, "model.layers.7.input_layernorm.weight": 0.001038145856000483, "model.layers.7.post_attention_layernorm.weight": 0.0010767020285129547, "model.layers.8.self_attn.q_proj.weight": 0.04961869493126869, "model.layers.8.self_attn.k_proj.weight": 0.024781111627817154, "model.layers.8.self_attn.v_proj.weight": 0.024254072457551956, "model.layers.8.self_attn.o_proj.weight": 0.04955821856856346, "model.layers.8.mlp.gate_proj.weight": 0.10158481448888779, "model.layers.8.mlp.up_proj.weight": 0.10049108415842056, "model.layers.8.mlp.down_proj.weight": 0.10116766393184662, "model.layers.8.input_layernorm.weight": 0.0010262259747833014, "model.layers.8.post_attention_layernorm.weight": 0.0011226731585338712, "model.layers.9.self_attn.q_proj.weight": 0.050695423036813736, "model.layers.9.self_attn.k_proj.weight": 0.02556416392326355, "model.layers.9.self_attn.v_proj.weight": 0.02485654130578041, "model.layers.9.self_attn.o_proj.weight": 0.0509721040725708, "model.layers.9.mlp.gate_proj.weight": 0.10264667123556137, "model.layers.9.mlp.up_proj.weight": 0.10168465971946716, "model.layers.9.mlp.down_proj.weight": 0.10255361348390579, "model.layers.9.input_layernorm.weight": 0.001074891071766615, "model.layers.9.post_attention_layernorm.weight": 0.0011082105338573456, "model.layers.10.self_attn.q_proj.weight": 0.05135480687022209, "model.layers.10.self_attn.k_proj.weight": 0.025954866781830788, "model.layers.10.self_attn.v_proj.weight": 0.025683021172881126, "model.layers.10.self_attn.o_proj.weight": 0.052171967923641205, "model.layers.10.mlp.gate_proj.weight": 0.10292147845029831, "model.layers.10.mlp.up_proj.weight": 0.10293297469615936, "model.layers.10.mlp.down_proj.weight": 0.10310746729373932, "model.layers.10.input_layernorm.weight": 0.0011045944411307573, "model.layers.10.post_attention_layernorm.weight": 0.001118865329772234, "model.layers.11.self_attn.q_proj.weight": 0.051794614642858505, "model.layers.11.self_attn.k_proj.weight": 0.02590431086719036, "model.layers.11.self_attn.v_proj.weight": 0.02572876773774624, "model.layers.11.self_attn.o_proj.weight": 0.05238153785467148, "model.layers.11.mlp.gate_proj.weight": 0.10336685925722122, "model.layers.11.mlp.up_proj.weight": 0.10431671142578125, "model.layers.11.mlp.down_proj.weight": 0.10484776645898819, "model.layers.11.input_layernorm.weight": 0.0010838464368134737, "model.layers.11.post_attention_layernorm.weight": 0.001142067601904273, "model.layers.12.self_attn.q_proj.weight": 0.05170160159468651, "model.layers.12.self_attn.k_proj.weight": 0.026276128366589546, "model.layers.12.self_attn.v_proj.weight": 0.026687970384955406, "model.layers.12.self_attn.o_proj.weight": 0.053477801382541656, "model.layers.12.mlp.gate_proj.weight": 0.10393040627241135, "model.layers.12.mlp.up_proj.weight": 0.10426370054483414, "model.layers.12.mlp.down_proj.weight": 0.10464750230312347, "model.layers.12.input_layernorm.weight": 0.0011678755981847644, "model.layers.12.post_attention_layernorm.weight": 0.001139400526881218, "model.layers.13.self_attn.q_proj.weight": 0.050416555255651474, "model.layers.13.self_attn.k_proj.weight": 0.02536867745220661, "model.layers.13.self_attn.v_proj.weight": 0.02581947110593319, "model.layers.13.self_attn.o_proj.weight": 0.05255233496427536, "model.layers.13.mlp.gate_proj.weight": 0.10476483404636383, "model.layers.13.mlp.up_proj.weight": 0.10518742352724075, "model.layers.13.mlp.down_proj.weight": 0.10561356693506241,