{"total_norm": 7.2334489822387695, "target_norm": 0.940127968788147, "param2norm_diff": {"model.embed_tokens.weight": 0.16964657604694366, "model.layers.0.self_attn.q_proj.weight": 0.045348893851041794, "model.layers.0.self_attn.k_proj.weight": 0.024063119664788246, "model.layers.0.self_attn.v_proj.weight": 0.022930888459086418, "model.layers.0.self_attn.o_proj.weight": 0.04576675221323967, "model.layers.0.mlp.gate_proj.weight": 0.08907856047153473, "model.layers.0.mlp.up_proj.weight": 0.08855248987674713, "model.layers.0.mlp.down_proj.weight": 0.08824871480464935, "model.layers.0.input_layernorm.weight": 0.001000547781586647, "model.layers.0.post_attention_layernorm.weight": 0.0009404703159816563, "model.layers.1.self_attn.q_proj.weight": 0.04646269604563713, "model.layers.1.self_attn.k_proj.weight": 0.023614944890141487, "model.layers.1.self_attn.v_proj.weight": 0.02280247025191784, "model.layers.1.self_attn.o_proj.weight": 0.0459122508764267, "model.layers.1.mlp.gate_proj.weight": 0.08925499767065048, "model.layers.1.mlp.up_proj.weight": 0.08909733593463898, "model.layers.1.mlp.down_proj.weight": 0.08873561769723892, "model.layers.1.input_layernorm.weight": 0.0010137298377230763, "model.layers.1.post_attention_layernorm.weight": 0.000992948072962463, "model.layers.2.self_attn.q_proj.weight": 0.04735269770026207, "model.layers.2.self_attn.k_proj.weight": 0.0249002818018198, "model.layers.2.self_attn.v_proj.weight": 0.023071467876434326, "model.layers.2.self_attn.o_proj.weight": 0.04625505954027176, "model.layers.2.mlp.gate_proj.weight": 0.0891609713435173, "model.layers.2.mlp.up_proj.weight": 0.08976660668849945, "model.layers.2.mlp.down_proj.weight": 0.0910065770149231, "model.layers.2.input_layernorm.weight": 0.0010709825437515974, "model.layers.2.post_attention_layernorm.weight": 0.000983137753792107, "model.layers.3.self_attn.q_proj.weight": 0.046303316950798035, "model.layers.3.self_attn.k_proj.weight": 0.022404363378882408, "model.layers.3.self_attn.v_proj.weight": 0.022532230243086815, "model.layers.3.self_attn.o_proj.weight": 0.046894971281290054, "model.layers.3.mlp.gate_proj.weight": 0.09518537670373917, "model.layers.3.mlp.up_proj.weight": 0.09563227742910385, "model.layers.3.mlp.down_proj.weight": 0.0957149937748909, "model.layers.3.input_layernorm.weight": 0.0009445867035537958, "model.layers.3.post_attention_layernorm.weight": 0.0010276167886331677, "model.layers.4.self_attn.q_proj.weight": 0.0484367311000824, "model.layers.4.self_attn.k_proj.weight": 0.024257460609078407, "model.layers.4.self_attn.v_proj.weight": 0.02389904484152794, "model.layers.4.self_attn.o_proj.weight": 0.047023989260196686, "model.layers.4.mlp.gate_proj.weight": 0.09598895907402039, "model.layers.4.mlp.up_proj.weight": 0.09578666090965271, "model.layers.4.mlp.down_proj.weight": 0.0960865169763565, "model.layers.4.input_layernorm.weight": 0.0010588840814307332, "model.layers.4.post_attention_layernorm.weight": 0.001028193742968142, "model.layers.5.self_attn.q_proj.weight": 0.04818737134337425, "model.layers.5.self_attn.k_proj.weight": 0.023719416931271553, "model.layers.5.self_attn.v_proj.weight": 0.02417323738336563, "model.layers.5.self_attn.o_proj.weight": 0.04774566367268562, "model.layers.5.mlp.gate_proj.weight": 0.09683483093976974, "model.layers.5.mlp.up_proj.weight": 0.09650825709104538, "model.layers.5.mlp.down_proj.weight": 0.09667402505874634, "model.layers.5.input_layernorm.weight": 0.0010419647442176938, "model.layers.5.post_attention_layernorm.weight": 0.001070108381099999, "model.layers.6.self_attn.q_proj.weight": 0.04860348626971245, "model.layers.6.self_attn.k_proj.weight": 0.024022312834858894, "model.layers.6.self_attn.v_proj.weight": 0.023988578468561172, "model.layers.6.self_attn.o_proj.weight": 0.047771915793418884, "model.layers.6.mlp.gate_proj.weight": 0.09714538604021072, "model.layers.6.mlp.up_proj.weight": 0.09689866751432419, "model.layers.6.mlp.down_proj.weight": 0.09674418717622757, "model.layers.6.input_layernorm.weight": 0.0010643556015565991, "model.layers.6.post_attention_layernorm.weight": 0.0010788098443299532, "model.layers.7.self_attn.q_proj.weight": 0.048716481775045395, "model.layers.7.self_attn.k_proj.weight": 0.02428138069808483, "model.layers.7.self_attn.v_proj.weight": 0.024062491953372955, "model.layers.7.self_attn.o_proj.weight": 0.047738611698150635, "model.layers.7.mlp.gate_proj.weight": 0.09742526710033417, "model.layers.7.mlp.up_proj.weight": 0.09702086448669434, "model.layers.7.mlp.down_proj.weight": 0.0967918112874031, "model.layers.7.input_layernorm.weight": 0.0010510648135095835, "model.layers.7.post_attention_layernorm.weight": 0.0010721631115302444, "model.layers.8.self_attn.q_proj.weight": 0.04808119684457779, "model.layers.8.self_attn.k_proj.weight": 0.023929523304104805, "model.layers.8.self_attn.v_proj.weight": 0.02370644360780716, "model.layers.8.self_attn.o_proj.weight": 0.048059817403554916, "model.layers.8.mlp.gate_proj.weight": 0.09878094494342804, "model.layers.8.mlp.up_proj.weight": 0.09788578003644943, "model.layers.8.mlp.down_proj.weight": 0.09828818589448929, "model.layers.8.input_layernorm.weight": 0.0010390751995146275, "model.layers.8.post_attention_layernorm.weight": 0.001068244455382228, "model.layers.9.self_attn.q_proj.weight": 0.04883892089128494, "model.layers.9.self_attn.k_proj.weight": 0.02400830015540123, "model.layers.9.self_attn.v_proj.weight": 0.02419464662671089, "model.layers.9.self_attn.o_proj.weight": 0.049262262880802155, "model.layers.9.mlp.gate_proj.weight": 0.09995122998952866, "model.layers.9.mlp.up_proj.weight": 0.09947765618562698, "model.layers.9.mlp.down_proj.weight": 0.10036143660545349, "model.layers.9.input_layernorm.weight": 0.0010549603030085564, "model.layers.9.post_attention_layernorm.weight": 0.0010861977934837341, "model.layers.10.self_attn.q_proj.weight": 0.04872388765215874, "model.layers.10.self_attn.k_proj.weight": 0.02410687692463398, "model.layers.10.self_attn.v_proj.weight": 0.024817442521452904, "model.layers.10.self_attn.o_proj.weight": 0.050733111798763275, "model.layers.10.mlp.gate_proj.weight": 0.10018112510442734, "model.layers.10.mlp.up_proj.weight": 0.10010438412427902, "model.layers.10.mlp.down_proj.weight": 0.10037654638290405, "model.layers.10.input_layernorm.weight": 0.001053755753673613, "model.layers.10.post_attention_layernorm.weight": 0.0011169030331075191, "model.layers.11.self_attn.q_proj.weight": 0.049860380589962006, "model.layers.11.self_attn.k_proj.weight": 0.024606071412563324, "model.layers.11.self_attn.v_proj.weight": 0.02511710859835148, "model.layers.11.self_attn.o_proj.weight": 0.05149763822555542, "model.layers.11.mlp.gate_proj.weight": 0.10067187994718552, "model.layers.11.mlp.up_proj.weight": 0.10102259367704391, "model.layers.11.mlp.down_proj.weight": 0.10139066725969315, "model.layers.11.input_layernorm.weight": 0.0010510734282433987, "model.layers.11.post_attention_layernorm.weight": 0.001094746170565486, "model.layers.12.self_attn.q_proj.weight": 0.050833333283662796, "model.layers.12.self_attn.k_proj.weight": 0.025310223922133446, "model.layers.12.self_attn.v_proj.weight": 0.025749005377292633, "model.layers.12.self_attn.o_proj.weight": 0.051954466849565506, "model.layers.12.mlp.gate_proj.weight": 0.10095934569835663, "model.layers.12.mlp.up_proj.weight": 0.1012168899178505, "model.layers.12.mlp.down_proj.weight": 0.10122362524271011, "model.layers.12.input_layernorm.weight": 0.0011405255645513535, "model.layers.12.post_attention_layernorm.weight": 0.001100140972994268, "model.layers.13.self_attn.q_proj.weight": 0.04978007823228836, "model.layers.13.self_attn.k_proj.weight": 0.025036301463842392, "model.layers.13.self_attn.v_proj.weight": 0.02492610551416874, "model.layers.13.self_attn.o_proj.weight": 0.05040811747312546, "model.layers.13.mlp.gate_proj.weight": 0.10199353843927383, "model.layers.13.mlp.up_proj.weight": 0.10226693749427795, "model.layers.13.mlp.down_proj.weight": 0.10276111215353012,