{"total_norm": 7.028435230255127, "target_norm": 0.926766037940979, "param2norm_diff": {"model.embed_tokens.weight": 0.15878334641456604, "model.layers.0.self_attn.q_proj.weight": 0.04314815625548363, "model.layers.0.self_attn.k_proj.weight": 0.021934783086180687, "model.layers.0.self_attn.v_proj.weight": 0.02290140651166439, "model.layers.0.self_attn.o_proj.weight": 0.04510239511728287, "model.layers.0.mlp.gate_proj.weight": 0.09041960537433624, "model.layers.0.mlp.up_proj.weight": 0.09015616774559021, "model.layers.0.mlp.down_proj.weight": 0.09050806611776352, "model.layers.0.input_layernorm.weight": 0.0010060768108814955, "model.layers.0.post_attention_layernorm.weight": 0.0010058843763545156, "model.layers.1.self_attn.q_proj.weight": 0.04601611942052841, "model.layers.1.self_attn.k_proj.weight": 0.023541564121842384, "model.layers.1.self_attn.v_proj.weight": 0.023116597905755043, "model.layers.1.self_attn.o_proj.weight": 0.04587182402610779, "model.layers.1.mlp.gate_proj.weight": 0.08979295939207077, "model.layers.1.mlp.up_proj.weight": 0.08995237946510315, "model.layers.1.mlp.down_proj.weight": 0.09013426303863525, "model.layers.1.input_layernorm.weight": 0.001038181479088962, "model.layers.1.post_attention_layernorm.weight": 0.0010104033863171935, "model.layers.2.self_attn.q_proj.weight": 0.04463668912649155, "model.layers.2.self_attn.k_proj.weight": 0.02293974906206131, "model.layers.2.self_attn.v_proj.weight": 0.022712090983986855, "model.layers.2.self_attn.o_proj.weight": 0.04553766921162605, "model.layers.2.mlp.gate_proj.weight": 0.08980205655097961, "model.layers.2.mlp.up_proj.weight": 0.09024258702993393, "model.layers.2.mlp.down_proj.weight": 0.0904202088713646, "model.layers.2.input_layernorm.weight": 0.0010197139345109463, "model.layers.2.post_attention_layernorm.weight": 0.0009964947821572423, "model.layers.3.self_attn.q_proj.weight": 0.04500525817275047, "model.layers.3.self_attn.k_proj.weight": 0.02318187989294529, "model.layers.3.self_attn.v_proj.weight": 0.02276679128408432, "model.layers.3.self_attn.o_proj.weight": 0.04531501606106758, "model.layers.3.mlp.gate_proj.weight": 0.09118323773145676, "model.layers.3.mlp.up_proj.weight": 0.09119688719511032, "model.layers.3.mlp.down_proj.weight": 0.09105829894542694, "model.layers.3.input_layernorm.weight": 0.001011496176943183, "model.layers.3.post_attention_layernorm.weight": 0.0009967114310711622, "model.layers.4.self_attn.q_proj.weight": 0.04535398259758949, "model.layers.4.self_attn.k_proj.weight": 0.02308831363916397, "model.layers.4.self_attn.v_proj.weight": 0.02282804623246193, "model.layers.4.self_attn.o_proj.weight": 0.04500520974397659, "model.layers.4.mlp.gate_proj.weight": 0.09094912558794022, "model.layers.4.mlp.up_proj.weight": 0.09076035767793655, "model.layers.4.mlp.down_proj.weight": 0.09098976850509644, "model.layers.4.input_layernorm.weight": 0.0010271467035636306, "model.layers.4.post_attention_layernorm.weight": 0.000987155013717711, "model.layers.5.self_attn.q_proj.weight": 0.04482530057430267, "model.layers.5.self_attn.k_proj.weight": 0.022897152230143547, "model.layers.5.self_attn.v_proj.weight": 0.022599678486585617, "model.layers.5.self_attn.o_proj.weight": 0.045285385102033615, "model.layers.5.mlp.gate_proj.weight": 0.09115100651979446, "model.layers.5.mlp.up_proj.weight": 0.09101904183626175, "model.layers.5.mlp.down_proj.weight": 0.09122128039598465, "model.layers.5.input_layernorm.weight": 0.0010105282999575138, "model.layers.5.post_attention_layernorm.weight": 0.0010070930002257228, "model.layers.6.self_attn.q_proj.weight": 0.04504542052745819, "model.layers.6.self_attn.k_proj.weight": 0.022836972028017044, "model.layers.6.self_attn.v_proj.weight": 0.02254052646458149, "model.layers.6.self_attn.o_proj.weight": 0.04536687210202217, "model.layers.6.mlp.gate_proj.weight": 0.09174720197916031, "model.layers.6.mlp.up_proj.weight": 0.09153836220502853, "model.layers.6.mlp.down_proj.weight": 0.09193339198827744, "model.layers.6.input_layernorm.weight": 0.0009913709945976734, "model.layers.6.post_attention_layernorm.weight": 0.0010200131218880415, "model.layers.7.self_attn.q_proj.weight": 0.045463986694812775, "model.layers.7.self_attn.k_proj.weight": 0.02283783070743084, "model.layers.7.self_attn.v_proj.weight": 0.022311287000775337, "model.layers.7.self_attn.o_proj.weight": 0.04544452205300331, "model.layers.7.mlp.gate_proj.weight": 0.09281141310930252, "model.layers.7.mlp.up_proj.weight": 0.09258659929037094, "model.layers.7.mlp.down_proj.weight": 0.09273543953895569, "model.layers.7.input_layernorm.weight": 0.0009575456497259438, "model.layers.7.post_attention_layernorm.weight": 0.0010154088959097862, "model.layers.8.self_attn.q_proj.weight": 0.04573003202676773, "model.layers.8.self_attn.k_proj.weight": 0.02260877750813961, "model.layers.8.self_attn.v_proj.weight": 0.022355174645781517, "model.layers.8.self_attn.o_proj.weight": 0.045668646693229675, "model.layers.8.mlp.gate_proj.weight": 0.0946490690112114, "model.layers.8.mlp.up_proj.weight": 0.09403929859399796, "model.layers.8.mlp.down_proj.weight": 0.0946543961763382, "model.layers.8.input_layernorm.weight": 0.000984888174571097, "model.layers.8.post_attention_layernorm.weight": 0.001050510909408331, "model.layers.9.self_attn.q_proj.weight": 0.04690440744161606, "model.layers.9.self_attn.k_proj.weight": 0.023391420021653175, "model.layers.9.self_attn.v_proj.weight": 0.02338366024196148, "model.layers.9.self_attn.o_proj.weight": 0.04812711849808693, "model.layers.9.mlp.gate_proj.weight": 0.09663897007703781, "model.layers.9.mlp.up_proj.weight": 0.09669892489910126, "model.layers.9.mlp.down_proj.weight": 0.09724346548318863, "model.layers.9.input_layernorm.weight": 0.0010155262425541878, "model.layers.9.post_attention_layernorm.weight": 0.0010407989611849189, "model.layers.10.self_attn.q_proj.weight": 0.04912685975432396, "model.layers.10.self_attn.k_proj.weight": 0.02431536838412285, "model.layers.10.self_attn.v_proj.weight": 0.024270201101899147, "model.layers.10.self_attn.o_proj.weight": 0.04920201376080513, "model.layers.10.mlp.gate_proj.weight": 0.09758363664150238, "model.layers.10.mlp.up_proj.weight": 0.0980096310377121, "model.layers.10.mlp.down_proj.weight": 0.09837569296360016, "model.layers.10.input_layernorm.weight": 0.001060097012668848, "model.layers.10.post_attention_layernorm.weight": 0.00108616694342345, "model.layers.11.self_attn.q_proj.weight": 0.04810421168804169, "model.layers.11.self_attn.k_proj.weight": 0.023356862366199493, "model.layers.11.self_attn.v_proj.weight": 0.023610437288880348, "model.layers.11.self_attn.o_proj.weight": 0.04876470938324928, "model.layers.11.mlp.gate_proj.weight": 0.09851648658514023, "model.layers.11.mlp.up_proj.weight": 0.09952227771282196, "model.layers.11.mlp.down_proj.weight": 0.09984356164932251, "model.layers.11.input_layernorm.weight": 0.0009912810055539012, "model.layers.11.post_attention_layernorm.weight": 0.0010948906419798732, "model.layers.12.self_attn.q_proj.weight": 0.04949825629591942, "model.layers.12.self_attn.k_proj.weight": 0.025188088417053223, "model.layers.12.self_attn.v_proj.weight": 0.024915769696235657, "model.layers.12.self_attn.o_proj.weight": 0.04966733604669571, "model.layers.12.mlp.gate_proj.weight": 0.09977956116199493, "model.layers.12.mlp.up_proj.weight": 0.10007040947675705, "model.layers.12.mlp.down_proj.weight": 0.10022013634443283, "model.layers.12.input_layernorm.weight": 0.0010763611644506454, "model.layers.12.post_attention_layernorm.weight": 0.0010991657618433237, "model.layers.13.self_attn.q_proj.weight": 0.04855256900191307, "model.layers.13.self_attn.k_proj.weight": 0.02507779933512211, "model.layers.13.self_attn.v_proj.weight": 0.024743560701608658, "model.layers.13.self_attn.o_proj.weight": 0.04973897337913513, "model.layers.13.mlp.gate_proj.weight": 0.10060016065835953, "model.layers.13.mlp.up_proj.weight": 0.10096032917499542, "model.layers.13.mlp.down_proj.weight": 0.10169722884893417,