{"total_norm": 7.694421768188477, "target_norm": 1.0027538537979126, "param2norm_diff": {"model.embed_tokens.weight": 0.20756107568740845, "model.layers.0.self_attn.q_proj.weight": 0.04402535408735275, "model.layers.0.self_attn.k_proj.weight": 0.021974846720695496, "model.layers.0.self_attn.v_proj.weight": 0.022541623562574387, "model.layers.0.self_attn.o_proj.weight": 0.04544568061828613, "model.layers.0.mlp.gate_proj.weight": 0.08959528803825378, "model.layers.0.mlp.up_proj.weight": 0.08963171392679214, "model.layers.0.mlp.down_proj.weight": 0.08983393758535385, "model.layers.0.input_layernorm.weight": 0.0009778810199350119, "model.layers.0.post_attention_layernorm.weight": 0.001008723396807909, "model.layers.1.self_attn.q_proj.weight": 0.0447562038898468, "model.layers.1.self_attn.k_proj.weight": 0.021624824032187462, "model.layers.1.self_attn.v_proj.weight": 0.022736968472599983, "model.layers.1.self_attn.o_proj.weight": 0.04650270566344261, "model.layers.1.mlp.gate_proj.weight": 0.09062785655260086, "model.layers.1.mlp.up_proj.weight": 0.0907805860042572, "model.layers.1.mlp.down_proj.weight": 0.09169510006904602, "model.layers.1.input_layernorm.weight": 0.0009631636785343289, "model.layers.1.post_attention_layernorm.weight": 0.0009989531245082617, "model.layers.2.self_attn.q_proj.weight": 0.04821670800447464, "model.layers.2.self_attn.k_proj.weight": 0.02348724752664566, "model.layers.2.self_attn.v_proj.weight": 0.023234916850924492, "model.layers.2.self_attn.o_proj.weight": 0.048284780234098434, "model.layers.2.mlp.gate_proj.weight": 0.0935213640332222, "model.layers.2.mlp.up_proj.weight": 0.0936870127916336, "model.layers.2.mlp.down_proj.weight": 0.0946546196937561, "model.layers.2.input_layernorm.weight": 0.001008085673674941, "model.layers.2.post_attention_layernorm.weight": 0.0010143344989046454, "model.layers.3.self_attn.q_proj.weight": 0.048184480518102646, "model.layers.3.self_attn.k_proj.weight": 0.023422688245773315, "model.layers.3.self_attn.v_proj.weight": 0.023839235305786133, "model.layers.3.self_attn.o_proj.weight": 0.04810672998428345, "model.layers.3.mlp.gate_proj.weight": 0.09807777404785156, "model.layers.3.mlp.up_proj.weight": 0.09764260053634644, "model.layers.3.mlp.down_proj.weight": 0.09873376786708832, "model.layers.3.input_layernorm.weight": 0.0009999359026551247, "model.layers.3.post_attention_layernorm.weight": 0.0010504017118364573, "model.layers.4.self_attn.q_proj.weight": 0.050155844539403915, "model.layers.4.self_attn.k_proj.weight": 0.024639273062348366, "model.layers.4.self_attn.v_proj.weight": 0.024262335151433945, "model.layers.4.self_attn.o_proj.weight": 0.04929128661751747, "model.layers.4.mlp.gate_proj.weight": 0.09995739907026291, "model.layers.4.mlp.up_proj.weight": 0.09959952533245087, "model.layers.4.mlp.down_proj.weight": 0.10065606236457825, "model.layers.4.input_layernorm.weight": 0.001056794193573296, "model.layers.4.post_attention_layernorm.weight": 0.0010937262559309602, "model.layers.5.self_attn.q_proj.weight": 0.05016825348138809, "model.layers.5.self_attn.k_proj.weight": 0.02528272569179535, "model.layers.5.self_attn.v_proj.weight": 0.024549245834350586, "model.layers.5.self_attn.o_proj.weight": 0.049791816622018814, "model.layers.5.mlp.gate_proj.weight": 0.10150574147701263, "model.layers.5.mlp.up_proj.weight": 0.10153884440660477, "model.layers.5.mlp.down_proj.weight": 0.10201523452997208, "model.layers.5.input_layernorm.weight": 0.0010750985238701105, "model.layers.5.post_attention_layernorm.weight": 0.0011184043250977993, "model.layers.6.self_attn.q_proj.weight": 0.050877418369054794, "model.layers.6.self_attn.k_proj.weight": 0.025616811588406563, "model.layers.6.self_attn.v_proj.weight": 0.02525053173303604, "model.layers.6.self_attn.o_proj.weight": 0.05045827105641365, "model.layers.6.mlp.gate_proj.weight": 0.10326920449733734, "model.layers.6.mlp.up_proj.weight": 0.10315471142530441, "model.layers.6.mlp.down_proj.weight": 0.10386385023593903, "model.layers.6.input_layernorm.weight": 0.0011196259874850512, "model.layers.6.post_attention_layernorm.weight": 0.0011377464979887009, "model.layers.7.self_attn.q_proj.weight": 0.051579367369413376, "model.layers.7.self_attn.k_proj.weight": 0.02538910135626793, "model.layers.7.self_attn.v_proj.weight": 0.025304319337010384, "model.layers.7.self_attn.o_proj.weight": 0.05138767510652542, "model.layers.7.mlp.gate_proj.weight": 0.10575740784406662, "model.layers.7.mlp.up_proj.weight": 0.1054537445306778, "model.layers.7.mlp.down_proj.weight": 0.10593048483133316, "model.layers.7.input_layernorm.weight": 0.0011124858865514398, "model.layers.7.post_attention_layernorm.weight": 0.0011652533430606127, "model.layers.8.self_attn.q_proj.weight": 0.05251632630825043, "model.layers.8.self_attn.k_proj.weight": 0.025807231664657593, "model.layers.8.self_attn.v_proj.weight": 0.02578587830066681, "model.layers.8.self_attn.o_proj.weight": 0.05202927440404892, "model.layers.8.mlp.gate_proj.weight": 0.10780856758356094, "model.layers.8.mlp.up_proj.weight": 0.10655023157596588, "model.layers.8.mlp.down_proj.weight": 0.10793767869472504, "model.layers.8.input_layernorm.weight": 0.0011319194454699755, "model.layers.8.post_attention_layernorm.weight": 0.0012036331463605165, "model.layers.9.self_attn.q_proj.weight": 0.053577736020088196, "model.layers.9.self_attn.k_proj.weight": 0.026688620448112488, "model.layers.9.self_attn.v_proj.weight": 0.025927938520908356, "model.layers.9.self_attn.o_proj.weight": 0.053413137793540955, "model.layers.9.mlp.gate_proj.weight": 0.10997118055820465, "model.layers.9.mlp.up_proj.weight": 0.1086292564868927, "model.layers.9.mlp.down_proj.weight": 0.10969952493906021, "model.layers.9.input_layernorm.weight": 0.001150408759713173, "model.layers.9.post_attention_layernorm.weight": 0.0011938851093873382, "model.layers.10.self_attn.q_proj.weight": 0.05359386280179024, "model.layers.10.self_attn.k_proj.weight": 0.026373954489827156, "model.layers.10.self_attn.v_proj.weight": 0.026409754529595375, "model.layers.10.self_attn.o_proj.weight": 0.05414445698261261, "model.layers.10.mlp.gate_proj.weight": 0.11025548726320267, "model.layers.10.mlp.up_proj.weight": 0.11022526025772095, "model.layers.10.mlp.down_proj.weight": 0.11055810749530792, "model.layers.10.input_layernorm.weight": 0.001136571285314858, "model.layers.10.post_attention_layernorm.weight": 0.001201602746732533, "model.layers.11.self_attn.q_proj.weight": 0.0543329231441021, "model.layers.11.self_attn.k_proj.weight": 0.02669462561607361, "model.layers.11.self_attn.v_proj.weight": 0.026822375133633614, "model.layers.11.self_attn.o_proj.weight": 0.0550009123980999, "model.layers.11.mlp.gate_proj.weight": 0.10937622934579849, "model.layers.11.mlp.up_proj.weight": 0.11057344079017639, "model.layers.11.mlp.down_proj.weight": 0.11041516065597534, "model.layers.11.input_layernorm.weight": 0.0011688884114846587, "model.layers.11.post_attention_layernorm.weight": 0.0012083119945600629, "model.layers.12.self_attn.q_proj.weight": 0.05408520996570587, "model.layers.12.self_attn.k_proj.weight": 0.0265501718968153, "model.layers.12.self_attn.v_proj.weight": 0.027252137660980225, "model.layers.12.self_attn.o_proj.weight": 0.05549822375178337, "model.layers.12.mlp.gate_proj.weight": 0.10832077264785767, "model.layers.12.mlp.up_proj.weight": 0.10926705598831177, "model.layers.12.mlp.down_proj.weight": 0.10931671410799026, "model.layers.12.input_layernorm.weight": 0.0011744126677513123, "model.layers.12.post_attention_layernorm.weight": 0.0011734850704669952, "model.layers.13.self_attn.q_proj.weight": 0.052337974309921265, "model.layers.13.self_attn.k_proj.weight": 0.026335548609495163, "model.layers.13.self_attn.v_proj.weight": 0.027506396174430847, "model.layers.13.self_attn.o_proj.weight": 0.054947346448898315, "model.layers.13.mlp.gate_proj.weight": 0.10958953946828842, "model.layers.13.mlp.up_proj.weight": 0.11004748940467834, "model.layers.13.mlp.down_proj.weight": 0.11024053394794464,