{"total_norm": 6.84962272644043, "target_norm": 0.9039284586906433, "param2norm_diff": {"model.embed_tokens.weight": 0.13351649045944214, "model.layers.0.self_attn.q_proj.weight": 0.044491395354270935, "model.layers.0.self_attn.k_proj.weight": 0.02268884889781475, "model.layers.0.self_attn.v_proj.weight": 0.023539287969470024, "model.layers.0.self_attn.o_proj.weight": 0.04642464965581894, "model.layers.0.mlp.gate_proj.weight": 0.09240397810935974, "model.layers.0.mlp.up_proj.weight": 0.09268952906131744, "model.layers.0.mlp.down_proj.weight": 0.09259778261184692, "model.layers.0.input_layernorm.weight": 0.0010541998781263828, "model.layers.0.post_attention_layernorm.weight": 0.0010491821449249983, "model.layers.1.self_attn.q_proj.weight": 0.04651355370879173, "model.layers.1.self_attn.k_proj.weight": 0.023252137005329132, "model.layers.1.self_attn.v_proj.weight": 0.02291698381304741, "model.layers.1.self_attn.o_proj.weight": 0.04584025964140892, "model.layers.1.mlp.gate_proj.weight": 0.09210573136806488, "model.layers.1.mlp.up_proj.weight": 0.09202126413583755, "model.layers.1.mlp.down_proj.weight": 0.09207379072904587, "model.layers.1.input_layernorm.weight": 0.0010278624249622226, "model.layers.1.post_attention_layernorm.weight": 0.0010160855017602444, "model.layers.2.self_attn.q_proj.weight": 0.04605204239487648, "model.layers.2.self_attn.k_proj.weight": 0.024069566279649734, "model.layers.2.self_attn.v_proj.weight": 0.022482559084892273, "model.layers.2.self_attn.o_proj.weight": 0.04429370537400246, "model.layers.2.mlp.gate_proj.weight": 0.0904829278588295, "model.layers.2.mlp.up_proj.weight": 0.09009765088558197, "model.layers.2.mlp.down_proj.weight": 0.09029434621334076, "model.layers.2.input_layernorm.weight": 0.001055337255820632, "model.layers.2.post_attention_layernorm.weight": 0.0009999079629778862, "model.layers.3.self_attn.q_proj.weight": 0.04523622244596481, "model.layers.3.self_attn.k_proj.weight": 0.022162770852446556, "model.layers.3.self_attn.v_proj.weight": 0.02221599593758583, "model.layers.3.self_attn.o_proj.weight": 0.04463678598403931, "model.layers.3.mlp.gate_proj.weight": 0.09037500619888306, "model.layers.3.mlp.up_proj.weight": 0.09019924700260162, "model.layers.3.mlp.down_proj.weight": 0.09053543210029602, "model.layers.3.input_layernorm.weight": 0.0009890079963952303, "model.layers.3.post_attention_layernorm.weight": 0.0009819634724408388, "model.layers.4.self_attn.q_proj.weight": 0.04422232136130333, "model.layers.4.self_attn.k_proj.weight": 0.022217342630028725, "model.layers.4.self_attn.v_proj.weight": 0.022386211901903152, "model.layers.4.self_attn.o_proj.weight": 0.04485110566020012, "model.layers.4.mlp.gate_proj.weight": 0.09057663381099701, "model.layers.4.mlp.up_proj.weight": 0.09063907712697983, "model.layers.4.mlp.down_proj.weight": 0.09106840938329697, "model.layers.4.input_layernorm.weight": 0.0009904052130877972, "model.layers.4.post_attention_layernorm.weight": 0.0010122287785634398, "model.layers.5.self_attn.q_proj.weight": 0.04447626695036888, "model.layers.5.self_attn.k_proj.weight": 0.02262640930712223, "model.layers.5.self_attn.v_proj.weight": 0.022717677056789398, "model.layers.5.self_attn.o_proj.weight": 0.04547064006328583, "model.layers.5.mlp.gate_proj.weight": 0.09056220948696136, "model.layers.5.mlp.up_proj.weight": 0.09058096259832382, "model.layers.5.mlp.down_proj.weight": 0.09078825265169144, "model.layers.5.input_layernorm.weight": 0.0009816990932449698, "model.layers.5.post_attention_layernorm.weight": 0.0010013318387791514, "model.layers.6.self_attn.q_proj.weight": 0.04605928435921669, "model.layers.6.self_attn.k_proj.weight": 0.022810639813542366, "model.layers.6.self_attn.v_proj.weight": 0.022571297362446785, "model.layers.6.self_attn.o_proj.weight": 0.04511462524533272, "model.layers.6.mlp.gate_proj.weight": 0.09037529677152634, "model.layers.6.mlp.up_proj.weight": 0.09065629541873932, "model.layers.6.mlp.down_proj.weight": 0.09101202338933945, "model.layers.6.input_layernorm.weight": 0.0010190990287810564, "model.layers.6.post_attention_layernorm.weight": 0.0010021069319918752, "model.layers.7.self_attn.q_proj.weight": 0.04650544002652168, "model.layers.7.self_attn.k_proj.weight": 0.022681137546896935, "model.layers.7.self_attn.v_proj.weight": 0.022658970206975937, "model.layers.7.self_attn.o_proj.weight": 0.044818609952926636, "model.layers.7.mlp.gate_proj.weight": 0.09085436910390854, "model.layers.7.mlp.up_proj.weight": 0.09122524410486221, "model.layers.7.mlp.down_proj.weight": 0.09156017005443573, "model.layers.7.input_layernorm.weight": 0.0010171118192374706, "model.layers.7.post_attention_layernorm.weight": 0.001005801372230053, "model.layers.8.self_attn.q_proj.weight": 0.04465305060148239, "model.layers.8.self_attn.k_proj.weight": 0.022322069853544235, "model.layers.8.self_attn.v_proj.weight": 0.022363491356372833, "model.layers.8.self_attn.o_proj.weight": 0.044892411679029465, "model.layers.8.mlp.gate_proj.weight": 0.09106632322072983, "model.layers.8.mlp.up_proj.weight": 0.090927354991436, "model.layers.8.mlp.down_proj.weight": 0.09156545996665955, "model.layers.8.input_layernorm.weight": 0.0009491550154052675, "model.layers.8.post_attention_layernorm.weight": 0.0010190967004746199, "model.layers.9.self_attn.q_proj.weight": 0.04537738487124443, "model.layers.9.self_attn.k_proj.weight": 0.02248377352952957, "model.layers.9.self_attn.v_proj.weight": 0.022676071152091026, "model.layers.9.self_attn.o_proj.weight": 0.0453706793487072, "model.layers.9.mlp.gate_proj.weight": 0.09205283224582672, "model.layers.9.mlp.up_proj.weight": 0.09175024181604385, "model.layers.9.mlp.down_proj.weight": 0.0921335369348526, "model.layers.9.input_layernorm.weight": 0.0009797797538340092, "model.layers.9.post_attention_layernorm.weight": 0.001002540229819715, "model.layers.10.self_attn.q_proj.weight": 0.045314669609069824, "model.layers.10.self_attn.k_proj.weight": 0.021762968972325325, "model.layers.10.self_attn.v_proj.weight": 0.022458577528595924, "model.layers.10.self_attn.o_proj.weight": 0.046147558838129044, "model.layers.10.mlp.gate_proj.weight": 0.09304092824459076, "model.layers.10.mlp.up_proj.weight": 0.09245109558105469, "model.layers.10.mlp.down_proj.weight": 0.09299898147583008, "model.layers.10.input_layernorm.weight": 0.0010105741675943136, "model.layers.10.post_attention_layernorm.weight": 0.00101745524443686, "model.layers.11.self_attn.q_proj.weight": 0.04663821682333946, "model.layers.11.self_attn.k_proj.weight": 0.023029178380966187, "model.layers.11.self_attn.v_proj.weight": 0.023155631497502327, "model.layers.11.self_attn.o_proj.weight": 0.04751589521765709, "model.layers.11.mlp.gate_proj.weight": 0.09372217208147049, "model.layers.11.mlp.up_proj.weight": 0.09335951507091522, "model.layers.11.mlp.down_proj.weight": 0.09410089254379272, "model.layers.11.input_layernorm.weight": 0.0010018323082476854, "model.layers.11.post_attention_layernorm.weight": 0.0010329316137358546, "model.layers.12.self_attn.q_proj.weight": 0.04648974537849426, "model.layers.12.self_attn.k_proj.weight": 0.023283010348677635, "model.layers.12.self_attn.v_proj.weight": 0.02344326488673687, "model.layers.12.self_attn.o_proj.weight": 0.04665115848183632, "model.layers.12.mlp.gate_proj.weight": 0.09466651827096939, "model.layers.12.mlp.up_proj.weight": 0.09424085915088654, "model.layers.12.mlp.down_proj.weight": 0.09512200206518173, "model.layers.12.input_layernorm.weight": 0.0010353238321840763, "model.layers.12.post_attention_layernorm.weight": 0.001020608120597899, "model.layers.13.self_attn.q_proj.weight": 0.04635746031999588, "model.layers.13.self_attn.k_proj.weight": 0.022126713767647743, "model.layers.13.self_attn.v_proj.weight": 0.02304518036544323, "model.layers.13.self_attn.o_proj.weight": 0.0468144565820694, "model.layers.13.mlp.gate_proj.weight": 0.09700717031955719, "model.layers.13.mlp.up_proj.weight": 0.09683916717767715, "model.layers.13.mlp.down_proj.weight": 0.09733778238296509,