{"total_norm": 7.574802398681641, "target_norm": 0.9977246522903442, "param2norm_diff": {"model.embed_tokens.weight": 0.18711209297180176, "model.layers.0.self_attn.q_proj.weight": 0.046395156532526016, "model.layers.0.self_attn.k_proj.weight": 0.02310159057378769, "model.layers.0.self_attn.v_proj.weight": 0.023587582632899284, "model.layers.0.self_attn.o_proj.weight": 0.0472099669277668, "model.layers.0.mlp.gate_proj.weight": 0.09389939159154892, "model.layers.0.mlp.up_proj.weight": 0.09396112710237503, "model.layers.0.mlp.down_proj.weight": 0.0942663624882698, "model.layers.0.input_layernorm.weight": 0.0010024518705904484, "model.layers.0.post_attention_layernorm.weight": 0.0010528991697356105, "model.layers.1.self_attn.q_proj.weight": 0.046830806881189346, "model.layers.1.self_attn.k_proj.weight": 0.023651599884033203, "model.layers.1.self_attn.v_proj.weight": 0.0234886072576046, "model.layers.1.self_attn.o_proj.weight": 0.04723541811108589, "model.layers.1.mlp.gate_proj.weight": 0.09431352466344833, "model.layers.1.mlp.up_proj.weight": 0.09428752958774567, "model.layers.1.mlp.down_proj.weight": 0.09472689777612686, "model.layers.1.input_layernorm.weight": 0.0010314948158338666, "model.layers.1.post_attention_layernorm.weight": 0.0010286346077919006, "model.layers.2.self_attn.q_proj.weight": 0.04758653789758682, "model.layers.2.self_attn.k_proj.weight": 0.023124316707253456, "model.layers.2.self_attn.v_proj.weight": 0.023586079478263855, "model.layers.2.self_attn.o_proj.weight": 0.04742880165576935, "model.layers.2.mlp.gate_proj.weight": 0.09629718959331512, "model.layers.2.mlp.up_proj.weight": 0.09604459255933762, "model.layers.2.mlp.down_proj.weight": 0.09658001363277435, "model.layers.2.input_layernorm.weight": 0.001014246605336666, "model.layers.2.post_attention_layernorm.weight": 0.0010471328860148787, "model.layers.3.self_attn.q_proj.weight": 0.048407938331365585, "model.layers.3.self_attn.k_proj.weight": 0.02417486160993576, "model.layers.3.self_attn.v_proj.weight": 0.023824969306588173, "model.layers.3.self_attn.o_proj.weight": 0.04820840805768967, "model.layers.3.mlp.gate_proj.weight": 0.09702473133802414, "model.layers.3.mlp.up_proj.weight": 0.09700185805559158, "model.layers.3.mlp.down_proj.weight": 0.09736640006303787, "model.layers.3.input_layernorm.weight": 0.001032292260788381, "model.layers.3.post_attention_layernorm.weight": 0.0010462722275406122, "model.layers.4.self_attn.q_proj.weight": 0.04772673919796944, "model.layers.4.self_attn.k_proj.weight": 0.023986831307411194, "model.layers.4.self_attn.v_proj.weight": 0.023768100887537003, "model.layers.4.self_attn.o_proj.weight": 0.04810592532157898, "model.layers.4.mlp.gate_proj.weight": 0.09712760895490646, "model.layers.4.mlp.up_proj.weight": 0.09726755321025848, "model.layers.4.mlp.down_proj.weight": 0.09818868339061737, "model.layers.4.input_layernorm.weight": 0.0010441261110827327, "model.layers.4.post_attention_layernorm.weight": 0.0010581542737782001, "model.layers.5.self_attn.q_proj.weight": 0.04844833165407181, "model.layers.5.self_attn.k_proj.weight": 0.024280663579702377, "model.layers.5.self_attn.v_proj.weight": 0.02391926944255829, "model.layers.5.self_attn.o_proj.weight": 0.048403915017843246, "model.layers.5.mlp.gate_proj.weight": 0.09821675717830658, "model.layers.5.mlp.up_proj.weight": 0.09863423556089401, "model.layers.5.mlp.down_proj.weight": 0.09931350499391556, "model.layers.5.input_layernorm.weight": 0.0010440644109621644, "model.layers.5.post_attention_layernorm.weight": 0.0010709257330745459, "model.layers.6.self_attn.q_proj.weight": 0.05027501657605171, "model.layers.6.self_attn.k_proj.weight": 0.02470446191728115, "model.layers.6.self_attn.v_proj.weight": 0.024422097951173782, "model.layers.6.self_attn.o_proj.weight": 0.049720581620931625, "model.layers.6.mlp.gate_proj.weight": 0.09962166100740433, "model.layers.6.mlp.up_proj.weight": 0.1003202572464943, "model.layers.6.mlp.down_proj.weight": 0.10077036172151566, "model.layers.6.input_layernorm.weight": 0.0010751149384304881, "model.layers.6.post_attention_layernorm.weight": 0.0011205340269953012, "model.layers.7.self_attn.q_proj.weight": 0.049351826310157776, "model.layers.7.self_attn.k_proj.weight": 0.024610016494989395, "model.layers.7.self_attn.v_proj.weight": 0.024624068289995193, "model.layers.7.self_attn.o_proj.weight": 0.049961574375629425, "model.layers.7.mlp.gate_proj.weight": 0.10168956220149994, "model.layers.7.mlp.up_proj.weight": 0.10208353400230408, "model.layers.7.mlp.down_proj.weight": 0.10232565551996231, "model.layers.7.input_layernorm.weight": 0.0010439351899549365, "model.layers.7.post_attention_layernorm.weight": 0.0011021564714610577, "model.layers.8.self_attn.q_proj.weight": 0.051396001130342484, "model.layers.8.self_attn.k_proj.weight": 0.025561315938830376, "model.layers.8.self_attn.v_proj.weight": 0.02513744868338108, "model.layers.8.self_attn.o_proj.weight": 0.050924528390169144, "model.layers.8.mlp.gate_proj.weight": 0.10262368619441986, "model.layers.8.mlp.up_proj.weight": 0.10248734056949615, "model.layers.8.mlp.down_proj.weight": 0.10403929650783539, "model.layers.8.input_layernorm.weight": 0.001110576675273478, "model.layers.8.post_attention_layernorm.weight": 0.001123796682804823, "model.layers.9.self_attn.q_proj.weight": 0.05196839198470116, "model.layers.9.self_attn.k_proj.weight": 0.025913935154676437, "model.layers.9.self_attn.v_proj.weight": 0.02531634457409382, "model.layers.9.self_attn.o_proj.weight": 0.052386876195669174, "model.layers.9.mlp.gate_proj.weight": 0.10505346208810806, "model.layers.9.mlp.up_proj.weight": 0.10573923587799072, "model.layers.9.mlp.down_proj.weight": 0.10711309313774109, "model.layers.9.input_layernorm.weight": 0.001088887918740511, "model.layers.9.post_attention_layernorm.weight": 0.0011483411071822047, "model.layers.10.self_attn.q_proj.weight": 0.052032675594091415, "model.layers.10.self_attn.k_proj.weight": 0.025810888037085533, "model.layers.10.self_attn.v_proj.weight": 0.026043489575386047, "model.layers.10.self_attn.o_proj.weight": 0.053530097007751465, "model.layers.10.mlp.gate_proj.weight": 0.10503830760717392, "model.layers.10.mlp.up_proj.weight": 0.1061435267329216, "model.layers.10.mlp.down_proj.weight": 0.10645491629838943, "model.layers.10.input_layernorm.weight": 0.0011527779279276729, "model.layers.10.post_attention_layernorm.weight": 0.001161416177637875, "model.layers.11.self_attn.q_proj.weight": 0.05251852050423622, "model.layers.11.self_attn.k_proj.weight": 0.02630486525595188, "model.layers.11.self_attn.v_proj.weight": 0.026153407990932465, "model.layers.11.self_attn.o_proj.weight": 0.0542745515704155, "model.layers.11.mlp.gate_proj.weight": 0.10557693988084793, "model.layers.11.mlp.up_proj.weight": 0.10728147625923157, "model.layers.11.mlp.down_proj.weight": 0.1075497418642044, "model.layers.11.input_layernorm.weight": 0.0011407638667151332, "model.layers.11.post_attention_layernorm.weight": 0.0011361209908500314, "model.layers.12.self_attn.q_proj.weight": 0.05317108333110809, "model.layers.12.self_attn.k_proj.weight": 0.026187224313616753, "model.layers.12.self_attn.v_proj.weight": 0.02687910571694374, "model.layers.12.self_attn.o_proj.weight": 0.05419887602329254, "model.layers.12.mlp.gate_proj.weight": 0.10625575482845306, "model.layers.12.mlp.up_proj.weight": 0.10703927278518677, "model.layers.12.mlp.down_proj.weight": 0.1078539490699768, "model.layers.12.input_layernorm.weight": 0.0011964943259954453, "model.layers.12.post_attention_layernorm.weight": 0.0011704304488375783, "model.layers.13.self_attn.q_proj.weight": 0.0522833913564682, "model.layers.13.self_attn.k_proj.weight": 0.025883851572871208, "model.layers.13.self_attn.v_proj.weight": 0.026849351823329926, "model.layers.13.self_attn.o_proj.weight": 0.05388200283050537, "model.layers.13.mlp.gate_proj.weight": 0.10856061428785324, "model.layers.13.mlp.up_proj.weight": 0.10893818736076355, "model.layers.13.mlp.down_proj.weight": 0.10969758778810501,