{"total_norm": 7.4007768630981445, "target_norm": 0.9779108166694641, "param2norm_diff": {"model.embed_tokens.weight": 0.19028981029987335, "model.layers.0.self_attn.q_proj.weight": 0.042740341275930405, "model.layers.0.self_attn.k_proj.weight": 0.02090388908982277, "model.layers.0.self_attn.v_proj.weight": 0.022085245698690414, "model.layers.0.self_attn.o_proj.weight": 0.0455438606441021, "model.layers.0.mlp.gate_proj.weight": 0.08998245745897293, "model.layers.0.mlp.up_proj.weight": 0.08987477421760559, "model.layers.0.mlp.down_proj.weight": 0.0906282588839531, "model.layers.0.input_layernorm.weight": 0.0009258997160941362, "model.layers.0.post_attention_layernorm.weight": 0.0009834531228989363, "model.layers.1.self_attn.q_proj.weight": 0.044717274606227875, "model.layers.1.self_attn.k_proj.weight": 0.021854138001799583, "model.layers.1.self_attn.v_proj.weight": 0.022900810465216637, "model.layers.1.self_attn.o_proj.weight": 0.04616221785545349, "model.layers.1.mlp.gate_proj.weight": 0.09100887179374695, "model.layers.1.mlp.up_proj.weight": 0.09075155854225159, "model.layers.1.mlp.down_proj.weight": 0.09186495840549469, "model.layers.1.input_layernorm.weight": 0.0009950425010174513, "model.layers.1.post_attention_layernorm.weight": 0.0010135943302884698, "model.layers.2.self_attn.q_proj.weight": 0.046671535819768906, "model.layers.2.self_attn.k_proj.weight": 0.022130535915493965, "model.layers.2.self_attn.v_proj.weight": 0.02277984470129013, "model.layers.2.self_attn.o_proj.weight": 0.046421751379966736, "model.layers.2.mlp.gate_proj.weight": 0.09311248362064362, "model.layers.2.mlp.up_proj.weight": 0.0926581546664238, "model.layers.2.mlp.down_proj.weight": 0.0934038832783699, "model.layers.2.input_layernorm.weight": 0.0009530631359666586, "model.layers.2.post_attention_layernorm.weight": 0.0010239256080240011, "model.layers.3.self_attn.q_proj.weight": 0.04633032903075218, "model.layers.3.self_attn.k_proj.weight": 0.022721925750374794, "model.layers.3.self_attn.v_proj.weight": 0.023164287209510803, "model.layers.3.self_attn.o_proj.weight": 0.0468495711684227, "model.layers.3.mlp.gate_proj.weight": 0.09431704878807068, "model.layers.3.mlp.up_proj.weight": 0.09376649558544159, "model.layers.3.mlp.down_proj.weight": 0.0944751426577568, "model.layers.3.input_layernorm.weight": 0.001002836157567799, "model.layers.3.post_attention_layernorm.weight": 0.0010344585170969367, "model.layers.4.self_attn.q_proj.weight": 0.04685454070568085, "model.layers.4.self_attn.k_proj.weight": 0.022752707824110985, "model.layers.4.self_attn.v_proj.weight": 0.02315976656973362, "model.layers.4.self_attn.o_proj.weight": 0.046944230794906616, "model.layers.4.mlp.gate_proj.weight": 0.09542370587587357, "model.layers.4.mlp.up_proj.weight": 0.09511855989694595, "model.layers.4.mlp.down_proj.weight": 0.09610918909311295, "model.layers.4.input_layernorm.weight": 0.0010204612044617534, "model.layers.4.post_attention_layernorm.weight": 0.0010452278656885028, "model.layers.5.self_attn.q_proj.weight": 0.04860776290297508, "model.layers.5.self_attn.k_proj.weight": 0.02391066960990429, "model.layers.5.self_attn.v_proj.weight": 0.023412862792611122, "model.layers.5.self_attn.o_proj.weight": 0.04785897582769394, "model.layers.5.mlp.gate_proj.weight": 0.09694486856460571, "model.layers.5.mlp.up_proj.weight": 0.09664495289325714, "model.layers.5.mlp.down_proj.weight": 0.09727843105792999, "model.layers.5.input_layernorm.weight": 0.0010411256225779653, "model.layers.5.post_attention_layernorm.weight": 0.0010459916666150093, "model.layers.6.self_attn.q_proj.weight": 0.04794596508145332, "model.layers.6.self_attn.k_proj.weight": 0.023449376225471497, "model.layers.6.self_attn.v_proj.weight": 0.023864854127168655, "model.layers.6.self_attn.o_proj.weight": 0.048537760972976685, "model.layers.6.mlp.gate_proj.weight": 0.09820341318845749, "model.layers.6.mlp.up_proj.weight": 0.09799028933048248, "model.layers.6.mlp.down_proj.weight": 0.09851456433534622, "model.layers.6.input_layernorm.weight": 0.0010634107748046517, "model.layers.6.post_attention_layernorm.weight": 0.0010776679264381528, "model.layers.7.self_attn.q_proj.weight": 0.04783402010798454, "model.layers.7.self_attn.k_proj.weight": 0.023566192016005516, "model.layers.7.self_attn.v_proj.weight": 0.024164918810129166, "model.layers.7.self_attn.o_proj.weight": 0.048541173338890076, "model.layers.7.mlp.gate_proj.weight": 0.10020674765110016, "model.layers.7.mlp.up_proj.weight": 0.09967734664678574, "model.layers.7.mlp.down_proj.weight": 0.09982458502054214, "model.layers.7.input_layernorm.weight": 0.0010284639429301023, "model.layers.7.post_attention_layernorm.weight": 0.00107456068508327, "model.layers.8.self_attn.q_proj.weight": 0.04957897588610649, "model.layers.8.self_attn.k_proj.weight": 0.024237506091594696, "model.layers.8.self_attn.v_proj.weight": 0.024417756125330925, "model.layers.8.self_attn.o_proj.weight": 0.04984358698129654, "model.layers.8.mlp.gate_proj.weight": 0.10175477713346481, "model.layers.8.mlp.up_proj.weight": 0.10171255469322205, "model.layers.8.mlp.down_proj.weight": 0.10236147791147232, "model.layers.8.input_layernorm.weight": 0.001070035039447248, "model.layers.8.post_attention_layernorm.weight": 0.0011263098567724228, "model.layers.9.self_attn.q_proj.weight": 0.05072580650448799, "model.layers.9.self_attn.k_proj.weight": 0.025122197344899178, "model.layers.9.self_attn.v_proj.weight": 0.025115447118878365, "model.layers.9.self_attn.o_proj.weight": 0.05151079222559929, "model.layers.9.mlp.gate_proj.weight": 0.10303431004285812, "model.layers.9.mlp.up_proj.weight": 0.10325410962104797, "model.layers.9.mlp.down_proj.weight": 0.10392767935991287, "model.layers.9.input_layernorm.weight": 0.0010921864304691553, "model.layers.9.post_attention_layernorm.weight": 0.0011331782443448901, "model.layers.10.self_attn.q_proj.weight": 0.051918815821409225, "model.layers.10.self_attn.k_proj.weight": 0.025837717577815056, "model.layers.10.self_attn.v_proj.weight": 0.025429999455809593, "model.layers.10.self_attn.o_proj.weight": 0.05201241746544838, "model.layers.10.mlp.gate_proj.weight": 0.10271597653627396, "model.layers.10.mlp.up_proj.weight": 0.10346540808677673, "model.layers.10.mlp.down_proj.weight": 0.10393694043159485, "model.layers.10.input_layernorm.weight": 0.0011402687523514032, "model.layers.10.post_attention_layernorm.weight": 0.001142053515650332, "model.layers.11.self_attn.q_proj.weight": 0.0515892319381237, "model.layers.11.self_attn.k_proj.weight": 0.025574883446097374, "model.layers.11.self_attn.v_proj.weight": 0.026042183861136436, "model.layers.11.self_attn.o_proj.weight": 0.052404046058654785, "model.layers.11.mlp.gate_proj.weight": 0.10272533446550369, "model.layers.11.mlp.up_proj.weight": 0.1040717363357544, "model.layers.11.mlp.down_proj.weight": 0.10460443794727325, "model.layers.11.input_layernorm.weight": 0.0011404575780034065, "model.layers.11.post_attention_layernorm.weight": 0.0011344257509335876, "model.layers.12.self_attn.q_proj.weight": 0.05207136273384094, "model.layers.12.self_attn.k_proj.weight": 0.02619115076959133, "model.layers.12.self_attn.v_proj.weight": 0.026191294193267822, "model.layers.12.self_attn.o_proj.weight": 0.0532449334859848, "model.layers.12.mlp.gate_proj.weight": 0.10363252460956573, "model.layers.12.mlp.up_proj.weight": 0.10416935384273529, "model.layers.12.mlp.down_proj.weight": 0.10505939275026321, "model.layers.12.input_layernorm.weight": 0.001149011543020606, "model.layers.12.post_attention_layernorm.weight": 0.001129991840571165, "model.layers.13.self_attn.q_proj.weight": 0.05276617407798767, "model.layers.13.self_attn.k_proj.weight": 0.02569180727005005, "model.layers.13.self_attn.v_proj.weight": 0.026494663208723068, "model.layers.13.self_attn.o_proj.weight": 0.05341022089123726, "model.layers.13.mlp.gate_proj.weight": 0.10549785196781158, "model.layers.13.mlp.up_proj.weight": 0.10577543824911118, "model.layers.13.mlp.down_proj.weight": 0.10701879113912582,