{"total_norm": 7.622714996337891, "target_norm": 1.0029845237731934, "param2norm_diff": {"model.embed_tokens.weight": 0.20821963250637054, "model.layers.0.self_attn.q_proj.weight": 0.04655316099524498, "model.layers.0.self_attn.k_proj.weight": 0.023567641153931618, "model.layers.0.self_attn.v_proj.weight": 0.023200353607535362, "model.layers.0.self_attn.o_proj.weight": 0.04662053659558296, "model.layers.0.mlp.gate_proj.weight": 0.09126845747232437, "model.layers.0.mlp.up_proj.weight": 0.09107568114995956, "model.layers.0.mlp.down_proj.weight": 0.0914575383067131, "model.layers.0.input_layernorm.weight": 0.0010040535125881433, "model.layers.0.post_attention_layernorm.weight": 0.0009731570025905967, "model.layers.1.self_attn.q_proj.weight": 0.045907795429229736, "model.layers.1.self_attn.k_proj.weight": 0.023203399032354355, "model.layers.1.self_attn.v_proj.weight": 0.02315039187669754, "model.layers.1.self_attn.o_proj.weight": 0.047178272157907486, "model.layers.1.mlp.gate_proj.weight": 0.0914153903722763, "model.layers.1.mlp.up_proj.weight": 0.09125418961048126, "model.layers.1.mlp.down_proj.weight": 0.09160763770341873, "model.layers.1.input_layernorm.weight": 0.0010080636711791158, "model.layers.1.post_attention_layernorm.weight": 0.000992720597423613, "model.layers.2.self_attn.q_proj.weight": 0.04674111679196358, "model.layers.2.self_attn.k_proj.weight": 0.02306179888546467, "model.layers.2.self_attn.v_proj.weight": 0.023317301645874977, "model.layers.2.self_attn.o_proj.weight": 0.04813060164451599, "model.layers.2.mlp.gate_proj.weight": 0.09250950068235397, "model.layers.2.mlp.up_proj.weight": 0.09265304356813431, "model.layers.2.mlp.down_proj.weight": 0.09363631159067154, "model.layers.2.input_layernorm.weight": 0.0010289778001606464, "model.layers.2.post_attention_layernorm.weight": 0.001006046193651855, "model.layers.3.self_attn.q_proj.weight": 0.047750137746334076, "model.layers.3.self_attn.k_proj.weight": 0.023188035935163498, "model.layers.3.self_attn.v_proj.weight": 0.023567425087094307, "model.layers.3.self_attn.o_proj.weight": 0.048070285469293594, "model.layers.3.mlp.gate_proj.weight": 0.09455479681491852, "model.layers.3.mlp.up_proj.weight": 0.09498634189367294, "model.layers.3.mlp.down_proj.weight": 0.09611546248197556, "model.layers.3.input_layernorm.weight": 0.0010162843391299248, "model.layers.3.post_attention_layernorm.weight": 0.0010275947861373425, "model.layers.4.self_attn.q_proj.weight": 0.04780004918575287, "model.layers.4.self_attn.k_proj.weight": 0.023595107719302177, "model.layers.4.self_attn.v_proj.weight": 0.0241653174161911, "model.layers.4.self_attn.o_proj.weight": 0.04889201372861862, "model.layers.4.mlp.gate_proj.weight": 0.09785037487745285, "model.layers.4.mlp.up_proj.weight": 0.09829763323068619, "model.layers.4.mlp.down_proj.weight": 0.0990745797753334, "model.layers.4.input_layernorm.weight": 0.0010390444658696651, "model.layers.4.post_attention_layernorm.weight": 0.0010677092941477895, "model.layers.5.self_attn.q_proj.weight": 0.04829494282603264, "model.layers.5.self_attn.k_proj.weight": 0.024059150367975235, "model.layers.5.self_attn.v_proj.weight": 0.02463001199066639, "model.layers.5.self_attn.o_proj.weight": 0.04989056661725044, "model.layers.5.mlp.gate_proj.weight": 0.10017835348844528, "model.layers.5.mlp.up_proj.weight": 0.10020951181650162, "model.layers.5.mlp.down_proj.weight": 0.10071111470460892, "model.layers.5.input_layernorm.weight": 0.0010571529855951667, "model.layers.5.post_attention_layernorm.weight": 0.0011015520431101322, "model.layers.6.self_attn.q_proj.weight": 0.049177464097738266, "model.layers.6.self_attn.k_proj.weight": 0.024118270725011826, "model.layers.6.self_attn.v_proj.weight": 0.025134777650237083, "model.layers.6.self_attn.o_proj.weight": 0.05068153887987137, "model.layers.6.mlp.gate_proj.weight": 0.10201136022806168, "model.layers.6.mlp.up_proj.weight": 0.10207802057266235, "model.layers.6.mlp.down_proj.weight": 0.10303742438554764, "model.layers.6.input_layernorm.weight": 0.0010724997846409678, "model.layers.6.post_attention_layernorm.weight": 0.0011200780281797051, "model.layers.7.self_attn.q_proj.weight": 0.05104772746562958, "model.layers.7.self_attn.k_proj.weight": 0.025298982858657837, "model.layers.7.self_attn.v_proj.weight": 0.025193896144628525, "model.layers.7.self_attn.o_proj.weight": 0.051789384335279465, "model.layers.7.mlp.gate_proj.weight": 0.10392464697360992, "model.layers.7.mlp.up_proj.weight": 0.10334373265504837, "model.layers.7.mlp.down_proj.weight": 0.10423578321933746, "model.layers.7.input_layernorm.weight": 0.0011054985225200653, "model.layers.7.post_attention_layernorm.weight": 0.001143977977335453, "model.layers.8.self_attn.q_proj.weight": 0.050315968692302704, "model.layers.8.self_attn.k_proj.weight": 0.025249499827623367, "model.layers.8.self_attn.v_proj.weight": 0.025361688807606697, "model.layers.8.self_attn.o_proj.weight": 0.05210699886083603, "model.layers.8.mlp.gate_proj.weight": 0.10614974796772003, "model.layers.8.mlp.up_proj.weight": 0.10489759594202042, "model.layers.8.mlp.down_proj.weight": 0.10626879334449768, "model.layers.8.input_layernorm.weight": 0.0011309401597827673, "model.layers.8.post_attention_layernorm.weight": 0.0011390337022021413, "model.layers.9.self_attn.q_proj.weight": 0.05163288861513138, "model.layers.9.self_attn.k_proj.weight": 0.025095142424106598, "model.layers.9.self_attn.v_proj.weight": 0.02601505257189274, "model.layers.9.self_attn.o_proj.weight": 0.052942972630262375, "model.layers.9.mlp.gate_proj.weight": 0.10793255269527435, "model.layers.9.mlp.up_proj.weight": 0.10701267421245575, "model.layers.9.mlp.down_proj.weight": 0.10784391313791275, "model.layers.9.input_layernorm.weight": 0.001102084876038134, "model.layers.9.post_attention_layernorm.weight": 0.0011681022588163614, "model.layers.10.self_attn.q_proj.weight": 0.0527527742087841, "model.layers.10.self_attn.k_proj.weight": 0.026507114991545677, "model.layers.10.self_attn.v_proj.weight": 0.02709878236055374, "model.layers.10.self_attn.o_proj.weight": 0.05466808006167412, "model.layers.10.mlp.gate_proj.weight": 0.1061977744102478, "model.layers.10.mlp.up_proj.weight": 0.10712996870279312, "model.layers.10.mlp.down_proj.weight": 0.10724680870771408, "model.layers.10.input_layernorm.weight": 0.0011430002050474286, "model.layers.10.post_attention_layernorm.weight": 0.0011759917251765728, "model.layers.11.self_attn.q_proj.weight": 0.05330057442188263, "model.layers.11.self_attn.k_proj.weight": 0.02663736790418625, "model.layers.11.self_attn.v_proj.weight": 0.027262508869171143, "model.layers.11.self_attn.o_proj.weight": 0.055262964218854904, "model.layers.11.mlp.gate_proj.weight": 0.10508633404970169, "model.layers.11.mlp.up_proj.weight": 0.10699291527271271, "model.layers.11.mlp.down_proj.weight": 0.1069708988070488, "model.layers.11.input_layernorm.weight": 0.001170828123576939, "model.layers.11.post_attention_layernorm.weight": 0.0011767786927521229, "model.layers.12.self_attn.q_proj.weight": 0.05432432144880295, "model.layers.12.self_attn.k_proj.weight": 0.02669244259595871, "model.layers.12.self_attn.v_proj.weight": 0.027409575879573822, "model.layers.12.self_attn.o_proj.weight": 0.05550391227006912, "model.layers.12.mlp.gate_proj.weight": 0.10538394749164581, "model.layers.12.mlp.up_proj.weight": 0.10597793757915497, "model.layers.12.mlp.down_proj.weight": 0.10663948208093643, "model.layers.12.input_layernorm.weight": 0.0011999699054285884, "model.layers.12.post_attention_layernorm.weight": 0.0011614520335569978, "model.layers.13.self_attn.q_proj.weight": 0.053122516721487045, "model.layers.13.self_attn.k_proj.weight": 0.026812266558408737, "model.layers.13.self_attn.v_proj.weight": 0.02783019095659256, "model.layers.13.self_attn.o_proj.weight": 0.05562952905893326, "model.layers.13.mlp.gate_proj.weight": 0.10706283152103424, "model.layers.13.mlp.up_proj.weight": 0.10725919157266617, "model.layers.13.mlp.down_proj.weight": 0.10811589658260345,