{"total_norm": 7.101202487945557, "target_norm": 0.9427070617675781, "param2norm_diff": {"model.embed_tokens.weight": 0.1565098762512207, "model.layers.0.self_attn.q_proj.weight": 0.04638396203517914, "model.layers.0.self_attn.k_proj.weight": 0.02305309846997261, "model.layers.0.self_attn.v_proj.weight": 0.02366369217634201, "model.layers.0.self_attn.o_proj.weight": 0.046721987426280975, "model.layers.0.mlp.gate_proj.weight": 0.09363523870706558, "model.layers.0.mlp.up_proj.weight": 0.093635693192482, "model.layers.0.mlp.down_proj.weight": 0.09355015307664871, "model.layers.0.input_layernorm.weight": 0.001057894085533917, "model.layers.0.post_attention_layernorm.weight": 0.001036107074469328, "model.layers.1.self_attn.q_proj.weight": 0.045236192643642426, "model.layers.1.self_attn.k_proj.weight": 0.023906711488962173, "model.layers.1.self_attn.v_proj.weight": 0.02301679365336895, "model.layers.1.self_attn.o_proj.weight": 0.0459120012819767, "model.layers.1.mlp.gate_proj.weight": 0.09191032499074936, "model.layers.1.mlp.up_proj.weight": 0.091920405626297, "model.layers.1.mlp.down_proj.weight": 0.09234532713890076, "model.layers.1.input_layernorm.weight": 0.0010961828520521522, "model.layers.1.post_attention_layernorm.weight": 0.0010048829717561603, "model.layers.2.self_attn.q_proj.weight": 0.043593939393758774, "model.layers.2.self_attn.k_proj.weight": 0.021203026175498962, "model.layers.2.self_attn.v_proj.weight": 0.022938406094908714, "model.layers.2.self_attn.o_proj.weight": 0.046259805560112, "model.layers.2.mlp.gate_proj.weight": 0.09238734096288681, "model.layers.2.mlp.up_proj.weight": 0.09239025413990021, "model.layers.2.mlp.down_proj.weight": 0.09220640361309052, "model.layers.2.input_layernorm.weight": 0.0009495074627920985, "model.layers.2.post_attention_layernorm.weight": 0.0010284885065630078, "model.layers.3.self_attn.q_proj.weight": 0.04572324454784393, "model.layers.3.self_attn.k_proj.weight": 0.02317355014383793, "model.layers.3.self_attn.v_proj.weight": 0.02313445322215557, "model.layers.3.self_attn.o_proj.weight": 0.04514268413186073, "model.layers.3.mlp.gate_proj.weight": 0.09162556380033493, "model.layers.3.mlp.up_proj.weight": 0.09119843691587448, "model.layers.3.mlp.down_proj.weight": 0.09183713048696518, "model.layers.3.input_layernorm.weight": 0.0009780579712241888, "model.layers.3.post_attention_layernorm.weight": 0.0009981441544368863, "model.layers.4.self_attn.q_proj.weight": 0.044780928641557693, "model.layers.4.self_attn.k_proj.weight": 0.022554103285074234, "model.layers.4.self_attn.v_proj.weight": 0.022709384560585022, "model.layers.4.self_attn.o_proj.weight": 0.044549550861120224, "model.layers.4.mlp.gate_proj.weight": 0.09208372980356216, "model.layers.4.mlp.up_proj.weight": 0.0920686200261116, "model.layers.4.mlp.down_proj.weight": 0.09258846938610077, "model.layers.4.input_layernorm.weight": 0.001008794060908258, "model.layers.4.post_attention_layernorm.weight": 0.001015394227579236, "model.layers.5.self_attn.q_proj.weight": 0.04495709761977196, "model.layers.5.self_attn.k_proj.weight": 0.022292016074061394, "model.layers.5.self_attn.v_proj.weight": 0.02207350730895996, "model.layers.5.self_attn.o_proj.weight": 0.044918883591890335, "model.layers.5.mlp.gate_proj.weight": 0.09199091792106628, "model.layers.5.mlp.up_proj.weight": 0.0913475751876831, "model.layers.5.mlp.down_proj.weight": 0.09184690564870834, "model.layers.5.input_layernorm.weight": 0.0009743613190948963, "model.layers.5.post_attention_layernorm.weight": 0.001014258130453527, "model.layers.6.self_attn.q_proj.weight": 0.04465840384364128, "model.layers.6.self_attn.k_proj.weight": 0.02252868190407753, "model.layers.6.self_attn.v_proj.weight": 0.02221803367137909, "model.layers.6.self_attn.o_proj.weight": 0.04502252861857414, "model.layers.6.mlp.gate_proj.weight": 0.09196871519088745, "model.layers.6.mlp.up_proj.weight": 0.0917043462395668, "model.layers.6.mlp.down_proj.weight": 0.09258533269166946, "model.layers.6.input_layernorm.weight": 0.0010012425482273102, "model.layers.6.post_attention_layernorm.weight": 0.00100531370844692, "model.layers.7.self_attn.q_proj.weight": 0.04441387578845024, "model.layers.7.self_attn.k_proj.weight": 0.022060777992010117, "model.layers.7.self_attn.v_proj.weight": 0.02244284190237522, "model.layers.7.self_attn.o_proj.weight": 0.04566012695431709, "model.layers.7.mlp.gate_proj.weight": 0.09314179420471191, "model.layers.7.mlp.up_proj.weight": 0.09357298910617828, "model.layers.7.mlp.down_proj.weight": 0.0943816527724266, "model.layers.7.input_layernorm.weight": 0.0009684647084213793, "model.layers.7.post_attention_layernorm.weight": 0.001051075872965157, "model.layers.8.self_attn.q_proj.weight": 0.04500075429677963, "model.layers.8.self_attn.k_proj.weight": 0.022785043343901634, "model.layers.8.self_attn.v_proj.weight": 0.022950464859604836, "model.layers.8.self_attn.o_proj.weight": 0.04648757353425026, "model.layers.8.mlp.gate_proj.weight": 0.09450770914554596, "model.layers.8.mlp.up_proj.weight": 0.0946970134973526, "model.layers.8.mlp.down_proj.weight": 0.09559772908687592, "model.layers.8.input_layernorm.weight": 0.0010371780954301357, "model.layers.8.post_attention_layernorm.weight": 0.0010513890301808715, "model.layers.9.self_attn.q_proj.weight": 0.04630996286869049, "model.layers.9.self_attn.k_proj.weight": 0.02291298098862171, "model.layers.9.self_attn.v_proj.weight": 0.02324685826897621, "model.layers.9.self_attn.o_proj.weight": 0.04697921872138977, "model.layers.9.mlp.gate_proj.weight": 0.09704083204269409, "model.layers.9.mlp.up_proj.weight": 0.09762971848249435, "model.layers.9.mlp.down_proj.weight": 0.09832486510276794, "model.layers.9.input_layernorm.weight": 0.0010150580201297998, "model.layers.9.post_attention_layernorm.weight": 0.001074430299922824, "model.layers.10.self_attn.q_proj.weight": 0.047608740627765656, "model.layers.10.self_attn.k_proj.weight": 0.023149313405156136, "model.layers.10.self_attn.v_proj.weight": 0.02389007806777954, "model.layers.10.self_attn.o_proj.weight": 0.04917474836111069, "model.layers.10.mlp.gate_proj.weight": 0.09969338774681091, "model.layers.10.mlp.up_proj.weight": 0.099423348903656, "model.layers.10.mlp.down_proj.weight": 0.10011979192495346, "model.layers.10.input_layernorm.weight": 0.0010505594545975327, "model.layers.10.post_attention_layernorm.weight": 0.001087857293896377, "model.layers.11.self_attn.q_proj.weight": 0.0500185452401638, "model.layers.11.self_attn.k_proj.weight": 0.024484558030962944, "model.layers.11.self_attn.v_proj.weight": 0.024363992735743523, "model.layers.11.self_attn.o_proj.weight": 0.049962207674980164, "model.layers.11.mlp.gate_proj.weight": 0.10083921998739243, "model.layers.11.mlp.up_proj.weight": 0.10068092495203018, "model.layers.11.mlp.down_proj.weight": 0.10086636990308762, "model.layers.11.input_layernorm.weight": 0.0010642334818840027, "model.layers.11.post_attention_layernorm.weight": 0.0010864074574783444, "model.layers.12.self_attn.q_proj.weight": 0.049034710973501205, "model.layers.12.self_attn.k_proj.weight": 0.023719951510429382, "model.layers.12.self_attn.v_proj.weight": 0.02528586983680725, "model.layers.12.self_attn.o_proj.weight": 0.050463899970054626, "model.layers.12.mlp.gate_proj.weight": 0.1016291007399559, "model.layers.12.mlp.up_proj.weight": 0.10163741558790207, "model.layers.12.mlp.down_proj.weight": 0.1019635871052742, "model.layers.12.input_layernorm.weight": 0.001073088264092803, "model.layers.12.post_attention_layernorm.weight": 0.001104577910155058, "model.layers.13.self_attn.q_proj.weight": 0.05006590858101845, "model.layers.13.self_attn.k_proj.weight": 0.025143606588244438, "model.layers.13.self_attn.v_proj.weight": 0.025596555322408676, "model.layers.13.self_attn.o_proj.weight": 0.05108644813299179, "model.layers.13.mlp.gate_proj.weight": 0.10268324613571167, "model.layers.13.mlp.up_proj.weight": 0.10284349322319031, "model.layers.13.mlp.down_proj.weight": 0.10325084626674652,