{"total_norm": 7.628777980804443, "target_norm": 1.0012975931167603, "param2norm_diff": {"model.embed_tokens.weight": 0.19815103709697723, "model.layers.0.self_attn.q_proj.weight": 0.04668469727039337, "model.layers.0.self_attn.k_proj.weight": 0.02294074557721615, "model.layers.0.self_attn.v_proj.weight": 0.023124540224671364, "model.layers.0.self_attn.o_proj.weight": 0.046946123242378235, "model.layers.0.mlp.gate_proj.weight": 0.09211242944002151, "model.layers.0.mlp.up_proj.weight": 0.09231308102607727, "model.layers.0.mlp.down_proj.weight": 0.09270802140235901, "model.layers.0.input_layernorm.weight": 0.000926483771763742, "model.layers.0.post_attention_layernorm.weight": 0.0010053106816485524, "model.layers.1.self_attn.q_proj.weight": 0.04659026861190796, "model.layers.1.self_attn.k_proj.weight": 0.02298886515200138, "model.layers.1.self_attn.v_proj.weight": 0.02364075742661953, "model.layers.1.self_attn.o_proj.weight": 0.04794447869062424, "model.layers.1.mlp.gate_proj.weight": 0.09317021071910858, "model.layers.1.mlp.up_proj.weight": 0.09335173666477203, "model.layers.1.mlp.down_proj.weight": 0.09397264569997787, "model.layers.1.input_layernorm.weight": 0.0009685768163762987, "model.layers.1.post_attention_layernorm.weight": 0.0010502090444788337, "model.layers.2.self_attn.q_proj.weight": 0.048249587416648865, "model.layers.2.self_attn.k_proj.weight": 0.024086816236376762, "model.layers.2.self_attn.v_proj.weight": 0.024211885407567024, "model.layers.2.self_attn.o_proj.weight": 0.048722341656684875, "model.layers.2.mlp.gate_proj.weight": 0.09433934837579727, "model.layers.2.mlp.up_proj.weight": 0.09467501938343048, "model.layers.2.mlp.down_proj.weight": 0.09536128491163254, "model.layers.2.input_layernorm.weight": 0.0010593615006655455, "model.layers.2.post_attention_layernorm.weight": 0.0010345983318984509, "model.layers.3.self_attn.q_proj.weight": 0.047360531985759735, "model.layers.3.self_attn.k_proj.weight": 0.023795263841748238, "model.layers.3.self_attn.v_proj.weight": 0.02410745806992054, "model.layers.3.self_attn.o_proj.weight": 0.04867224022746086, "model.layers.3.mlp.gate_proj.weight": 0.09659267216920853, "model.layers.3.mlp.up_proj.weight": 0.09692184627056122, "model.layers.3.mlp.down_proj.weight": 0.09758415818214417, "model.layers.3.input_layernorm.weight": 0.0010354719124734402, "model.layers.3.post_attention_layernorm.weight": 0.0010701387654989958, "model.layers.4.self_attn.q_proj.weight": 0.04897734150290489, "model.layers.4.self_attn.k_proj.weight": 0.02394469641149044, "model.layers.4.self_attn.v_proj.weight": 0.024475429207086563, "model.layers.4.self_attn.o_proj.weight": 0.04886963590979576, "model.layers.4.mlp.gate_proj.weight": 0.09755532443523407, "model.layers.4.mlp.up_proj.weight": 0.09801091253757477, "model.layers.4.mlp.down_proj.weight": 0.09861613810062408, "model.layers.4.input_layernorm.weight": 0.0010643309215083718, "model.layers.4.post_attention_layernorm.weight": 0.001061415416188538, "model.layers.5.self_attn.q_proj.weight": 0.04892558977007866, "model.layers.5.self_attn.k_proj.weight": 0.024430135264992714, "model.layers.5.self_attn.v_proj.weight": 0.02456403709948063, "model.layers.5.self_attn.o_proj.weight": 0.04923633486032486, "model.layers.5.mlp.gate_proj.weight": 0.09895575046539307, "model.layers.5.mlp.up_proj.weight": 0.09887577593326569, "model.layers.5.mlp.down_proj.weight": 0.09952294826507568, "model.layers.5.input_layernorm.weight": 0.0010517676128074527, "model.layers.5.post_attention_layernorm.weight": 0.0011103639844805002, "model.layers.6.self_attn.q_proj.weight": 0.048666372895240784, "model.layers.6.self_attn.k_proj.weight": 0.02438615821301937, "model.layers.6.self_attn.v_proj.weight": 0.02469821646809578, "model.layers.6.self_attn.o_proj.weight": 0.04965637996792793, "model.layers.6.mlp.gate_proj.weight": 0.09976520389318466, "model.layers.6.mlp.up_proj.weight": 0.09965825080871582, "model.layers.6.mlp.down_proj.weight": 0.10067524015903473, "model.layers.6.input_layernorm.weight": 0.0010771650122478604, "model.layers.6.post_attention_layernorm.weight": 0.0010781611781567335, "model.layers.7.self_attn.q_proj.weight": 0.049189962446689606, "model.layers.7.self_attn.k_proj.weight": 0.024323025718331337, "model.layers.7.self_attn.v_proj.weight": 0.02449505403637886, "model.layers.7.self_attn.o_proj.weight": 0.05020429939031601, "model.layers.7.mlp.gate_proj.weight": 0.10184948146343231, "model.layers.7.mlp.up_proj.weight": 0.10185716301202774, "model.layers.7.mlp.down_proj.weight": 0.10219543427228928, "model.layers.7.input_layernorm.weight": 0.0010652721393853426, "model.layers.7.post_attention_layernorm.weight": 0.0011163558810949326, "model.layers.8.self_attn.q_proj.weight": 0.0501851849257946, "model.layers.8.self_attn.k_proj.weight": 0.02479342371225357, "model.layers.8.self_attn.v_proj.weight": 0.025225916877388954, "model.layers.8.self_attn.o_proj.weight": 0.050616394728422165, "model.layers.8.mlp.gate_proj.weight": 0.10497710853815079, "model.layers.8.mlp.up_proj.weight": 0.10438496619462967, "model.layers.8.mlp.down_proj.weight": 0.10550586879253387, "model.layers.8.input_layernorm.weight": 0.0010848206002265215, "model.layers.8.post_attention_layernorm.weight": 0.0011364977108314633, "model.layers.9.self_attn.q_proj.weight": 0.05232073739171028, "model.layers.9.self_attn.k_proj.weight": 0.025822127237915993, "model.layers.9.self_attn.v_proj.weight": 0.025746645405888557, "model.layers.9.self_attn.o_proj.weight": 0.05293894559144974, "model.layers.9.mlp.gate_proj.weight": 0.10773167014122009, "model.layers.9.mlp.up_proj.weight": 0.10754373669624329, "model.layers.9.mlp.down_proj.weight": 0.10838423669338226, "model.layers.9.input_layernorm.weight": 0.00110055401455611, "model.layers.9.post_attention_layernorm.weight": 0.0011587351327762008, "model.layers.10.self_attn.q_proj.weight": 0.05261678621172905, "model.layers.10.self_attn.k_proj.weight": 0.026146115735173225, "model.layers.10.self_attn.v_proj.weight": 0.02658272534608841, "model.layers.10.self_attn.o_proj.weight": 0.053930435329675674, "model.layers.10.mlp.gate_proj.weight": 0.10773914307355881, "model.layers.10.mlp.up_proj.weight": 0.1088111475110054, "model.layers.10.mlp.down_proj.weight": 0.10891540348529816, "model.layers.10.input_layernorm.weight": 0.001171983196400106, "model.layers.10.post_attention_layernorm.weight": 0.0011834496399387717, "model.layers.11.self_attn.q_proj.weight": 0.053313709795475006, "model.layers.11.self_attn.k_proj.weight": 0.026851879432797432, "model.layers.11.self_attn.v_proj.weight": 0.027101004496216774, "model.layers.11.self_attn.o_proj.weight": 0.0548006072640419, "model.layers.11.mlp.gate_proj.weight": 0.107376329600811, "model.layers.11.mlp.up_proj.weight": 0.10936592519283295, "model.layers.11.mlp.down_proj.weight": 0.10937631875276566, "model.layers.11.input_layernorm.weight": 0.001143415691331029, "model.layers.11.post_attention_layernorm.weight": 0.0011965821031481028, "model.layers.12.self_attn.q_proj.weight": 0.054352179169654846, "model.layers.12.self_attn.k_proj.weight": 0.02704654075205326, "model.layers.12.self_attn.v_proj.weight": 0.027336033061146736, "model.layers.12.self_attn.o_proj.weight": 0.05589216947555542, "model.layers.12.mlp.gate_proj.weight": 0.1074841171503067, "model.layers.12.mlp.up_proj.weight": 0.10831891000270844, "model.layers.12.mlp.down_proj.weight": 0.10859254747629166, "model.layers.12.input_layernorm.weight": 0.0011764682130888104, "model.layers.12.post_attention_layernorm.weight": 0.0011899921810254455, "model.layers.13.self_attn.q_proj.weight": 0.05267370864748955, "model.layers.13.self_attn.k_proj.weight": 0.026638835668563843, "model.layers.13.self_attn.v_proj.weight": 0.02758536860346794, "model.layers.13.self_attn.o_proj.weight": 0.05513623729348183, "model.layers.13.mlp.gate_proj.weight": 0.10822033137083054, "model.layers.13.mlp.up_proj.weight": 0.10885164141654968, "model.layers.13.mlp.down_proj.weight": 0.10940777510404587,