{"total_norm": 7.5917158126831055, "target_norm": 1.0231682062149048, "param2norm_diff": {"model.embed_tokens.weight": 0.1742032766342163, "model.layers.0.self_attn.q_proj.weight": 0.04737718775868416, "model.layers.0.self_attn.k_proj.weight": 0.023106001317501068, "model.layers.0.self_attn.v_proj.weight": 0.023619817569851875, "model.layers.0.self_attn.o_proj.weight": 0.04750458151102066, "model.layers.0.mlp.gate_proj.weight": 0.09462010860443115, "model.layers.0.mlp.up_proj.weight": 0.09438838064670563, "model.layers.0.mlp.down_proj.weight": 0.09449408203363419, "model.layers.0.input_layernorm.weight": 0.0010368538787588477, "model.layers.0.post_attention_layernorm.weight": 0.0010433115530759096, "model.layers.1.self_attn.q_proj.weight": 0.04914214089512825, "model.layers.1.self_attn.k_proj.weight": 0.02408146671950817, "model.layers.1.self_attn.v_proj.weight": 0.023740239441394806, "model.layers.1.self_attn.o_proj.weight": 0.0481451079249382, "model.layers.1.mlp.gate_proj.weight": 0.09442877769470215, "model.layers.1.mlp.up_proj.weight": 0.09426520019769669, "model.layers.1.mlp.down_proj.weight": 0.09424872696399689, "model.layers.1.input_layernorm.weight": 0.0010469703702256083, "model.layers.1.post_attention_layernorm.weight": 0.0010192147456109524, "model.layers.2.self_attn.q_proj.weight": 0.04938884824514389, "model.layers.2.self_attn.k_proj.weight": 0.023553932085633278, "model.layers.2.self_attn.v_proj.weight": 0.02405962347984314, "model.layers.2.self_attn.o_proj.weight": 0.04833090677857399, "model.layers.2.mlp.gate_proj.weight": 0.09531104564666748, "model.layers.2.mlp.up_proj.weight": 0.09496236592531204, "model.layers.2.mlp.down_proj.weight": 0.09527810662984848, "model.layers.2.input_layernorm.weight": 0.0010211312910541892, "model.layers.2.post_attention_layernorm.weight": 0.0010418803431093693, "model.layers.3.self_attn.q_proj.weight": 0.04737124964594841, "model.layers.3.self_attn.k_proj.weight": 0.023434912785887718, "model.layers.3.self_attn.v_proj.weight": 0.02377898246049881, "model.layers.3.self_attn.o_proj.weight": 0.04800532013177872, "model.layers.3.mlp.gate_proj.weight": 0.0956694632768631, "model.layers.3.mlp.up_proj.weight": 0.09523826092481613, "model.layers.3.mlp.down_proj.weight": 0.09593070298433304, "model.layers.3.input_layernorm.weight": 0.0010358858853578568, "model.layers.3.post_attention_layernorm.weight": 0.0010397422593086958, "model.layers.4.self_attn.q_proj.weight": 0.04811625927686691, "model.layers.4.self_attn.k_proj.weight": 0.02376742474734783, "model.layers.4.self_attn.v_proj.weight": 0.02366783656179905, "model.layers.4.self_attn.o_proj.weight": 0.0473179817199707, "model.layers.4.mlp.gate_proj.weight": 0.09628762304782867, "model.layers.4.mlp.up_proj.weight": 0.09612385928630829, "model.layers.4.mlp.down_proj.weight": 0.0966315045952797, "model.layers.4.input_layernorm.weight": 0.001036553061567247, "model.layers.4.post_attention_layernorm.weight": 0.0010544967371970415, "model.layers.5.self_attn.q_proj.weight": 0.04850859194993973, "model.layers.5.self_attn.k_proj.weight": 0.023737017065286636, "model.layers.5.self_attn.v_proj.weight": 0.024006998166441917, "model.layers.5.self_attn.o_proj.weight": 0.04884001240134239, "model.layers.5.mlp.gate_proj.weight": 0.09742120653390884, "model.layers.5.mlp.up_proj.weight": 0.09704400599002838, "model.layers.5.mlp.down_proj.weight": 0.09762395173311234, "model.layers.5.input_layernorm.weight": 0.0010411301627755165, "model.layers.5.post_attention_layernorm.weight": 0.0010716943070292473, "model.layers.6.self_attn.q_proj.weight": 0.04913150519132614, "model.layers.6.self_attn.k_proj.weight": 0.02389129064977169, "model.layers.6.self_attn.v_proj.weight": 0.023826507851481438, "model.layers.6.self_attn.o_proj.weight": 0.04887554794549942, "model.layers.6.mlp.gate_proj.weight": 0.09852071851491928, "model.layers.6.mlp.up_proj.weight": 0.09767330437898636, "model.layers.6.mlp.down_proj.weight": 0.09857499599456787, "model.layers.6.input_layernorm.weight": 0.0010400862665846944, "model.layers.6.post_attention_layernorm.weight": 0.001065012183971703, "model.layers.7.self_attn.q_proj.weight": 0.04825437441468239, "model.layers.7.self_attn.k_proj.weight": 0.02357490360736847, "model.layers.7.self_attn.v_proj.weight": 0.023671185597777367, "model.layers.7.self_attn.o_proj.weight": 0.04924792796373367, "model.layers.7.mlp.gate_proj.weight": 0.1007908433675766, "model.layers.7.mlp.up_proj.weight": 0.09971128404140472, "model.layers.7.mlp.down_proj.weight": 0.10053084790706635, "model.layers.7.input_layernorm.weight": 0.001021967618726194, "model.layers.7.post_attention_layernorm.weight": 0.0011082816636189818, "model.layers.8.self_attn.q_proj.weight": 0.04971113055944443, "model.layers.8.self_attn.k_proj.weight": 0.024921074509620667, "model.layers.8.self_attn.v_proj.weight": 0.024325191974639893, "model.layers.8.self_attn.o_proj.weight": 0.050165217369794846, "model.layers.8.mlp.gate_proj.weight": 0.10416261106729507, "model.layers.8.mlp.up_proj.weight": 0.10228866338729858, "model.layers.8.mlp.down_proj.weight": 0.10381387174129486, "model.layers.8.input_layernorm.weight": 0.0010619682725518942, "model.layers.8.post_attention_layernorm.weight": 0.001109858276322484, "model.layers.9.self_attn.q_proj.weight": 0.051983680576086044, "model.layers.9.self_attn.k_proj.weight": 0.02477957122027874, "model.layers.9.self_attn.v_proj.weight": 0.02519703097641468, "model.layers.9.self_attn.o_proj.weight": 0.05201905965805054, "model.layers.9.mlp.gate_proj.weight": 0.10733869671821594, "model.layers.9.mlp.up_proj.weight": 0.10623316466808319, "model.layers.9.mlp.down_proj.weight": 0.10691210627555847, "model.layers.9.input_layernorm.weight": 0.0010912511497735977, "model.layers.9.post_attention_layernorm.weight": 0.0011606862535700202, "model.layers.10.self_attn.q_proj.weight": 0.05240761116147041, "model.layers.10.self_attn.k_proj.weight": 0.02590230479836464, "model.layers.10.self_attn.v_proj.weight": 0.025907160714268684, "model.layers.10.self_attn.o_proj.weight": 0.053052522242069244, "model.layers.10.mlp.gate_proj.weight": 0.10779932141304016, "model.layers.10.mlp.up_proj.weight": 0.10834609717130661, "model.layers.10.mlp.down_proj.weight": 0.1085665225982666, "model.layers.10.input_layernorm.weight": 0.0011306017404422164, "model.layers.10.post_attention_layernorm.weight": 0.0011660926975309849, "model.layers.11.self_attn.q_proj.weight": 0.0536884069442749, "model.layers.11.self_attn.k_proj.weight": 0.02621837705373764, "model.layers.11.self_attn.v_proj.weight": 0.02623319812119007, "model.layers.11.self_attn.o_proj.weight": 0.05439582094550133, "model.layers.11.mlp.gate_proj.weight": 0.10864796489477158, "model.layers.11.mlp.up_proj.weight": 0.11011656373739243, "model.layers.11.mlp.down_proj.weight": 0.11001235246658325, "model.layers.11.input_layernorm.weight": 0.0011123906588181853, "model.layers.11.post_attention_layernorm.weight": 0.0011682335752993822, "model.layers.12.self_attn.q_proj.weight": 0.05323975533246994, "model.layers.12.self_attn.k_proj.weight": 0.026282601058483124, "model.layers.12.self_attn.v_proj.weight": 0.026935065165162086, "model.layers.12.self_attn.o_proj.weight": 0.054915718734264374, "model.layers.12.mlp.gate_proj.weight": 0.1094164177775383, "model.layers.12.mlp.up_proj.weight": 0.1098661795258522, "model.layers.12.mlp.down_proj.weight": 0.11002487689256668, "model.layers.12.input_layernorm.weight": 0.0011479523964226246, "model.layers.12.post_attention_layernorm.weight": 0.0011973899090662599, "model.layers.13.self_attn.q_proj.weight": 0.05319533124566078, "model.layers.13.self_attn.k_proj.weight": 0.02609596960246563, "model.layers.13.self_attn.v_proj.weight": 0.027269337326288223, "model.layers.13.self_attn.o_proj.weight": 0.05511682108044624, "model.layers.13.mlp.gate_proj.weight": 0.11072278022766113, "model.layers.13.mlp.up_proj.weight": 0.1109170988202095, "model.layers.13.mlp.down_proj.weight": 0.1109604462981224,