{"total_norm": 6.973287105560303, "target_norm": 0.9284038543701172, "param2norm_diff": {"model.embed_tokens.weight": 0.16206979751586914, "model.layers.0.self_attn.q_proj.weight": 0.04289877042174339, "model.layers.0.self_attn.k_proj.weight": 0.022043664008378983, "model.layers.0.self_attn.v_proj.weight": 0.022301675751805305, "model.layers.0.self_attn.o_proj.weight": 0.04458741843700409, "model.layers.0.mlp.gate_proj.weight": 0.08813697099685669, "model.layers.0.mlp.up_proj.weight": 0.08815126866102219, "model.layers.0.mlp.down_proj.weight": 0.08844946324825287, "model.layers.0.input_layernorm.weight": 0.0009514696430414915, "model.layers.0.post_attention_layernorm.weight": 0.000968683511018753, "model.layers.1.self_attn.q_proj.weight": 0.04318682476878166, "model.layers.1.self_attn.k_proj.weight": 0.020674454048275948, "model.layers.1.self_attn.v_proj.weight": 0.02211681753396988, "model.layers.1.self_attn.o_proj.weight": 0.04456533119082451, "model.layers.1.mlp.gate_proj.weight": 0.08863572031259537, "model.layers.1.mlp.up_proj.weight": 0.08866383135318756, "model.layers.1.mlp.down_proj.weight": 0.08910046517848969, "model.layers.1.input_layernorm.weight": 0.0009400853887200356, "model.layers.1.post_attention_layernorm.weight": 0.000985749764367938, "model.layers.2.self_attn.q_proj.weight": 0.044863924384117126, "model.layers.2.self_attn.k_proj.weight": 0.02132037654519081, "model.layers.2.self_attn.v_proj.weight": 0.022266240790486336, "model.layers.2.self_attn.o_proj.weight": 0.0446183905005455, "model.layers.2.mlp.gate_proj.weight": 0.08989927172660828, "model.layers.2.mlp.up_proj.weight": 0.08982373028993607, "model.layers.2.mlp.down_proj.weight": 0.08966746181249619, "model.layers.2.input_layernorm.weight": 0.0009503847104497254, "model.layers.2.post_attention_layernorm.weight": 0.0009748762240633368, "model.layers.3.self_attn.q_proj.weight": 0.04615559056401253, "model.layers.3.self_attn.k_proj.weight": 0.022872285917401314, "model.layers.3.self_attn.v_proj.weight": 0.02256433665752411, "model.layers.3.self_attn.o_proj.weight": 0.04474297910928726, "model.layers.3.mlp.gate_proj.weight": 0.08965639770030975, "model.layers.3.mlp.up_proj.weight": 0.08963574469089508, "model.layers.3.mlp.down_proj.weight": 0.09001341462135315, "model.layers.3.input_layernorm.weight": 0.0009915778646245599, "model.layers.3.post_attention_layernorm.weight": 0.0010052061406895518, "model.layers.4.self_attn.q_proj.weight": 0.0448702797293663, "model.layers.4.self_attn.k_proj.weight": 0.021992474794387817, "model.layers.4.self_attn.v_proj.weight": 0.022569825872778893, "model.layers.4.self_attn.o_proj.weight": 0.044737402349710464, "model.layers.4.mlp.gate_proj.weight": 0.09061821550130844, "model.layers.4.mlp.up_proj.weight": 0.0908782035112381, "model.layers.4.mlp.down_proj.weight": 0.09100443869829178, "model.layers.4.input_layernorm.weight": 0.0010012398706749082, "model.layers.4.post_attention_layernorm.weight": 0.0009877026313915849, "model.layers.5.self_attn.q_proj.weight": 0.04566315561532974, "model.layers.5.self_attn.k_proj.weight": 0.022126460447907448, "model.layers.5.self_attn.v_proj.weight": 0.02273990586400032, "model.layers.5.self_attn.o_proj.weight": 0.045419882982969284, "model.layers.5.mlp.gate_proj.weight": 0.09006629884243011, "model.layers.5.mlp.up_proj.weight": 0.09025000780820847, "model.layers.5.mlp.down_proj.weight": 0.09066933393478394, "model.layers.5.input_layernorm.weight": 0.0009983645286411047, "model.layers.5.post_attention_layernorm.weight": 0.0009908430511131883, "model.layers.6.self_attn.q_proj.weight": 0.04404093325138092, "model.layers.6.self_attn.k_proj.weight": 0.02193600684404373, "model.layers.6.self_attn.v_proj.weight": 0.022459011524915695, "model.layers.6.self_attn.o_proj.weight": 0.04535827785730362, "model.layers.6.mlp.gate_proj.weight": 0.0909569263458252, "model.layers.6.mlp.up_proj.weight": 0.0912436991930008, "model.layers.6.mlp.down_proj.weight": 0.09186866879463196, "model.layers.6.input_layernorm.weight": 0.0009648815612308681, "model.layers.6.post_attention_layernorm.weight": 0.0009749995078891516, "model.layers.7.self_attn.q_proj.weight": 0.045081716030836105, "model.layers.7.self_attn.k_proj.weight": 0.022653156891465187, "model.layers.7.self_attn.v_proj.weight": 0.02285461314022541, "model.layers.7.self_attn.o_proj.weight": 0.045958515256643295, "model.layers.7.mlp.gate_proj.weight": 0.09247609972953796, "model.layers.7.mlp.up_proj.weight": 0.09252700954675674, "model.layers.7.mlp.down_proj.weight": 0.09321021288633347, "model.layers.7.input_layernorm.weight": 0.0009646010003052652, "model.layers.7.post_attention_layernorm.weight": 0.0010140814119949937, "model.layers.8.self_attn.q_proj.weight": 0.04637875407934189, "model.layers.8.self_attn.k_proj.weight": 0.022525757551193237, "model.layers.8.self_attn.v_proj.weight": 0.022830963134765625, "model.layers.8.self_attn.o_proj.weight": 0.04607176408171654, "model.layers.8.mlp.gate_proj.weight": 0.09359488636255264, "model.layers.8.mlp.up_proj.weight": 0.09357400983572006, "model.layers.8.mlp.down_proj.weight": 0.09445523470640182, "model.layers.8.input_layernorm.weight": 0.001010624342598021, "model.layers.8.post_attention_layernorm.weight": 0.0010211672633886337, "model.layers.9.self_attn.q_proj.weight": 0.04629490524530411, "model.layers.9.self_attn.k_proj.weight": 0.02283291332423687, "model.layers.9.self_attn.v_proj.weight": 0.023163272067904472, "model.layers.9.self_attn.o_proj.weight": 0.04735894128680229, "model.layers.9.mlp.gate_proj.weight": 0.0954555869102478, "model.layers.9.mlp.up_proj.weight": 0.09538709372282028, "model.layers.9.mlp.down_proj.weight": 0.09626185894012451, "model.layers.9.input_layernorm.weight": 0.0009663302334956825, "model.layers.9.post_attention_layernorm.weight": 0.0010518071940168738, "model.layers.10.self_attn.q_proj.weight": 0.04741652309894562, "model.layers.10.self_attn.k_proj.weight": 0.0226198248565197, "model.layers.10.self_attn.v_proj.weight": 0.02354387938976288, "model.layers.10.self_attn.o_proj.weight": 0.047601718455553055, "model.layers.10.mlp.gate_proj.weight": 0.09634245932102203, "model.layers.10.mlp.up_proj.weight": 0.09679977595806122, "model.layers.10.mlp.down_proj.weight": 0.0974075049161911, "model.layers.10.input_layernorm.weight": 0.001018392271362245, "model.layers.10.post_attention_layernorm.weight": 0.0010579999070614576, "model.layers.11.self_attn.q_proj.weight": 0.04867740347981453, "model.layers.11.self_attn.k_proj.weight": 0.02464602142572403, "model.layers.11.self_attn.v_proj.weight": 0.023813020437955856, "model.layers.11.self_attn.o_proj.weight": 0.048868488520383835, "model.layers.11.mlp.gate_proj.weight": 0.097468301653862, "model.layers.11.mlp.up_proj.weight": 0.09840254485607147, "model.layers.11.mlp.down_proj.weight": 0.09890672564506531, "model.layers.11.input_layernorm.weight": 0.0010767526691779494, "model.layers.11.post_attention_layernorm.weight": 0.0010568464640527964, "model.layers.12.self_attn.q_proj.weight": 0.04852992668747902, "model.layers.12.self_attn.k_proj.weight": 0.0242754016071558, "model.layers.12.self_attn.v_proj.weight": 0.024513548240065575, "model.layers.12.self_attn.o_proj.weight": 0.04934139549732208, "model.layers.12.mlp.gate_proj.weight": 0.0987917110323906, "model.layers.12.mlp.up_proj.weight": 0.09917254000902176, "model.layers.12.mlp.down_proj.weight": 0.10011006891727448, "model.layers.12.input_layernorm.weight": 0.0010735850082710385, "model.layers.12.post_attention_layernorm.weight": 0.0010995500488206744, "model.layers.13.self_attn.q_proj.weight": 0.04788393899798393, "model.layers.13.self_attn.k_proj.weight": 0.023497410118579865, "model.layers.13.self_attn.v_proj.weight": 0.024763992056250572, "model.layers.13.self_attn.o_proj.weight": 0.050021883100271225, "model.layers.13.mlp.gate_proj.weight": 0.10103002190589905, "model.layers.13.mlp.up_proj.weight": 0.10119320452213287, "model.layers.13.mlp.down_proj.weight": 0.1016545221209526,