{"total_norm": 7.395242214202881, "target_norm": 0.9905431866645813, "param2norm_diff": {"model.embed_tokens.weight": 0.18201413750648499, "model.layers.0.self_attn.q_proj.weight": 0.04539988562464714, "model.layers.0.self_attn.k_proj.weight": 0.023192426189780235, "model.layers.0.self_attn.v_proj.weight": 0.022848252207040787, "model.layers.0.self_attn.o_proj.weight": 0.04577600955963135, "model.layers.0.mlp.gate_proj.weight": 0.09130741655826569, "model.layers.0.mlp.up_proj.weight": 0.09125218540430069, "model.layers.0.mlp.down_proj.weight": 0.09119004011154175, "model.layers.0.input_layernorm.weight": 0.0010280072456225753, "model.layers.0.post_attention_layernorm.weight": 0.0010063702939078212, "model.layers.1.self_attn.q_proj.weight": 0.046780236065387726, "model.layers.1.self_attn.k_proj.weight": 0.023417796939611435, "model.layers.1.self_attn.v_proj.weight": 0.02274036593735218, "model.layers.1.self_attn.o_proj.weight": 0.04612424597144127, "model.layers.1.mlp.gate_proj.weight": 0.09120333939790726, "model.layers.1.mlp.up_proj.weight": 0.09104891121387482, "model.layers.1.mlp.down_proj.weight": 0.09139254689216614, "model.layers.1.input_layernorm.weight": 0.001013002940453589, "model.layers.1.post_attention_layernorm.weight": 0.0009882126469165087, "model.layers.2.self_attn.q_proj.weight": 0.046834953129291534, "model.layers.2.self_attn.k_proj.weight": 0.023444995284080505, "model.layers.2.self_attn.v_proj.weight": 0.02277831733226776, "model.layers.2.self_attn.o_proj.weight": 0.04585985466837883, "model.layers.2.mlp.gate_proj.weight": 0.09177560359239578, "model.layers.2.mlp.up_proj.weight": 0.09146194905042648, "model.layers.2.mlp.down_proj.weight": 0.0917384922504425, "model.layers.2.input_layernorm.weight": 0.0010294538224115968, "model.layers.2.post_attention_layernorm.weight": 0.0010120507795363665, "model.layers.3.self_attn.q_proj.weight": 0.045188598334789276, "model.layers.3.self_attn.k_proj.weight": 0.02302078902721405, "model.layers.3.self_attn.v_proj.weight": 0.022835172712802887, "model.layers.3.self_attn.o_proj.weight": 0.045643966645002365, "model.layers.3.mlp.gate_proj.weight": 0.09359730035066605, "model.layers.3.mlp.up_proj.weight": 0.09267444908618927, "model.layers.3.mlp.down_proj.weight": 0.0935375913977623, "model.layers.3.input_layernorm.weight": 0.0010079940548166633, "model.layers.3.post_attention_layernorm.weight": 0.0010211727349087596, "model.layers.4.self_attn.q_proj.weight": 0.046186525374650955, "model.layers.4.self_attn.k_proj.weight": 0.021990491077303886, "model.layers.4.self_attn.v_proj.weight": 0.022510897368192673, "model.layers.4.self_attn.o_proj.weight": 0.04556051269173622, "model.layers.4.mlp.gate_proj.weight": 0.09547659754753113, "model.layers.4.mlp.up_proj.weight": 0.0945117250084877, "model.layers.4.mlp.down_proj.weight": 0.0951068252325058, "model.layers.4.input_layernorm.weight": 0.0009889216162264347, "model.layers.4.post_attention_layernorm.weight": 0.0010332167148590088, "model.layers.5.self_attn.q_proj.weight": 0.04618203267455101, "model.layers.5.self_attn.k_proj.weight": 0.022690827026963234, "model.layers.5.self_attn.v_proj.weight": 0.023414164781570435, "model.layers.5.self_attn.o_proj.weight": 0.04677349328994751, "model.layers.5.mlp.gate_proj.weight": 0.09658361226320267, "model.layers.5.mlp.up_proj.weight": 0.09561329334974289, "model.layers.5.mlp.down_proj.weight": 0.09622783958911896, "model.layers.5.input_layernorm.weight": 0.0010169666493311524, "model.layers.5.post_attention_layernorm.weight": 0.0010326687479391694, "model.layers.6.self_attn.q_proj.weight": 0.04732269048690796, "model.layers.6.self_attn.k_proj.weight": 0.023919731378555298, "model.layers.6.self_attn.v_proj.weight": 0.023635517805814743, "model.layers.6.self_attn.o_proj.weight": 0.047872304916381836, "model.layers.6.mlp.gate_proj.weight": 0.09778835624456406, "model.layers.6.mlp.up_proj.weight": 0.09709661453962326, "model.layers.6.mlp.down_proj.weight": 0.09739384055137634, "model.layers.6.input_layernorm.weight": 0.0010277406545355916, "model.layers.6.post_attention_layernorm.weight": 0.001063172472640872, "model.layers.7.self_attn.q_proj.weight": 0.04789993539452553, "model.layers.7.self_attn.k_proj.weight": 0.02368384413421154, "model.layers.7.self_attn.v_proj.weight": 0.023504121229052544, "model.layers.7.self_attn.o_proj.weight": 0.04813091456890106, "model.layers.7.mlp.gate_proj.weight": 0.09882549941539764, "model.layers.7.mlp.up_proj.weight": 0.09832781553268433, "model.layers.7.mlp.down_proj.weight": 0.0989336296916008, "model.layers.7.input_layernorm.weight": 0.0010252915089949965, "model.layers.7.post_attention_layernorm.weight": 0.0010779527947306633, "model.layers.8.self_attn.q_proj.weight": 0.04844355210661888, "model.layers.8.self_attn.k_proj.weight": 0.024032285436987877, "model.layers.8.self_attn.v_proj.weight": 0.024021463468670845, "model.layers.8.self_attn.o_proj.weight": 0.049558598548173904, "model.layers.8.mlp.gate_proj.weight": 0.10097144544124603, "model.layers.8.mlp.up_proj.weight": 0.10037113726139069, "model.layers.8.mlp.down_proj.weight": 0.10151216387748718, "model.layers.8.input_layernorm.weight": 0.0010199181269854307, "model.layers.8.post_attention_layernorm.weight": 0.0010884117800742388, "model.layers.9.self_attn.q_proj.weight": 0.051022257655858994, "model.layers.9.self_attn.k_proj.weight": 0.02472003363072872, "model.layers.9.self_attn.v_proj.weight": 0.02458561584353447, "model.layers.9.self_attn.o_proj.weight": 0.050441380590200424, "model.layers.9.mlp.gate_proj.weight": 0.10241588950157166, "model.layers.9.mlp.up_proj.weight": 0.10298796743154526, "model.layers.9.mlp.down_proj.weight": 0.10402892529964447, "model.layers.9.input_layernorm.weight": 0.001085392665117979, "model.layers.9.post_attention_layernorm.weight": 0.001117057166993618, "model.layers.10.self_attn.q_proj.weight": 0.05117766559123993, "model.layers.10.self_attn.k_proj.weight": 0.024805948138237, "model.layers.10.self_attn.v_proj.weight": 0.025439288467168808, "model.layers.10.self_attn.o_proj.weight": 0.05208995193243027, "model.layers.10.mlp.gate_proj.weight": 0.10343810170888901, "model.layers.10.mlp.up_proj.weight": 0.10437192022800446, "model.layers.10.mlp.down_proj.weight": 0.10495270043611526, "model.layers.10.input_layernorm.weight": 0.0011224182089790702, "model.layers.10.post_attention_layernorm.weight": 0.0011417461792007089, "model.layers.11.self_attn.q_proj.weight": 0.051709871739149094, "model.layers.11.self_attn.k_proj.weight": 0.02515748329460621, "model.layers.11.self_attn.v_proj.weight": 0.0256218109279871, "model.layers.11.self_attn.o_proj.weight": 0.05269738659262657, "model.layers.11.mlp.gate_proj.weight": 0.10437621921300888, "model.layers.11.mlp.up_proj.weight": 0.10565569251775742, "model.layers.11.mlp.down_proj.weight": 0.10618206113576889, "model.layers.11.input_layernorm.weight": 0.001086825504899025, "model.layers.11.post_attention_layernorm.weight": 0.0011488860473036766, "model.layers.12.self_attn.q_proj.weight": 0.05241203308105469, "model.layers.12.self_attn.k_proj.weight": 0.02533326856791973, "model.layers.12.self_attn.v_proj.weight": 0.026523824781179428, "model.layers.12.self_attn.o_proj.weight": 0.05328994616866112, "model.layers.12.mlp.gate_proj.weight": 0.10574465245008469, "model.layers.12.mlp.up_proj.weight": 0.10619809478521347, "model.layers.12.mlp.down_proj.weight": 0.10708203911781311, "model.layers.12.input_layernorm.weight": 0.0011431471211835742, "model.layers.12.post_attention_layernorm.weight": 0.0011627424973994493, "model.layers.13.self_attn.q_proj.weight": 0.05196380615234375, "model.layers.13.self_attn.k_proj.weight": 0.026070820167660713, "model.layers.13.self_attn.v_proj.weight": 0.02659531496465206, "model.layers.13.self_attn.o_proj.weight": 0.053383778780698776, "model.layers.13.mlp.gate_proj.weight": 0.10760555416345596, "model.layers.13.mlp.up_proj.weight": 0.10792303085327148, "model.layers.13.mlp.down_proj.weight": 0.10840339213609695,