{"total_norm": 7.545071601867676, "target_norm": 0.9937366247177124, "param2norm_diff": {"model.embed_tokens.weight": 0.18571710586547852, "model.layers.0.self_attn.q_proj.weight": 0.046771783381700516, "model.layers.0.self_attn.k_proj.weight": 0.02331199124455452, "model.layers.0.self_attn.v_proj.weight": 0.023014472797513008, "model.layers.0.self_attn.o_proj.weight": 0.046906374394893646, "model.layers.0.mlp.gate_proj.weight": 0.09463374316692352, "model.layers.0.mlp.up_proj.weight": 0.09463374316692352, "model.layers.0.mlp.down_proj.weight": 0.09488002210855484, "model.layers.0.input_layernorm.weight": 0.001034044660627842, "model.layers.0.post_attention_layernorm.weight": 0.0010569472797214985, "model.layers.1.self_attn.q_proj.weight": 0.046119604259729385, "model.layers.1.self_attn.k_proj.weight": 0.022806284949183464, "model.layers.1.self_attn.v_proj.weight": 0.02335691638290882, "model.layers.1.self_attn.o_proj.weight": 0.04754584655165672, "model.layers.1.mlp.gate_proj.weight": 0.09488797187805176, "model.layers.1.mlp.up_proj.weight": 0.09441101551055908, "model.layers.1.mlp.down_proj.weight": 0.09475522488355637, "model.layers.1.input_layernorm.weight": 0.0010239755501970649, "model.layers.1.post_attention_layernorm.weight": 0.001049048500135541, "model.layers.2.self_attn.q_proj.weight": 0.04759898781776428, "model.layers.2.self_attn.k_proj.weight": 0.023295477032661438, "model.layers.2.self_attn.v_proj.weight": 0.02381136640906334, "model.layers.2.self_attn.o_proj.weight": 0.047576043754816055, "model.layers.2.mlp.gate_proj.weight": 0.09492070972919464, "model.layers.2.mlp.up_proj.weight": 0.09496185183525085, "model.layers.2.mlp.down_proj.weight": 0.09596485644578934, "model.layers.2.input_layernorm.weight": 0.0010562672978267074, "model.layers.2.post_attention_layernorm.weight": 0.0010310462675988674, "model.layers.3.self_attn.q_proj.weight": 0.047880031168460846, "model.layers.3.self_attn.k_proj.weight": 0.023969421163201332, "model.layers.3.self_attn.v_proj.weight": 0.024579685181379318, "model.layers.3.self_attn.o_proj.weight": 0.048941969871520996, "model.layers.3.mlp.gate_proj.weight": 0.09692557156085968, "model.layers.3.mlp.up_proj.weight": 0.09673547744750977, "model.layers.3.mlp.down_proj.weight": 0.0974045917391777, "model.layers.3.input_layernorm.weight": 0.001037582173012197, "model.layers.3.post_attention_layernorm.weight": 0.0010590647580102086, "model.layers.4.self_attn.q_proj.weight": 0.04784204065799713, "model.layers.4.self_attn.k_proj.weight": 0.024029739201068878, "model.layers.4.self_attn.v_proj.weight": 0.024300318211317062, "model.layers.4.self_attn.o_proj.weight": 0.048819608986377716, "model.layers.4.mlp.gate_proj.weight": 0.09767826646566391, "model.layers.4.mlp.up_proj.weight": 0.09730130434036255, "model.layers.4.mlp.down_proj.weight": 0.09761226922273636, "model.layers.4.input_layernorm.weight": 0.0010527904378250241, "model.layers.4.post_attention_layernorm.weight": 0.0010679789120331407, "model.layers.5.self_attn.q_proj.weight": 0.048243336379528046, "model.layers.5.self_attn.k_proj.weight": 0.02367146871984005, "model.layers.5.self_attn.v_proj.weight": 0.024194808676838875, "model.layers.5.self_attn.o_proj.weight": 0.048810504376888275, "model.layers.5.mlp.gate_proj.weight": 0.09836655855178833, "model.layers.5.mlp.up_proj.weight": 0.09776610136032104, "model.layers.5.mlp.down_proj.weight": 0.09847645461559296, "model.layers.5.input_layernorm.weight": 0.001048841280862689, "model.layers.5.post_attention_layernorm.weight": 0.001081659458577633, "model.layers.6.self_attn.q_proj.weight": 0.048949599266052246, "model.layers.6.self_attn.k_proj.weight": 0.024033980444073677, "model.layers.6.self_attn.v_proj.weight": 0.02431597374379635, "model.layers.6.self_attn.o_proj.weight": 0.049178771674633026, "model.layers.6.mlp.gate_proj.weight": 0.09949162602424622, "model.layers.6.mlp.up_proj.weight": 0.09899792075157166, "model.layers.6.mlp.down_proj.weight": 0.09984643012285233, "model.layers.6.input_layernorm.weight": 0.0010623895796015859, "model.layers.6.post_attention_layernorm.weight": 0.0010926220566034317, "model.layers.7.self_attn.q_proj.weight": 0.04937618225812912, "model.layers.7.self_attn.k_proj.weight": 0.024649102240800858, "model.layers.7.self_attn.v_proj.weight": 0.024649370461702347, "model.layers.7.self_attn.o_proj.weight": 0.049383100122213364, "model.layers.7.mlp.gate_proj.weight": 0.10104795545339584, "model.layers.7.mlp.up_proj.weight": 0.10049305856227875, "model.layers.7.mlp.down_proj.weight": 0.10102897882461548, "model.layers.7.input_layernorm.weight": 0.001072955084964633, "model.layers.7.post_attention_layernorm.weight": 0.0010926580289378762, "model.layers.8.self_attn.q_proj.weight": 0.04929657652974129, "model.layers.8.self_attn.k_proj.weight": 0.024776581674814224, "model.layers.8.self_attn.v_proj.weight": 0.0246628038585186, "model.layers.8.self_attn.o_proj.weight": 0.04998186230659485, "model.layers.8.mlp.gate_proj.weight": 0.10362503677606583, "model.layers.8.mlp.up_proj.weight": 0.10262928158044815, "model.layers.8.mlp.down_proj.weight": 0.10361602902412415, "model.layers.8.input_layernorm.weight": 0.001061301096342504, "model.layers.8.post_attention_layernorm.weight": 0.0011174289975315332, "model.layers.9.self_attn.q_proj.weight": 0.05197552219033241, "model.layers.9.self_attn.k_proj.weight": 0.02626003883779049, "model.layers.9.self_attn.v_proj.weight": 0.025372611358761787, "model.layers.9.self_attn.o_proj.weight": 0.052203670144081116, "model.layers.9.mlp.gate_proj.weight": 0.10536669194698334, "model.layers.9.mlp.up_proj.weight": 0.10474459081888199, "model.layers.9.mlp.down_proj.weight": 0.10568580031394958, "model.layers.9.input_layernorm.weight": 0.0010964465327560902, "model.layers.9.post_attention_layernorm.weight": 0.0011524662841111422, "model.layers.10.self_attn.q_proj.weight": 0.05212945491075516, "model.layers.10.self_attn.k_proj.weight": 0.025792408734560013, "model.layers.10.self_attn.v_proj.weight": 0.025807669386267662, "model.layers.10.self_attn.o_proj.weight": 0.052931033074855804, "model.layers.10.mlp.gate_proj.weight": 0.10565236955881119, "model.layers.10.mlp.up_proj.weight": 0.10651174187660217, "model.layers.10.mlp.down_proj.weight": 0.10640396177768707, "model.layers.10.input_layernorm.weight": 0.0011000719387084246, "model.layers.10.post_attention_layernorm.weight": 0.00114983890671283, "model.layers.11.self_attn.q_proj.weight": 0.051654182374477386, "model.layers.11.self_attn.k_proj.weight": 0.0248431283980608, "model.layers.11.self_attn.v_proj.weight": 0.025857267901301384, "model.layers.11.self_attn.o_proj.weight": 0.053240250796079636, "model.layers.11.mlp.gate_proj.weight": 0.10573895275592804, "model.layers.11.mlp.up_proj.weight": 0.10747094452381134, "model.layers.11.mlp.down_proj.weight": 0.10741307586431503, "model.layers.11.input_layernorm.weight": 0.0010796451242640615, "model.layers.11.post_attention_layernorm.weight": 0.0011662450851872563, "model.layers.12.self_attn.q_proj.weight": 0.05161207169294357, "model.layers.12.self_attn.k_proj.weight": 0.025258062407374382, "model.layers.12.self_attn.v_proj.weight": 0.026583123952150345, "model.layers.12.self_attn.o_proj.weight": 0.053769301623106, "model.layers.12.mlp.gate_proj.weight": 0.10603243112564087, "model.layers.12.mlp.up_proj.weight": 0.1069314256310463, "model.layers.12.mlp.down_proj.weight": 0.10705192387104034, "model.layers.12.input_layernorm.weight": 0.0011689404491335154, "model.layers.12.post_attention_layernorm.weight": 0.0011707725934684277, "model.layers.13.self_attn.q_proj.weight": 0.05196141451597214, "model.layers.13.self_attn.k_proj.weight": 0.0261173527687788, "model.layers.13.self_attn.v_proj.weight": 0.026793543249368668, "model.layers.13.self_attn.o_proj.weight": 0.05456607788801193, "model.layers.13.mlp.gate_proj.weight": 0.1070031151175499, "model.layers.13.mlp.up_proj.weight": 0.10725495964288712, "model.layers.13.mlp.down_proj.weight": 0.1078663170337677,