{"total_norm": 7.3672566413879395, "target_norm": 0.9698218107223511, "param2norm_diff": {"model.embed_tokens.weight": 0.17464086413383484, "model.layers.0.self_attn.q_proj.weight": 0.04316334426403046, "model.layers.0.self_attn.k_proj.weight": 0.022468144074082375, "model.layers.0.self_attn.v_proj.weight": 0.02306278981268406, "model.layers.0.self_attn.o_proj.weight": 0.04599865898489952, "model.layers.0.mlp.gate_proj.weight": 0.09233025461435318, "model.layers.0.mlp.up_proj.weight": 0.09178566187620163, "model.layers.0.mlp.down_proj.weight": 0.09261205792427063, "model.layers.0.input_layernorm.weight": 0.000982637982815504, "model.layers.0.post_attention_layernorm.weight": 0.0010104533284902573, "model.layers.1.self_attn.q_proj.weight": 0.045945681631565094, "model.layers.1.self_attn.k_proj.weight": 0.023348044604063034, "model.layers.1.self_attn.v_proj.weight": 0.023007424548268318, "model.layers.1.self_attn.o_proj.weight": 0.04654330015182495, "model.layers.1.mlp.gate_proj.weight": 0.09319248050451279, "model.layers.1.mlp.up_proj.weight": 0.09320893883705139, "model.layers.1.mlp.down_proj.weight": 0.09365343302488327, "model.layers.1.input_layernorm.weight": 0.0010282183066010475, "model.layers.1.post_attention_layernorm.weight": 0.0010317994747310877, "model.layers.2.self_attn.q_proj.weight": 0.04702553153038025, "model.layers.2.self_attn.k_proj.weight": 0.023581374436616898, "model.layers.2.self_attn.v_proj.weight": 0.022938229143619537, "model.layers.2.self_attn.o_proj.weight": 0.04683990776538849, "model.layers.2.mlp.gate_proj.weight": 0.09431248158216476, "model.layers.2.mlp.up_proj.weight": 0.09422548115253448, "model.layers.2.mlp.down_proj.weight": 0.09429249912500381, "model.layers.2.input_layernorm.weight": 0.0010262716095894575, "model.layers.2.post_attention_layernorm.weight": 0.0010602303082123399, "model.layers.3.self_attn.q_proj.weight": 0.0461156964302063, "model.layers.3.self_attn.k_proj.weight": 0.022391747683286667, "model.layers.3.self_attn.v_proj.weight": 0.023441912606358528, "model.layers.3.self_attn.o_proj.weight": 0.04700086638331413, "model.layers.3.mlp.gate_proj.weight": 0.09513546526432037, "model.layers.3.mlp.up_proj.weight": 0.09475506097078323, "model.layers.3.mlp.down_proj.weight": 0.0955457016825676, "model.layers.3.input_layernorm.weight": 0.0010006584925577044, "model.layers.3.post_attention_layernorm.weight": 0.0010483391815796494, "model.layers.4.self_attn.q_proj.weight": 0.046810682862997055, "model.layers.4.self_attn.k_proj.weight": 0.02281014248728752, "model.layers.4.self_attn.v_proj.weight": 0.02336292341351509, "model.layers.4.self_attn.o_proj.weight": 0.047143761068582535, "model.layers.4.mlp.gate_proj.weight": 0.09682092815637589, "model.layers.4.mlp.up_proj.weight": 0.0965934693813324, "model.layers.4.mlp.down_proj.weight": 0.09685072302818298, "model.layers.4.input_layernorm.weight": 0.0010192315094172955, "model.layers.4.post_attention_layernorm.weight": 0.0010454964358359575, "model.layers.5.self_attn.q_proj.weight": 0.04741675406694412, "model.layers.5.self_attn.k_proj.weight": 0.023701447993516922, "model.layers.5.self_attn.v_proj.weight": 0.024086587131023407, "model.layers.5.self_attn.o_proj.weight": 0.048533059656620026, "model.layers.5.mlp.gate_proj.weight": 0.09729259461164474, "model.layers.5.mlp.up_proj.weight": 0.09742549061775208, "model.layers.5.mlp.down_proj.weight": 0.09770457446575165, "model.layers.5.input_layernorm.weight": 0.0010545422555878758, "model.layers.5.post_attention_layernorm.weight": 0.0010542924283072352, "model.layers.6.self_attn.q_proj.weight": 0.04879787564277649, "model.layers.6.self_attn.k_proj.weight": 0.024117715656757355, "model.layers.6.self_attn.v_proj.weight": 0.024261698126792908, "model.layers.6.self_attn.o_proj.weight": 0.04894009977579117, "model.layers.6.mlp.gate_proj.weight": 0.09813971072435379, "model.layers.6.mlp.up_proj.weight": 0.09810969233512878, "model.layers.6.mlp.down_proj.weight": 0.09853490442037582, "model.layers.6.input_layernorm.weight": 0.0010540182702243328, "model.layers.6.post_attention_layernorm.weight": 0.0010699178092181683, "model.layers.7.self_attn.q_proj.weight": 0.04793810844421387, "model.layers.7.self_attn.k_proj.weight": 0.02385134808719158, "model.layers.7.self_attn.v_proj.weight": 0.024208610877394676, "model.layers.7.self_attn.o_proj.weight": 0.049287568777799606, "model.layers.7.mlp.gate_proj.weight": 0.09955817461013794, "model.layers.7.mlp.up_proj.weight": 0.0991775244474411, "model.layers.7.mlp.down_proj.weight": 0.09964873641729355, "model.layers.7.input_layernorm.weight": 0.0010820755269378424, "model.layers.7.post_attention_layernorm.weight": 0.0011006671702489257, "model.layers.8.self_attn.q_proj.weight": 0.048724837601184845, "model.layers.8.self_attn.k_proj.weight": 0.024465152993798256, "model.layers.8.self_attn.v_proj.weight": 0.024667952209711075, "model.layers.8.self_attn.o_proj.weight": 0.04944894090294838, "model.layers.8.mlp.gate_proj.weight": 0.10147669166326523, "model.layers.8.mlp.up_proj.weight": 0.10102304816246033, "model.layers.8.mlp.down_proj.weight": 0.10176867246627808, "model.layers.8.input_layernorm.weight": 0.001071076258085668, "model.layers.8.post_attention_layernorm.weight": 0.0011077127419412136, "model.layers.9.self_attn.q_proj.weight": 0.05070638284087181, "model.layers.9.self_attn.k_proj.weight": 0.025201773270964622, "model.layers.9.self_attn.v_proj.weight": 0.024948377162218094, "model.layers.9.self_attn.o_proj.weight": 0.05059221014380455, "model.layers.9.mlp.gate_proj.weight": 0.10213517397642136, "model.layers.9.mlp.up_proj.weight": 0.10188479721546173, "model.layers.9.mlp.down_proj.weight": 0.10238578915596008, "model.layers.9.input_layernorm.weight": 0.0011175025720149279, "model.layers.9.post_attention_layernorm.weight": 0.0011300682090222836, "model.layers.10.self_attn.q_proj.weight": 0.051326654851436615, "model.layers.10.self_attn.k_proj.weight": 0.025615742430090904, "model.layers.10.self_attn.v_proj.weight": 0.025754906237125397, "model.layers.10.self_attn.o_proj.weight": 0.0517655685544014, "model.layers.10.mlp.gate_proj.weight": 0.09968283027410507, "model.layers.10.mlp.up_proj.weight": 0.10072259604930878, "model.layers.10.mlp.down_proj.weight": 0.10113098472356796, "model.layers.10.input_layernorm.weight": 0.001113248523324728, "model.layers.10.post_attention_layernorm.weight": 0.0010778062278404832, "model.layers.11.self_attn.q_proj.weight": 0.051984481513500214, "model.layers.11.self_attn.k_proj.weight": 0.02513018064200878, "model.layers.11.self_attn.v_proj.weight": 0.025558194145560265, "model.layers.11.self_attn.o_proj.weight": 0.052744779735803604, "model.layers.11.mlp.gate_proj.weight": 0.09908406436443329, "model.layers.11.mlp.up_proj.weight": 0.10081067681312561, "model.layers.11.mlp.down_proj.weight": 0.10137176513671875, "model.layers.11.input_layernorm.weight": 0.0011167482007294893, "model.layers.11.post_attention_layernorm.weight": 0.001102736103348434, "model.layers.12.self_attn.q_proj.weight": 0.05168059468269348, "model.layers.12.self_attn.k_proj.weight": 0.025237197056412697, "model.layers.12.self_attn.v_proj.weight": 0.025919513776898384, "model.layers.12.self_attn.o_proj.weight": 0.052590545266866684, "model.layers.12.mlp.gate_proj.weight": 0.1005081981420517, "model.layers.12.mlp.up_proj.weight": 0.1011505052447319, "model.layers.12.mlp.down_proj.weight": 0.1019621267914772, "model.layers.12.input_layernorm.weight": 0.0011434631887823343, "model.layers.12.post_attention_layernorm.weight": 0.0010971981100738049, "model.layers.13.self_attn.q_proj.weight": 0.0505492240190506, "model.layers.13.self_attn.k_proj.weight": 0.024477209895849228, "model.layers.13.self_attn.v_proj.weight": 0.025898020714521408, "model.layers.13.self_attn.o_proj.weight": 0.052479952573776245, "model.layers.13.mlp.gate_proj.weight": 0.1022329106926918, "model.layers.13.mlp.up_proj.weight": 0.10228440910577774, "model.layers.13.mlp.down_proj.weight": 0.10366000235080719,