{"total_norm": 7.023792266845703, "target_norm": 0.9133899807929993, "param2norm_diff": {"model.embed_tokens.weight": 0.1769070029258728, "model.layers.0.self_attn.q_proj.weight": 0.04531238600611687, "model.layers.0.self_attn.k_proj.weight": 0.022404761984944344, "model.layers.0.self_attn.v_proj.weight": 0.02360030636191368, "model.layers.0.self_attn.o_proj.weight": 0.04706493020057678, "model.layers.0.mlp.gate_proj.weight": 0.09441964328289032, "model.layers.0.mlp.up_proj.weight": 0.09479789435863495, "model.layers.0.mlp.down_proj.weight": 0.09498193860054016, "model.layers.0.input_layernorm.weight": 0.0010070032440125942, "model.layers.0.post_attention_layernorm.weight": 0.0010419401805847883, "model.layers.1.self_attn.q_proj.weight": 0.046664949506521225, "model.layers.1.self_attn.k_proj.weight": 0.023288527503609657, "model.layers.1.self_attn.v_proj.weight": 0.02366374246776104, "model.layers.1.self_attn.o_proj.weight": 0.04712442681193352, "model.layers.1.mlp.gate_proj.weight": 0.09408166259527206, "model.layers.1.mlp.up_proj.weight": 0.09418338537216187, "model.layers.1.mlp.down_proj.weight": 0.09426681697368622, "model.layers.1.input_layernorm.weight": 0.0010556548368185759, "model.layers.1.post_attention_layernorm.weight": 0.0010425205109640956, "model.layers.2.self_attn.q_proj.weight": 0.046422068029642105, "model.layers.2.self_attn.k_proj.weight": 0.02297336794435978, "model.layers.2.self_attn.v_proj.weight": 0.0232097078114748, "model.layers.2.self_attn.o_proj.weight": 0.046587713062763214, "model.layers.2.mlp.gate_proj.weight": 0.093234121799469, "model.layers.2.mlp.up_proj.weight": 0.09298550337553024, "model.layers.2.mlp.down_proj.weight": 0.09284356981515884, "model.layers.2.input_layernorm.weight": 0.001055821543559432, "model.layers.2.post_attention_layernorm.weight": 0.001033610780723393, "model.layers.3.self_attn.q_proj.weight": 0.04506966471672058, "model.layers.3.self_attn.k_proj.weight": 0.023149676620960236, "model.layers.3.self_attn.v_proj.weight": 0.023226242512464523, "model.layers.3.self_attn.o_proj.weight": 0.045947711914777756, "model.layers.3.mlp.gate_proj.weight": 0.0927593931555748, "model.layers.3.mlp.up_proj.weight": 0.09259270131587982, "model.layers.3.mlp.down_proj.weight": 0.0928150862455368, "model.layers.3.input_layernorm.weight": 0.0010009888792410493, "model.layers.3.post_attention_layernorm.weight": 0.0010182447731494904, "model.layers.4.self_attn.q_proj.weight": 0.045569390058517456, "model.layers.4.self_attn.k_proj.weight": 0.022696416825056076, "model.layers.4.self_attn.v_proj.weight": 0.02317703887820244, "model.layers.4.self_attn.o_proj.weight": 0.046389032155275345, "model.layers.4.mlp.gate_proj.weight": 0.09142126142978668, "model.layers.4.mlp.up_proj.weight": 0.09119444340467453, "model.layers.4.mlp.down_proj.weight": 0.09150585532188416, "model.layers.4.input_layernorm.weight": 0.001015175599604845, "model.layers.4.post_attention_layernorm.weight": 0.0010099061764776707, "model.layers.5.self_attn.q_proj.weight": 0.04683491215109825, "model.layers.5.self_attn.k_proj.weight": 0.02323187328875065, "model.layers.5.self_attn.v_proj.weight": 0.022701406851410866, "model.layers.5.self_attn.o_proj.weight": 0.04610736295580864, "model.layers.5.mlp.gate_proj.weight": 0.09083966910839081, "model.layers.5.mlp.up_proj.weight": 0.09106336534023285, "model.layers.5.mlp.down_proj.weight": 0.09148585796356201, "model.layers.5.input_layernorm.weight": 0.0010120731312781572, "model.layers.5.post_attention_layernorm.weight": 0.0010018909815698862, "model.layers.6.self_attn.q_proj.weight": 0.04613113775849342, "model.layers.6.self_attn.k_proj.weight": 0.02256234921514988, "model.layers.6.self_attn.v_proj.weight": 0.02260405384004116, "model.layers.6.self_attn.o_proj.weight": 0.046247053891420364, "model.layers.6.mlp.gate_proj.weight": 0.09175729006528854, "model.layers.6.mlp.up_proj.weight": 0.09187566488981247, "model.layers.6.mlp.down_proj.weight": 0.0923599824309349, "model.layers.6.input_layernorm.weight": 0.001013337285257876, "model.layers.6.post_attention_layernorm.weight": 0.0009953679982572794, "model.layers.7.self_attn.q_proj.weight": 0.04590409994125366, "model.layers.7.self_attn.k_proj.weight": 0.022946130484342575, "model.layers.7.self_attn.v_proj.weight": 0.022955603897571564, "model.layers.7.self_attn.o_proj.weight": 0.046194177120923996, "model.layers.7.mlp.gate_proj.weight": 0.09322836250066757, "model.layers.7.mlp.up_proj.weight": 0.0931311696767807, "model.layers.7.mlp.down_proj.weight": 0.09325693547725677, "model.layers.7.input_layernorm.weight": 0.000994170899502933, "model.layers.7.post_attention_layernorm.weight": 0.0010201168479397893, "model.layers.8.self_attn.q_proj.weight": 0.04591863229870796, "model.layers.8.self_attn.k_proj.weight": 0.022858815267682076, "model.layers.8.self_attn.v_proj.weight": 0.022435640916228294, "model.layers.8.self_attn.o_proj.weight": 0.04613340273499489, "model.layers.8.mlp.gate_proj.weight": 0.09347840398550034, "model.layers.8.mlp.up_proj.weight": 0.09318538010120392, "model.layers.8.mlp.down_proj.weight": 0.09384732693433762, "model.layers.8.input_layernorm.weight": 0.0009869146160781384, "model.layers.8.post_attention_layernorm.weight": 0.0010140950325876474, "model.layers.9.self_attn.q_proj.weight": 0.04664261266589165, "model.layers.9.self_attn.k_proj.weight": 0.023617295548319817, "model.layers.9.self_attn.v_proj.weight": 0.023368116468191147, "model.layers.9.self_attn.o_proj.weight": 0.047142352908849716, "model.layers.9.mlp.gate_proj.weight": 0.0944480150938034, "model.layers.9.mlp.up_proj.weight": 0.09484419226646423, "model.layers.9.mlp.down_proj.weight": 0.09533405303955078, "model.layers.9.input_layernorm.weight": 0.0010082183871418238, "model.layers.9.post_attention_layernorm.weight": 0.0010482552461326122, "model.layers.10.self_attn.q_proj.weight": 0.047577619552612305, "model.layers.10.self_attn.k_proj.weight": 0.023519551381468773, "model.layers.10.self_attn.v_proj.weight": 0.02325401082634926, "model.layers.10.self_attn.o_proj.weight": 0.04823053628206253, "model.layers.10.mlp.gate_proj.weight": 0.09481023997068405, "model.layers.10.mlp.up_proj.weight": 0.09518416970968246, "model.layers.10.mlp.down_proj.weight": 0.09529983252286911, "model.layers.10.input_layernorm.weight": 0.00102050241548568, "model.layers.10.post_attention_layernorm.weight": 0.0010360688902437687, "model.layers.11.self_attn.q_proj.weight": 0.04811587929725647, "model.layers.11.self_attn.k_proj.weight": 0.02303442545235157, "model.layers.11.self_attn.v_proj.weight": 0.023366335779428482, "model.layers.11.self_attn.o_proj.weight": 0.04814905673265457, "model.layers.11.mlp.gate_proj.weight": 0.09587347507476807, "model.layers.11.mlp.up_proj.weight": 0.09601430594921112, "model.layers.11.mlp.down_proj.weight": 0.09671357274055481, "model.layers.11.input_layernorm.weight": 0.0009739740053191781, "model.layers.11.post_attention_layernorm.weight": 0.0010351674864068627, "model.layers.12.self_attn.q_proj.weight": 0.046048905700445175, "model.layers.12.self_attn.k_proj.weight": 0.02300090342760086, "model.layers.12.self_attn.v_proj.weight": 0.02383849024772644, "model.layers.12.self_attn.o_proj.weight": 0.047153059393167496, "model.layers.12.mlp.gate_proj.weight": 0.09664608538150787, "model.layers.12.mlp.up_proj.weight": 0.0964246541261673, "model.layers.12.mlp.down_proj.weight": 0.09682515263557434, "model.layers.12.input_layernorm.weight": 0.0010026542004197836, "model.layers.12.post_attention_layernorm.weight": 0.0010354111436754465, "model.layers.13.self_attn.q_proj.weight": 0.046513497829437256, "model.layers.13.self_attn.k_proj.weight": 0.023243596777319908, "model.layers.13.self_attn.v_proj.weight": 0.023654261603951454, "model.layers.13.self_attn.o_proj.weight": 0.0476309172809124, "model.layers.13.mlp.gate_proj.weight": 0.09880280494689941, "model.layers.13.mlp.up_proj.weight": 0.09880715608596802, "model.layers.13.mlp.down_proj.weight": 0.09892865270376205,