{"total_norm": 7.829117774963379, "target_norm": 1.0329041481018066, "param2norm_diff": {"model.embed_tokens.weight": 0.2035776525735855, "model.layers.0.self_attn.q_proj.weight": 0.04573030024766922, "model.layers.0.self_attn.k_proj.weight": 0.0235455259680748, "model.layers.0.self_attn.v_proj.weight": 0.023844437673687935, "model.layers.0.self_attn.o_proj.weight": 0.047991782426834106, "model.layers.0.mlp.gate_proj.weight": 0.09546681493520737, "model.layers.0.mlp.up_proj.weight": 0.09522692114114761, "model.layers.0.mlp.down_proj.weight": 0.09562557190656662, "model.layers.0.input_layernorm.weight": 0.0010313998209312558, "model.layers.0.post_attention_layernorm.weight": 0.0010373304830864072, "model.layers.1.self_attn.q_proj.weight": 0.0479527972638607, "model.layers.1.self_attn.k_proj.weight": 0.024337874725461006, "model.layers.1.self_attn.v_proj.weight": 0.023523524403572083, "model.layers.1.self_attn.o_proj.weight": 0.04853803291916847, "model.layers.1.mlp.gate_proj.weight": 0.09515935182571411, "model.layers.1.mlp.up_proj.weight": 0.0952240601181984, "model.layers.1.mlp.down_proj.weight": 0.09567585587501526, "model.layers.1.input_layernorm.weight": 0.0010147917782887816, "model.layers.1.post_attention_layernorm.weight": 0.0010664761066436768, "model.layers.2.self_attn.q_proj.weight": 0.04886495694518089, "model.layers.2.self_attn.k_proj.weight": 0.023703446611762047, "model.layers.2.self_attn.v_proj.weight": 0.02389584667980671, "model.layers.2.self_attn.o_proj.weight": 0.049829233437776566, "model.layers.2.mlp.gate_proj.weight": 0.09635993093252182, "model.layers.2.mlp.up_proj.weight": 0.09643593430519104, "model.layers.2.mlp.down_proj.weight": 0.09731703996658325, "model.layers.2.input_layernorm.weight": 0.0010422379709780216, "model.layers.2.post_attention_layernorm.weight": 0.0010446406668052077, "model.layers.3.self_attn.q_proj.weight": 0.049257706850767136, "model.layers.3.self_attn.k_proj.weight": 0.024677326902747154, "model.layers.3.self_attn.v_proj.weight": 0.02417602762579918, "model.layers.3.self_attn.o_proj.weight": 0.04949820041656494, "model.layers.3.mlp.gate_proj.weight": 0.09833500534296036, "model.layers.3.mlp.up_proj.weight": 0.09856247156858444, "model.layers.3.mlp.down_proj.weight": 0.09934744238853455, "model.layers.3.input_layernorm.weight": 0.0010474460432305932, "model.layers.3.post_attention_layernorm.weight": 0.001072132377885282, "model.layers.4.self_attn.q_proj.weight": 0.04951496422290802, "model.layers.4.self_attn.k_proj.weight": 0.024954618886113167, "model.layers.4.self_attn.v_proj.weight": 0.024901213124394417, "model.layers.4.self_attn.o_proj.weight": 0.049979325383901596, "model.layers.4.mlp.gate_proj.weight": 0.1014382466673851, "model.layers.4.mlp.up_proj.weight": 0.10109508037567139, "model.layers.4.mlp.down_proj.weight": 0.101924367249012, "model.layers.4.input_layernorm.weight": 0.001088250195607543, "model.layers.4.post_attention_layernorm.weight": 0.00108819711022079, "model.layers.5.self_attn.q_proj.weight": 0.051122549921274185, "model.layers.5.self_attn.k_proj.weight": 0.0254115778952837, "model.layers.5.self_attn.v_proj.weight": 0.02521039918065071, "model.layers.5.self_attn.o_proj.weight": 0.050324272364377975, "model.layers.5.mlp.gate_proj.weight": 0.10284349322319031, "model.layers.5.mlp.up_proj.weight": 0.10190583765506744, "model.layers.5.mlp.down_proj.weight": 0.10190905630588531, "model.layers.5.input_layernorm.weight": 0.0011016572825610638, "model.layers.5.post_attention_layernorm.weight": 0.0011077845701947808, "model.layers.6.self_attn.q_proj.weight": 0.050869062542915344, "model.layers.6.self_attn.k_proj.weight": 0.025175541639328003, "model.layers.6.self_attn.v_proj.weight": 0.024945270270109177, "model.layers.6.self_attn.o_proj.weight": 0.05077189952135086, "model.layers.6.mlp.gate_proj.weight": 0.10438220947980881, "model.layers.6.mlp.up_proj.weight": 0.10334054380655289, "model.layers.6.mlp.down_proj.weight": 0.10403963923454285, "model.layers.6.input_layernorm.weight": 0.0010160445235669613, "model.layers.6.post_attention_layernorm.weight": 0.0011420954251661897, "model.layers.7.self_attn.q_proj.weight": 0.05150124430656433, "model.layers.7.self_attn.k_proj.weight": 0.025584110990166664, "model.layers.7.self_attn.v_proj.weight": 0.024913828819990158, "model.layers.7.self_attn.o_proj.weight": 0.05114832893013954, "model.layers.7.mlp.gate_proj.weight": 0.10573872178792953, "model.layers.7.mlp.up_proj.weight": 0.10481832176446915, "model.layers.7.mlp.down_proj.weight": 0.10536856204271317, "model.layers.7.input_layernorm.weight": 0.0011131177889183164, "model.layers.7.post_attention_layernorm.weight": 0.001172448042780161, "model.layers.8.self_attn.q_proj.weight": 0.05242843180894852, "model.layers.8.self_attn.k_proj.weight": 0.0260405782610178, "model.layers.8.self_attn.v_proj.weight": 0.02525523118674755, "model.layers.8.self_attn.o_proj.weight": 0.051818039268255234, "model.layers.8.mlp.gate_proj.weight": 0.10766250640153885, "model.layers.8.mlp.up_proj.weight": 0.10642186552286148, "model.layers.8.mlp.down_proj.weight": 0.10753963887691498, "model.layers.8.input_layernorm.weight": 0.0011228201910853386, "model.layers.8.post_attention_layernorm.weight": 0.0011673715198412538, "model.layers.9.self_attn.q_proj.weight": 0.05343783646821976, "model.layers.9.self_attn.k_proj.weight": 0.025639761239290237, "model.layers.9.self_attn.v_proj.weight": 0.02600077912211418, "model.layers.9.self_attn.o_proj.weight": 0.0535164549946785, "model.layers.9.mlp.gate_proj.weight": 0.11026894301176071, "model.layers.9.mlp.up_proj.weight": 0.1095261424779892, "model.layers.9.mlp.down_proj.weight": 0.11031433194875717, "model.layers.9.input_layernorm.weight": 0.0010913937585428357, "model.layers.9.post_attention_layernorm.weight": 0.0012101598549634218, "model.layers.10.self_attn.q_proj.weight": 0.05344972759485245, "model.layers.10.self_attn.k_proj.weight": 0.026280134916305542, "model.layers.10.self_attn.v_proj.weight": 0.02686997316777706, "model.layers.10.self_attn.o_proj.weight": 0.05500355362892151, "model.layers.10.mlp.gate_proj.weight": 0.11142278462648392, "model.layers.10.mlp.up_proj.weight": 0.11161723732948303, "model.layers.10.mlp.down_proj.weight": 0.11206948012113571, "model.layers.10.input_layernorm.weight": 0.0011704834178090096, "model.layers.10.post_attention_layernorm.weight": 0.0012125475332140923, "model.layers.11.self_attn.q_proj.weight": 0.05520294979214668, "model.layers.11.self_attn.k_proj.weight": 0.027322066947817802, "model.layers.11.self_attn.v_proj.weight": 0.027436023578047752, "model.layers.11.self_attn.o_proj.weight": 0.055724818259477615, "model.layers.11.mlp.gate_proj.weight": 0.11138928681612015, "model.layers.11.mlp.up_proj.weight": 0.11257148534059525, "model.layers.11.mlp.down_proj.weight": 0.11241471022367477, "model.layers.11.input_layernorm.weight": 0.0011955166701227427, "model.layers.11.post_attention_layernorm.weight": 0.0012311782920733094, "model.layers.12.self_attn.q_proj.weight": 0.05445437878370285, "model.layers.12.self_attn.k_proj.weight": 0.02674144133925438, "model.layers.12.self_attn.v_proj.weight": 0.027655377984046936, "model.layers.12.self_attn.o_proj.weight": 0.056521303951740265, "model.layers.12.mlp.gate_proj.weight": 0.11167406290769577, "model.layers.12.mlp.up_proj.weight": 0.11220995336771011, "model.layers.12.mlp.down_proj.weight": 0.11223763972520828, "model.layers.12.input_layernorm.weight": 0.0011905274586752057, "model.layers.12.post_attention_layernorm.weight": 0.0012266545090824366, "model.layers.13.self_attn.q_proj.weight": 0.053985003381967545, "model.layers.13.self_attn.k_proj.weight": 0.026471465826034546, "model.layers.13.self_attn.v_proj.weight": 0.027944592759013176, "model.layers.13.self_attn.o_proj.weight": 0.0566675066947937, "model.layers.13.mlp.gate_proj.weight": 0.11277856677770615, "model.layers.13.mlp.up_proj.weight": 0.11308746039867401, "model.layers.13.mlp.down_proj.weight": 0.11308521777391434,