{"total_norm": 7.6662116050720215, "target_norm": 1.0067945718765259, "param2norm_diff": {"model.embed_tokens.weight": 0.18745943903923035, "model.layers.0.self_attn.q_proj.weight": 0.04632553458213806, "model.layers.0.self_attn.k_proj.weight": 0.023900611326098442, "model.layers.0.self_attn.v_proj.weight": 0.024068349972367287, "model.layers.0.self_attn.o_proj.weight": 0.0482155978679657, "model.layers.0.mlp.gate_proj.weight": 0.09425199031829834, "model.layers.0.mlp.up_proj.weight": 0.0941237136721611, "model.layers.0.mlp.down_proj.weight": 0.09415103495121002, "model.layers.0.input_layernorm.weight": 0.0010168234584853053, "model.layers.0.post_attention_layernorm.weight": 0.0010325576877221465, "model.layers.1.self_attn.q_proj.weight": 0.04761354997754097, "model.layers.1.self_attn.k_proj.weight": 0.023415977135300636, "model.layers.1.self_attn.v_proj.weight": 0.02399914152920246, "model.layers.1.self_attn.o_proj.weight": 0.048800475895404816, "model.layers.1.mlp.gate_proj.weight": 0.09480123221874237, "model.layers.1.mlp.up_proj.weight": 0.09473522752523422, "model.layers.1.mlp.down_proj.weight": 0.09541719406843185, "model.layers.1.input_layernorm.weight": 0.0010451384587213397, "model.layers.1.post_attention_layernorm.weight": 0.0010377897415310144, "model.layers.2.self_attn.q_proj.weight": 0.049254387617111206, "model.layers.2.self_attn.k_proj.weight": 0.024280918762087822, "model.layers.2.self_attn.v_proj.weight": 0.02431431971490383, "model.layers.2.self_attn.o_proj.weight": 0.04970715939998627, "model.layers.2.mlp.gate_proj.weight": 0.09622374176979065, "model.layers.2.mlp.up_proj.weight": 0.09641607850790024, "model.layers.2.mlp.down_proj.weight": 0.09699434041976929, "model.layers.2.input_layernorm.weight": 0.0010988505091518164, "model.layers.2.post_attention_layernorm.weight": 0.0010567893041297793, "model.layers.3.self_attn.q_proj.weight": 0.048136621713638306, "model.layers.3.self_attn.k_proj.weight": 0.023296834900975227, "model.layers.3.self_attn.v_proj.weight": 0.02431529387831688, "model.layers.3.self_attn.o_proj.weight": 0.049221038818359375, "model.layers.3.mlp.gate_proj.weight": 0.09891004115343094, "model.layers.3.mlp.up_proj.weight": 0.09837326407432556, "model.layers.3.mlp.down_proj.weight": 0.0990380197763443, "model.layers.3.input_layernorm.weight": 0.0010505925165489316, "model.layers.3.post_attention_layernorm.weight": 0.0010755677940323949, "model.layers.4.self_attn.q_proj.weight": 0.049087103456258774, "model.layers.4.self_attn.k_proj.weight": 0.02492407336831093, "model.layers.4.self_attn.v_proj.weight": 0.024468453601002693, "model.layers.4.self_attn.o_proj.weight": 0.04891794174909592, "model.layers.4.mlp.gate_proj.weight": 0.09963099658489227, "model.layers.4.mlp.up_proj.weight": 0.09817396104335785, "model.layers.4.mlp.down_proj.weight": 0.09941531717777252, "model.layers.4.input_layernorm.weight": 0.0010687775211408734, "model.layers.4.post_attention_layernorm.weight": 0.0010660140542313457, "model.layers.5.self_attn.q_proj.weight": 0.049286093562841415, "model.layers.5.self_attn.k_proj.weight": 0.024406051263213158, "model.layers.5.self_attn.v_proj.weight": 0.024294767528772354, "model.layers.5.self_attn.o_proj.weight": 0.04909108206629753, "model.layers.5.mlp.gate_proj.weight": 0.10060795396566391, "model.layers.5.mlp.up_proj.weight": 0.09913980215787888, "model.layers.5.mlp.down_proj.weight": 0.10013262927532196, "model.layers.5.input_layernorm.weight": 0.0010633239289745688, "model.layers.5.post_attention_layernorm.weight": 0.0010826181387528777, "model.layers.6.self_attn.q_proj.weight": 0.049109090119600296, "model.layers.6.self_attn.k_proj.weight": 0.024227861315011978, "model.layers.6.self_attn.v_proj.weight": 0.024696124717593193, "model.layers.6.self_attn.o_proj.weight": 0.049361445009708405, "model.layers.6.mlp.gate_proj.weight": 0.10199571400880814, "model.layers.6.mlp.up_proj.weight": 0.10045399516820908, "model.layers.6.mlp.down_proj.weight": 0.1016627848148346, "model.layers.6.input_layernorm.weight": 0.0010614927159622312, "model.layers.6.post_attention_layernorm.weight": 0.001089939964003861, "model.layers.7.self_attn.q_proj.weight": 0.05005602911114693, "model.layers.7.self_attn.k_proj.weight": 0.024711020290851593, "model.layers.7.self_attn.v_proj.weight": 0.0245968010276556, "model.layers.7.self_attn.o_proj.weight": 0.04989633336663246, "model.layers.7.mlp.gate_proj.weight": 0.10381821542978287, "model.layers.7.mlp.up_proj.weight": 0.1026432141661644, "model.layers.7.mlp.down_proj.weight": 0.10367929190397263, "model.layers.7.input_layernorm.weight": 0.0010622134432196617, "model.layers.7.post_attention_layernorm.weight": 0.0011072986526414752, "model.layers.8.self_attn.q_proj.weight": 0.05057341977953911, "model.layers.8.self_attn.k_proj.weight": 0.02564174309372902, "model.layers.8.self_attn.v_proj.weight": 0.024641241878271103, "model.layers.8.self_attn.o_proj.weight": 0.05062547326087952, "model.layers.8.mlp.gate_proj.weight": 0.10663273930549622, "model.layers.8.mlp.up_proj.weight": 0.10490763932466507, "model.layers.8.mlp.down_proj.weight": 0.1061755046248436, "model.layers.8.input_layernorm.weight": 0.0010637101950123906, "model.layers.8.post_attention_layernorm.weight": 0.001160447602160275, "model.layers.9.self_attn.q_proj.weight": 0.05196279287338257, "model.layers.9.self_attn.k_proj.weight": 0.025322148576378822, "model.layers.9.self_attn.v_proj.weight": 0.025446077808737755, "model.layers.9.self_attn.o_proj.weight": 0.05305807664990425, "model.layers.9.mlp.gate_proj.weight": 0.10937396436929703, "model.layers.9.mlp.up_proj.weight": 0.10850650072097778, "model.layers.9.mlp.down_proj.weight": 0.1090424656867981, "model.layers.9.input_layernorm.weight": 0.0011020224774256349, "model.layers.9.post_attention_layernorm.weight": 0.0011894344352185726, "model.layers.10.self_attn.q_proj.weight": 0.05265471339225769, "model.layers.10.self_attn.k_proj.weight": 0.02657824568450451, "model.layers.10.self_attn.v_proj.weight": 0.026422029361128807, "model.layers.10.self_attn.o_proj.weight": 0.05371932312846184, "model.layers.10.mlp.gate_proj.weight": 0.1092875748872757, "model.layers.10.mlp.up_proj.weight": 0.1096683144569397, "model.layers.10.mlp.down_proj.weight": 0.10968607664108276, "model.layers.10.input_layernorm.weight": 0.0011597622651606798, "model.layers.10.post_attention_layernorm.weight": 0.0011978925904259086, "model.layers.11.self_attn.q_proj.weight": 0.05343374237418175, "model.layers.11.self_attn.k_proj.weight": 0.026772065088152885, "model.layers.11.self_attn.v_proj.weight": 0.02638944424688816, "model.layers.11.self_attn.o_proj.weight": 0.05482346937060356, "model.layers.11.mlp.gate_proj.weight": 0.10849270969629288, "model.layers.11.mlp.up_proj.weight": 0.11037607491016388, "model.layers.11.mlp.down_proj.weight": 0.11004965007305145, "model.layers.11.input_layernorm.weight": 0.0011525411391630769, "model.layers.11.post_attention_layernorm.weight": 0.0012001895811408758, "model.layers.12.self_attn.q_proj.weight": 0.05264316126704216, "model.layers.12.self_attn.k_proj.weight": 0.025935806334018707, "model.layers.12.self_attn.v_proj.weight": 0.02686263620853424, "model.layers.12.self_attn.o_proj.weight": 0.054982829838991165, "model.layers.12.mlp.gate_proj.weight": 0.10854218900203705, "model.layers.12.mlp.up_proj.weight": 0.10935810208320618, "model.layers.12.mlp.down_proj.weight": 0.10899749398231506, "model.layers.12.input_layernorm.weight": 0.001145652262493968, "model.layers.12.post_attention_layernorm.weight": 0.001192258088849485, "model.layers.13.self_attn.q_proj.weight": 0.05233672633767128, "model.layers.13.self_attn.k_proj.weight": 0.025842837989330292, "model.layers.13.self_attn.v_proj.weight": 0.02685968391597271, "model.layers.13.self_attn.o_proj.weight": 0.05403691157698631, "model.layers.13.mlp.gate_proj.weight": 0.10961960256099701, "model.layers.13.mlp.up_proj.weight": 0.10978562384843826, "model.layers.13.mlp.down_proj.weight": 0.1092311218380928,