{"total_norm": 7.60797643661499, "target_norm": 1.0055263042449951, "param2norm_diff": {"model.embed_tokens.weight": 0.2150794267654419, "model.layers.0.self_attn.q_proj.weight": 0.04493147134780884, "model.layers.0.self_attn.k_proj.weight": 0.022755466401576996, "model.layers.0.self_attn.v_proj.weight": 0.023397820070385933, "model.layers.0.self_attn.o_proj.weight": 0.04626833647489548, "model.layers.0.mlp.gate_proj.weight": 0.0932590439915657, "model.layers.0.mlp.up_proj.weight": 0.09345291554927826, "model.layers.0.mlp.down_proj.weight": 0.09343720227479935, "model.layers.0.input_layernorm.weight": 0.0010375817073509097, "model.layers.0.post_attention_layernorm.weight": 0.0010068952105939388, "model.layers.1.self_attn.q_proj.weight": 0.045007847249507904, "model.layers.1.self_attn.k_proj.weight": 0.0230502150952816, "model.layers.1.self_attn.v_proj.weight": 0.023511478677392006, "model.layers.1.self_attn.o_proj.weight": 0.0470283217728138, "model.layers.1.mlp.gate_proj.weight": 0.09302262216806412, "model.layers.1.mlp.up_proj.weight": 0.0931655690073967, "model.layers.1.mlp.down_proj.weight": 0.09359245002269745, "model.layers.1.input_layernorm.weight": 0.0010430626571178436, "model.layers.1.post_attention_layernorm.weight": 0.0010211423505097628, "model.layers.2.self_attn.q_proj.weight": 0.047408707439899445, "model.layers.2.self_attn.k_proj.weight": 0.02282838337123394, "model.layers.2.self_attn.v_proj.weight": 0.023630155250430107, "model.layers.2.self_attn.o_proj.weight": 0.047416817396879196, "model.layers.2.mlp.gate_proj.weight": 0.09363976120948792, "model.layers.2.mlp.up_proj.weight": 0.09355954080820084, "model.layers.2.mlp.down_proj.weight": 0.09459264576435089, "model.layers.2.input_layernorm.weight": 0.00104764464776963, "model.layers.2.post_attention_layernorm.weight": 0.0010476900497451425, "model.layers.3.self_attn.q_proj.weight": 0.04648162052035332, "model.layers.3.self_attn.k_proj.weight": 0.023321930319070816, "model.layers.3.self_attn.v_proj.weight": 0.023289840668439865, "model.layers.3.self_attn.o_proj.weight": 0.04751632735133171, "model.layers.3.mlp.gate_proj.weight": 0.09570564329624176, "model.layers.3.mlp.up_proj.weight": 0.09570677578449249, "model.layers.3.mlp.down_proj.weight": 0.09645532071590424, "model.layers.3.input_layernorm.weight": 0.0010310978395864367, "model.layers.3.post_attention_layernorm.weight": 0.0010623709531500936, "model.layers.4.self_attn.q_proj.weight": 0.046614114195108414, "model.layers.4.self_attn.k_proj.weight": 0.02315889112651348, "model.layers.4.self_attn.v_proj.weight": 0.023689236491918564, "model.layers.4.self_attn.o_proj.weight": 0.047527700662612915, "model.layers.4.mlp.gate_proj.weight": 0.09734390676021576, "model.layers.4.mlp.up_proj.weight": 0.0971870869398117, "model.layers.4.mlp.down_proj.weight": 0.0977969840168953, "model.layers.4.input_layernorm.weight": 0.0010318211279809475, "model.layers.4.post_attention_layernorm.weight": 0.0010715890675783157, "model.layers.5.self_attn.q_proj.weight": 0.04802648350596428, "model.layers.5.self_attn.k_proj.weight": 0.023774579167366028, "model.layers.5.self_attn.v_proj.weight": 0.023970486596226692, "model.layers.5.self_attn.o_proj.weight": 0.048926446586847305, "model.layers.5.mlp.gate_proj.weight": 0.09808168560266495, "model.layers.5.mlp.up_proj.weight": 0.09791352599859238, "model.layers.5.mlp.down_proj.weight": 0.09874051064252853, "model.layers.5.input_layernorm.weight": 0.0010459235636517406, "model.layers.5.post_attention_layernorm.weight": 0.0010622387053444982, "model.layers.6.self_attn.q_proj.weight": 0.04773177206516266, "model.layers.6.self_attn.k_proj.weight": 0.023340338841080666, "model.layers.6.self_attn.v_proj.weight": 0.024062810465693474, "model.layers.6.self_attn.o_proj.weight": 0.0493474081158638, "model.layers.6.mlp.gate_proj.weight": 0.099608413875103, "model.layers.6.mlp.up_proj.weight": 0.09903170168399811, "model.layers.6.mlp.down_proj.weight": 0.10058832913637161, "model.layers.6.input_layernorm.weight": 0.0010308045893907547, "model.layers.6.post_attention_layernorm.weight": 0.0010855207219719887, "model.layers.7.self_attn.q_proj.weight": 0.048968356102705, "model.layers.7.self_attn.k_proj.weight": 0.023897362872958183, "model.layers.7.self_attn.v_proj.weight": 0.024201078340411186, "model.layers.7.self_attn.o_proj.weight": 0.050184108316898346, "model.layers.7.mlp.gate_proj.weight": 0.10160458087921143, "model.layers.7.mlp.up_proj.weight": 0.10085704922676086, "model.layers.7.mlp.down_proj.weight": 0.1024382933974266, "model.layers.7.input_layernorm.weight": 0.001035356312058866, "model.layers.7.post_attention_layernorm.weight": 0.0011071671033278108, "model.layers.8.self_attn.q_proj.weight": 0.04988313093781471, "model.layers.8.self_attn.k_proj.weight": 0.024496939033269882, "model.layers.8.self_attn.v_proj.weight": 0.024941425770521164, "model.layers.8.self_attn.o_proj.weight": 0.0510190948843956, "model.layers.8.mlp.gate_proj.weight": 0.10431268811225891, "model.layers.8.mlp.up_proj.weight": 0.10353484749794006, "model.layers.8.mlp.down_proj.weight": 0.10481227189302444, "model.layers.8.input_layernorm.weight": 0.0010765305487439036, "model.layers.8.post_attention_layernorm.weight": 0.0011373715242370963, "model.layers.9.self_attn.q_proj.weight": 0.0521303229033947, "model.layers.9.self_attn.k_proj.weight": 0.025277525186538696, "model.layers.9.self_attn.v_proj.weight": 0.02594234049320221, "model.layers.9.self_attn.o_proj.weight": 0.05288481339812279, "model.layers.9.mlp.gate_proj.weight": 0.10680116713047028, "model.layers.9.mlp.up_proj.weight": 0.10620498657226562, "model.layers.9.mlp.down_proj.weight": 0.10696889460086823, "model.layers.9.input_layernorm.weight": 0.001105603645555675, "model.layers.9.post_attention_layernorm.weight": 0.0011599137214943767, "model.layers.10.self_attn.q_proj.weight": 0.05378418043255806, "model.layers.10.self_attn.k_proj.weight": 0.026701809838414192, "model.layers.10.self_attn.v_proj.weight": 0.026505321264266968, "model.layers.10.self_attn.o_proj.weight": 0.05401601269841194, "model.layers.10.mlp.gate_proj.weight": 0.10608770698308945, "model.layers.10.mlp.up_proj.weight": 0.10703261941671371, "model.layers.10.mlp.down_proj.weight": 0.1072104424238205, "model.layers.10.input_layernorm.weight": 0.0011612538946792483, "model.layers.10.post_attention_layernorm.weight": 0.00117799814324826, "model.layers.11.self_attn.q_proj.weight": 0.05302325636148453, "model.layers.11.self_attn.k_proj.weight": 0.02653493732213974, "model.layers.11.self_attn.v_proj.weight": 0.027380531653761864, "model.layers.11.self_attn.o_proj.weight": 0.054731547832489014, "model.layers.11.mlp.gate_proj.weight": 0.10639982670545578, "model.layers.11.mlp.up_proj.weight": 0.10796871036291122, "model.layers.11.mlp.down_proj.weight": 0.10836149752140045, "model.layers.11.input_layernorm.weight": 0.0011323117651045322, "model.layers.11.post_attention_layernorm.weight": 0.0011762249050661922, "model.layers.12.self_attn.q_proj.weight": 0.05453517287969589, "model.layers.12.self_attn.k_proj.weight": 0.02655426412820816, "model.layers.12.self_attn.v_proj.weight": 0.027496948838233948, "model.layers.12.self_attn.o_proj.weight": 0.055816665291786194, "model.layers.12.mlp.gate_proj.weight": 0.10683517903089523, "model.layers.12.mlp.up_proj.weight": 0.10759372264146805, "model.layers.12.mlp.down_proj.weight": 0.10818227380514145, "model.layers.12.input_layernorm.weight": 0.001204114523716271, "model.layers.12.post_attention_layernorm.weight": 0.001167727867141366, "model.layers.13.self_attn.q_proj.weight": 0.05389188975095749, "model.layers.13.self_attn.k_proj.weight": 0.026740331202745438, "model.layers.13.self_attn.v_proj.weight": 0.027920059859752655, "model.layers.13.self_attn.o_proj.weight": 0.05601825192570686, "model.layers.13.mlp.gate_proj.weight": 0.1081763431429863, "model.layers.13.mlp.up_proj.weight": 0.10849996656179428, "model.layers.13.mlp.down_proj.weight": 0.10981065034866333,