{"total_norm": 7.275938510894775, "target_norm": 0.9580162763595581, "param2norm_diff": {"model.embed_tokens.weight": 0.15315726399421692, "model.layers.0.self_attn.q_proj.weight": 0.04346694052219391, "model.layers.0.self_attn.k_proj.weight": 0.022728299722075462, "model.layers.0.self_attn.v_proj.weight": 0.022507743909955025, "model.layers.0.self_attn.o_proj.weight": 0.044763337820768356, "model.layers.0.mlp.gate_proj.weight": 0.09018146991729736, "model.layers.0.mlp.up_proj.weight": 0.09026941657066345, "model.layers.0.mlp.down_proj.weight": 0.09008713811635971, "model.layers.0.input_layernorm.weight": 0.0010031639831140637, "model.layers.0.post_attention_layernorm.weight": 0.0009885471081361175, "model.layers.1.self_attn.q_proj.weight": 0.046179626137018204, "model.layers.1.self_attn.k_proj.weight": 0.023530974984169006, "model.layers.1.self_attn.v_proj.weight": 0.022925181314349174, "model.layers.1.self_attn.o_proj.weight": 0.04601852223277092, "model.layers.1.mlp.gate_proj.weight": 0.09013605117797852, "model.layers.1.mlp.up_proj.weight": 0.09002522379159927, "model.layers.1.mlp.down_proj.weight": 0.09021338820457458, "model.layers.1.input_layernorm.weight": 0.0009911138331517577, "model.layers.1.post_attention_layernorm.weight": 0.0009979025926440954, "model.layers.2.self_attn.q_proj.weight": 0.04539615288376808, "model.layers.2.self_attn.k_proj.weight": 0.022529423236846924, "model.layers.2.self_attn.v_proj.weight": 0.022861992940306664, "model.layers.2.self_attn.o_proj.weight": 0.04731764644384384, "model.layers.2.mlp.gate_proj.weight": 0.09214139729738235, "model.layers.2.mlp.up_proj.weight": 0.09218502789735794, "model.layers.2.mlp.down_proj.weight": 0.09321343153715134, "model.layers.2.input_layernorm.weight": 0.0009659508941695094, "model.layers.2.post_attention_layernorm.weight": 0.0009929417865350842, "model.layers.3.self_attn.q_proj.weight": 0.046601057052612305, "model.layers.3.self_attn.k_proj.weight": 0.02173258364200592, "model.layers.3.self_attn.v_proj.weight": 0.02320672757923603, "model.layers.3.self_attn.o_proj.weight": 0.047597892582416534, "model.layers.3.mlp.gate_proj.weight": 0.09439410269260406, "model.layers.3.mlp.up_proj.weight": 0.09502369910478592, "model.layers.3.mlp.down_proj.weight": 0.0958099514245987, "model.layers.3.input_layernorm.weight": 0.00097769929561764, "model.layers.3.post_attention_layernorm.weight": 0.001039000228047371, "model.layers.4.self_attn.q_proj.weight": 0.047349963337183, "model.layers.4.self_attn.k_proj.weight": 0.02279800921678543, "model.layers.4.self_attn.v_proj.weight": 0.023716330528259277, "model.layers.4.self_attn.o_proj.weight": 0.04794595390558243, "model.layers.4.mlp.gate_proj.weight": 0.09475811570882797, "model.layers.4.mlp.up_proj.weight": 0.09550638496875763, "model.layers.4.mlp.down_proj.weight": 0.09588988870382309, "model.layers.4.input_layernorm.weight": 0.0010267064208164811, "model.layers.4.post_attention_layernorm.weight": 0.001039729337207973, "model.layers.5.self_attn.q_proj.weight": 0.04721442982554436, "model.layers.5.self_attn.k_proj.weight": 0.02356339804828167, "model.layers.5.self_attn.v_proj.weight": 0.024069834500551224, "model.layers.5.self_attn.o_proj.weight": 0.048672888427972794, "model.layers.5.mlp.gate_proj.weight": 0.09572254866361618, "model.layers.5.mlp.up_proj.weight": 0.09652487933635712, "model.layers.5.mlp.down_proj.weight": 0.09689249843358994, "model.layers.5.input_layernorm.weight": 0.0010279404232278466, "model.layers.5.post_attention_layernorm.weight": 0.0010609006276354194, "model.layers.6.self_attn.q_proj.weight": 0.04784086346626282, "model.layers.6.self_attn.k_proj.weight": 0.023793913424015045, "model.layers.6.self_attn.v_proj.weight": 0.02383933588862419, "model.layers.6.self_attn.o_proj.weight": 0.048963308334350586, "model.layers.6.mlp.gate_proj.weight": 0.09643413871526718, "model.layers.6.mlp.up_proj.weight": 0.09713242948055267, "model.layers.6.mlp.down_proj.weight": 0.09803737699985504, "model.layers.6.input_layernorm.weight": 0.0010646798182278872, "model.layers.6.post_attention_layernorm.weight": 0.001066708704456687, "model.layers.7.self_attn.q_proj.weight": 0.047079503536224365, "model.layers.7.self_attn.k_proj.weight": 0.02343173511326313, "model.layers.7.self_attn.v_proj.weight": 0.024248573929071426, "model.layers.7.self_attn.o_proj.weight": 0.04931522533297539, "model.layers.7.mlp.gate_proj.weight": 0.09787297248840332, "model.layers.7.mlp.up_proj.weight": 0.09865730255842209, "model.layers.7.mlp.down_proj.weight": 0.099607914686203, "model.layers.7.input_layernorm.weight": 0.0010301456786692142, "model.layers.7.post_attention_layernorm.weight": 0.0010915857274085283, "model.layers.8.self_attn.q_proj.weight": 0.04906754195690155, "model.layers.8.self_attn.k_proj.weight": 0.024601470679044724, "model.layers.8.self_attn.v_proj.weight": 0.02477526105940342, "model.layers.8.self_attn.o_proj.weight": 0.050020504742860794, "model.layers.8.mlp.gate_proj.weight": 0.09915855526924133, "model.layers.8.mlp.up_proj.weight": 0.09987672418355942, "model.layers.8.mlp.down_proj.weight": 0.10090711712837219, "model.layers.8.input_layernorm.weight": 0.001095669693313539, "model.layers.8.post_attention_layernorm.weight": 0.001117033651098609, "model.layers.9.self_attn.q_proj.weight": 0.04860413819551468, "model.layers.9.self_attn.k_proj.weight": 0.024364134296774864, "model.layers.9.self_attn.v_proj.weight": 0.024870669469237328, "model.layers.9.self_attn.o_proj.weight": 0.0501541793346405, "model.layers.9.mlp.gate_proj.weight": 0.09993880987167358, "model.layers.9.mlp.up_proj.weight": 0.1004623994231224, "model.layers.9.mlp.down_proj.weight": 0.10161899775266647, "model.layers.9.input_layernorm.weight": 0.0010972433956339955, "model.layers.9.post_attention_layernorm.weight": 0.0011014975607395172, "model.layers.10.self_attn.q_proj.weight": 0.04929618909955025, "model.layers.10.self_attn.k_proj.weight": 0.024498896673321724, "model.layers.10.self_attn.v_proj.weight": 0.025181317701935768, "model.layers.10.self_attn.o_proj.weight": 0.0506853386759758, "model.layers.10.mlp.gate_proj.weight": 0.10063503682613373, "model.layers.10.mlp.up_proj.weight": 0.10144366323947906, "model.layers.10.mlp.down_proj.weight": 0.10206546634435654, "model.layers.10.input_layernorm.weight": 0.0010983087122440338, "model.layers.10.post_attention_layernorm.weight": 0.0011159039568156004, "model.layers.11.self_attn.q_proj.weight": 0.05028686672449112, "model.layers.11.self_attn.k_proj.weight": 0.024759698659181595, "model.layers.11.self_attn.v_proj.weight": 0.025216680020093918, "model.layers.11.self_attn.o_proj.weight": 0.05172381550073624, "model.layers.11.mlp.gate_proj.weight": 0.10117202997207642, "model.layers.11.mlp.up_proj.weight": 0.10226621478796005, "model.layers.11.mlp.down_proj.weight": 0.10275015980005264, "model.layers.11.input_layernorm.weight": 0.001087527722120285, "model.layers.11.post_attention_layernorm.weight": 0.0011077397502958775, "model.layers.12.self_attn.q_proj.weight": 0.051021166145801544, "model.layers.12.self_attn.k_proj.weight": 0.025542981922626495, "model.layers.12.self_attn.v_proj.weight": 0.025679249316453934, "model.layers.12.self_attn.o_proj.weight": 0.051613952964544296, "model.layers.12.mlp.gate_proj.weight": 0.10213302075862885, "model.layers.12.mlp.up_proj.weight": 0.10233234614133835, "model.layers.12.mlp.down_proj.weight": 0.10320426523685455, "model.layers.12.input_layernorm.weight": 0.001093802391551435, "model.layers.12.post_attention_layernorm.weight": 0.0011274568969383836, "model.layers.13.self_attn.q_proj.weight": 0.04996408522129059, "model.layers.13.self_attn.k_proj.weight": 0.025205999612808228, "model.layers.13.self_attn.v_proj.weight": 0.02616841532289982, "model.layers.13.self_attn.o_proj.weight": 0.05158897861838341, "model.layers.13.mlp.gate_proj.weight": 0.10365048795938492, "model.layers.13.mlp.up_proj.weight": 0.10404323041439056, "model.layers.13.mlp.down_proj.weight": 0.10500679910182953,