{"total_norm": 7.368446350097656, "target_norm": 0.9723387956619263, "param2norm_diff": {"model.embed_tokens.weight": 0.17832784354686737, "model.layers.0.self_attn.q_proj.weight": 0.04433942958712578, "model.layers.0.self_attn.k_proj.weight": 0.023286838084459305, "model.layers.0.self_attn.v_proj.weight": 0.022736800834536552, "model.layers.0.self_attn.o_proj.weight": 0.04545920714735985, "model.layers.0.mlp.gate_proj.weight": 0.08947904407978058, "model.layers.0.mlp.up_proj.weight": 0.08920645713806152, "model.layers.0.mlp.down_proj.weight": 0.08922140300273895, "model.layers.0.input_layernorm.weight": 0.0010061557404696941, "model.layers.0.post_attention_layernorm.weight": 0.0009892421076074243, "model.layers.1.self_attn.q_proj.weight": 0.04426392540335655, "model.layers.1.self_attn.k_proj.weight": 0.02146351896226406, "model.layers.1.self_attn.v_proj.weight": 0.022643720731139183, "model.layers.1.self_attn.o_proj.weight": 0.045708734542131424, "model.layers.1.mlp.gate_proj.weight": 0.09020747989416122, "model.layers.1.mlp.up_proj.weight": 0.09032155573368073, "model.layers.1.mlp.down_proj.weight": 0.0907849594950676, "model.layers.1.input_layernorm.weight": 0.0009619095362722874, "model.layers.1.post_attention_layernorm.weight": 0.0009929355001077056, "model.layers.2.self_attn.q_proj.weight": 0.04660200700163841, "model.layers.2.self_attn.k_proj.weight": 0.022961638867855072, "model.layers.2.self_attn.v_proj.weight": 0.022830212488770485, "model.layers.2.self_attn.o_proj.weight": 0.04661646857857704, "model.layers.2.mlp.gate_proj.weight": 0.09167538583278656, "model.layers.2.mlp.up_proj.weight": 0.0917004644870758, "model.layers.2.mlp.down_proj.weight": 0.09250648319721222, "model.layers.2.input_layernorm.weight": 0.0010027511743828654, "model.layers.2.post_attention_layernorm.weight": 0.0010039176559075713, "model.layers.3.self_attn.q_proj.weight": 0.04654516652226448, "model.layers.3.self_attn.k_proj.weight": 0.02309141680598259, "model.layers.3.self_attn.v_proj.weight": 0.022855039685964584, "model.layers.3.self_attn.o_proj.weight": 0.04654432460665703, "model.layers.3.mlp.gate_proj.weight": 0.09383351355791092, "model.layers.3.mlp.up_proj.weight": 0.09320218116044998, "model.layers.3.mlp.down_proj.weight": 0.09402099251747131, "model.layers.3.input_layernorm.weight": 0.0010060095228254795, "model.layers.3.post_attention_layernorm.weight": 0.0010065521346405149, "model.layers.4.self_attn.q_proj.weight": 0.04644740745425224, "model.layers.4.self_attn.k_proj.weight": 0.022980784997344017, "model.layers.4.self_attn.v_proj.weight": 0.023076806217432022, "model.layers.4.self_attn.o_proj.weight": 0.04672154411673546, "model.layers.4.mlp.gate_proj.weight": 0.09501923620700836, "model.layers.4.mlp.up_proj.weight": 0.09477430582046509, "model.layers.4.mlp.down_proj.weight": 0.09564614295959473, "model.layers.4.input_layernorm.weight": 0.0009958758018910885, "model.layers.4.post_attention_layernorm.weight": 0.0010244156001135707, "model.layers.5.self_attn.q_proj.weight": 0.047761254012584686, "model.layers.5.self_attn.k_proj.weight": 0.02372799627482891, "model.layers.5.self_attn.v_proj.weight": 0.02366044744849205, "model.layers.5.self_attn.o_proj.weight": 0.047753751277923584, "model.layers.5.mlp.gate_proj.weight": 0.09678244590759277, "model.layers.5.mlp.up_proj.weight": 0.09667821228504181, "model.layers.5.mlp.down_proj.weight": 0.09751185774803162, "model.layers.5.input_layernorm.weight": 0.0010440043406561017, "model.layers.5.post_attention_layernorm.weight": 0.0010629300959408283, "model.layers.6.self_attn.q_proj.weight": 0.04774912819266319, "model.layers.6.self_attn.k_proj.weight": 0.023586098104715347, "model.layers.6.self_attn.v_proj.weight": 0.02381996251642704, "model.layers.6.self_attn.o_proj.weight": 0.048695750534534454, "model.layers.6.mlp.gate_proj.weight": 0.09851739555597305, "model.layers.6.mlp.up_proj.weight": 0.09887122362852097, "model.layers.6.mlp.down_proj.weight": 0.09939925372600555, "model.layers.6.input_layernorm.weight": 0.0010169435990974307, "model.layers.6.post_attention_layernorm.weight": 0.001083484385162592, "model.layers.7.self_attn.q_proj.weight": 0.048032619059085846, "model.layers.7.self_attn.k_proj.weight": 0.023735396564006805, "model.layers.7.self_attn.v_proj.weight": 0.02433411218225956, "model.layers.7.self_attn.o_proj.weight": 0.049639567732810974, "model.layers.7.mlp.gate_proj.weight": 0.09995665401220322, "model.layers.7.mlp.up_proj.weight": 0.0999867171049118, "model.layers.7.mlp.down_proj.weight": 0.10081636160612106, "model.layers.7.input_layernorm.weight": 0.0010664515430107713, "model.layers.7.post_attention_layernorm.weight": 0.0010987961431965232, "model.layers.8.self_attn.q_proj.weight": 0.049159079790115356, "model.layers.8.self_attn.k_proj.weight": 0.024656392633914948, "model.layers.8.self_attn.v_proj.weight": 0.024602456018328667, "model.layers.8.self_attn.o_proj.weight": 0.050555676221847534, "model.layers.8.mlp.gate_proj.weight": 0.1017126739025116, "model.layers.8.mlp.up_proj.weight": 0.10230801999568939, "model.layers.8.mlp.down_proj.weight": 0.10310324281454086, "model.layers.8.input_layernorm.weight": 0.0010741644073277712, "model.layers.8.post_attention_layernorm.weight": 0.001117232139222324, "model.layers.9.self_attn.q_proj.weight": 0.05070952698588371, "model.layers.9.self_attn.k_proj.weight": 0.025297941640019417, "model.layers.9.self_attn.v_proj.weight": 0.025598494336009026, "model.layers.9.self_attn.o_proj.weight": 0.05175776034593582, "model.layers.9.mlp.gate_proj.weight": 0.10324042290449142, "model.layers.9.mlp.up_proj.weight": 0.10438727587461472, "model.layers.9.mlp.down_proj.weight": 0.10486706346273422, "model.layers.9.input_layernorm.weight": 0.0011154672829434276, "model.layers.9.post_attention_layernorm.weight": 0.0011306211818009615, "model.layers.10.self_attn.q_proj.weight": 0.0516035221517086, "model.layers.10.self_attn.k_proj.weight": 0.02488713525235653, "model.layers.10.self_attn.v_proj.weight": 0.025844894349575043, "model.layers.10.self_attn.o_proj.weight": 0.0529065802693367, "model.layers.10.mlp.gate_proj.weight": 0.10297716408967972, "model.layers.10.mlp.up_proj.weight": 0.10478172451257706, "model.layers.10.mlp.down_proj.weight": 0.10505253821611404, "model.layers.10.input_layernorm.weight": 0.0011086417362093925, "model.layers.10.post_attention_layernorm.weight": 0.0011441532988101244, "model.layers.11.self_attn.q_proj.weight": 0.05189220607280731, "model.layers.11.self_attn.k_proj.weight": 0.024836253374814987, "model.layers.11.self_attn.v_proj.weight": 0.026634352281689644, "model.layers.11.self_attn.o_proj.weight": 0.053530074656009674, "model.layers.11.mlp.gate_proj.weight": 0.1030225157737732, "model.layers.11.mlp.up_proj.weight": 0.10512115061283112, "model.layers.11.mlp.down_proj.weight": 0.10575157403945923, "model.layers.11.input_layernorm.weight": 0.0011185925686731935, "model.layers.11.post_attention_layernorm.weight": 0.0011502874549478292, "model.layers.12.self_attn.q_proj.weight": 0.051337629556655884, "model.layers.12.self_attn.k_proj.weight": 0.02485077641904354, "model.layers.12.self_attn.v_proj.weight": 0.026520585641264915, "model.layers.12.self_attn.o_proj.weight": 0.052311062812805176, "model.layers.12.mlp.gate_proj.weight": 0.10369879752397537, "model.layers.12.mlp.up_proj.weight": 0.10447829961776733, "model.layers.12.mlp.down_proj.weight": 0.10506486147642136, "model.layers.12.input_layernorm.weight": 0.001150839147157967, "model.layers.12.post_attention_layernorm.weight": 0.0011522781569510698, "model.layers.13.self_attn.q_proj.weight": 0.05021744593977928, "model.layers.13.self_attn.k_proj.weight": 0.02471693605184555, "model.layers.13.self_attn.v_proj.weight": 0.026676006615161896, "model.layers.13.self_attn.o_proj.weight": 0.05263109877705574, "model.layers.13.mlp.gate_proj.weight": 0.10501972585916519, "model.layers.13.mlp.up_proj.weight": 0.10557762533426285, "model.layers.13.mlp.down_proj.weight": 0.10659852623939514,