{"total_norm": 7.156895160675049, "target_norm": 0.9591618180274963, "param2norm_diff": {"model.embed_tokens.weight": 0.15222637355327606, "model.layers.0.self_attn.q_proj.weight": 0.04314805939793587, "model.layers.0.self_attn.k_proj.weight": 0.02266787923872471, "model.layers.0.self_attn.v_proj.weight": 0.022698797285556793, "model.layers.0.self_attn.o_proj.weight": 0.045296307653188705, "model.layers.0.mlp.gate_proj.weight": 0.08999565243721008, "model.layers.0.mlp.up_proj.weight": 0.09034275263547897, "model.layers.0.mlp.down_proj.weight": 0.09038002043962479, "model.layers.0.input_layernorm.weight": 0.0009806783637031913, "model.layers.0.post_attention_layernorm.weight": 0.0009925675112754107, "model.layers.1.self_attn.q_proj.weight": 0.044719062745571136, "model.layers.1.self_attn.k_proj.weight": 0.022136438637971878, "model.layers.1.self_attn.v_proj.weight": 0.022349264472723007, "model.layers.1.self_attn.o_proj.weight": 0.045381058007478714, "model.layers.1.mlp.gate_proj.weight": 0.08899784088134766, "model.layers.1.mlp.up_proj.weight": 0.08956314623355865, "model.layers.1.mlp.down_proj.weight": 0.08914422988891602, "model.layers.1.input_layernorm.weight": 0.0009978165617212653, "model.layers.1.post_attention_layernorm.weight": 0.00098219676874578, "model.layers.2.self_attn.q_proj.weight": 0.04215843230485916, "model.layers.2.self_attn.k_proj.weight": 0.020089609548449516, "model.layers.2.self_attn.v_proj.weight": 0.022077688947319984, "model.layers.2.self_attn.o_proj.weight": 0.04508274421095848, "model.layers.2.mlp.gate_proj.weight": 0.08882323652505875, "model.layers.2.mlp.up_proj.weight": 0.0886421799659729, "model.layers.2.mlp.down_proj.weight": 0.0896349623799324, "model.layers.2.input_layernorm.weight": 0.0009732206235639751, "model.layers.2.post_attention_layernorm.weight": 0.0009665973484516144, "model.layers.3.self_attn.q_proj.weight": 0.043059490621089935, "model.layers.3.self_attn.k_proj.weight": 0.022145628929138184, "model.layers.3.self_attn.v_proj.weight": 0.022586965933442116, "model.layers.3.self_attn.o_proj.weight": 0.044641800224781036, "model.layers.3.mlp.gate_proj.weight": 0.09135189652442932, "model.layers.3.mlp.up_proj.weight": 0.09135742485523224, "model.layers.3.mlp.down_proj.weight": 0.09220472723245621, "model.layers.3.input_layernorm.weight": 0.0009348064195364714, "model.layers.3.post_attention_layernorm.weight": 0.0009891623631119728, "model.layers.4.self_attn.q_proj.weight": 0.045220423489809036, "model.layers.4.self_attn.k_proj.weight": 0.02268192730844021, "model.layers.4.self_attn.v_proj.weight": 0.02289685606956482, "model.layers.4.self_attn.o_proj.weight": 0.04576863348484039, "model.layers.4.mlp.gate_proj.weight": 0.09313160181045532, "model.layers.4.mlp.up_proj.weight": 0.09313204139471054, "model.layers.4.mlp.down_proj.weight": 0.09352236986160278, "model.layers.4.input_layernorm.weight": 0.001017542090266943, "model.layers.4.post_attention_layernorm.weight": 0.0010154227493330836, "model.layers.5.self_attn.q_proj.weight": 0.04487091675400734, "model.layers.5.self_attn.k_proj.weight": 0.02214292623102665, "model.layers.5.self_attn.v_proj.weight": 0.023022878915071487, "model.layers.5.self_attn.o_proj.weight": 0.045958541333675385, "model.layers.5.mlp.gate_proj.weight": 0.09554293006658554, "model.layers.5.mlp.up_proj.weight": 0.09537980705499649, "model.layers.5.mlp.down_proj.weight": 0.09603852033615112, "model.layers.5.input_layernorm.weight": 0.0009538585436530411, "model.layers.5.post_attention_layernorm.weight": 0.0010067146504297853, "model.layers.6.self_attn.q_proj.weight": 0.04746713116765022, "model.layers.6.self_attn.k_proj.weight": 0.023412715643644333, "model.layers.6.self_attn.v_proj.weight": 0.0237982589751482, "model.layers.6.self_attn.o_proj.weight": 0.0481092631816864, "model.layers.6.mlp.gate_proj.weight": 0.09581022709608078, "model.layers.6.mlp.up_proj.weight": 0.09584410488605499, "model.layers.6.mlp.down_proj.weight": 0.09655441343784332, "model.layers.6.input_layernorm.weight": 0.0010316786356270313, "model.layers.6.post_attention_layernorm.weight": 0.0010572300525382161, "model.layers.7.self_attn.q_proj.weight": 0.047560736536979675, "model.layers.7.self_attn.k_proj.weight": 0.02393345721065998, "model.layers.7.self_attn.v_proj.weight": 0.02371066063642502, "model.layers.7.self_attn.o_proj.weight": 0.04836472123861313, "model.layers.7.mlp.gate_proj.weight": 0.09620174020528793, "model.layers.7.mlp.up_proj.weight": 0.09559564292430878, "model.layers.7.mlp.down_proj.weight": 0.09654788672924042, "model.layers.7.input_layernorm.weight": 0.0010455410229042172, "model.layers.7.post_attention_layernorm.weight": 0.001062168856151402, "model.layers.8.self_attn.q_proj.weight": 0.047413814812898636, "model.layers.8.self_attn.k_proj.weight": 0.02271563746035099, "model.layers.8.self_attn.v_proj.weight": 0.024010881781578064, "model.layers.8.self_attn.o_proj.weight": 0.0489974319934845, "model.layers.8.mlp.gate_proj.weight": 0.09726980328559875, "model.layers.8.mlp.up_proj.weight": 0.09728813171386719, "model.layers.8.mlp.down_proj.weight": 0.09799499809741974, "model.layers.8.input_layernorm.weight": 0.0010456956224516034, "model.layers.8.post_attention_layernorm.weight": 0.0010737712727859616, "model.layers.9.self_attn.q_proj.weight": 0.048187483102083206, "model.layers.9.self_attn.k_proj.weight": 0.02401088736951351, "model.layers.9.self_attn.v_proj.weight": 0.024228233844041824, "model.layers.9.self_attn.o_proj.weight": 0.049387190490961075, "model.layers.9.mlp.gate_proj.weight": 0.09823840111494064, "model.layers.9.mlp.up_proj.weight": 0.0986143946647644, "model.layers.9.mlp.down_proj.weight": 0.09962249547243118, "model.layers.9.input_layernorm.weight": 0.0010507795959711075, "model.layers.9.post_attention_layernorm.weight": 0.0010915009770542383, "model.layers.10.self_attn.q_proj.weight": 0.049339815974235535, "model.layers.10.self_attn.k_proj.weight": 0.024499578401446342, "model.layers.10.self_attn.v_proj.weight": 0.024294143542647362, "model.layers.10.self_attn.o_proj.weight": 0.04994577169418335, "model.layers.10.mlp.gate_proj.weight": 0.09888128936290741, "model.layers.10.mlp.up_proj.weight": 0.09963249415159225, "model.layers.10.mlp.down_proj.weight": 0.10020052641630173, "model.layers.10.input_layernorm.weight": 0.001066736993379891, "model.layers.10.post_attention_layernorm.weight": 0.0010666182497516274, "model.layers.11.self_attn.q_proj.weight": 0.04834412410855293, "model.layers.11.self_attn.k_proj.weight": 0.023405425250530243, "model.layers.11.self_attn.v_proj.weight": 0.02441387064754963, "model.layers.11.self_attn.o_proj.weight": 0.050120554864406586, "model.layers.11.mlp.gate_proj.weight": 0.10049080103635788, "model.layers.11.mlp.up_proj.weight": 0.10143526643514633, "model.layers.11.mlp.down_proj.weight": 0.10196196287870407, "model.layers.11.input_layernorm.weight": 0.0010374517878517509, "model.layers.11.post_attention_layernorm.weight": 0.0011012646136805415, "model.layers.12.self_attn.q_proj.weight": 0.04936821013689041, "model.layers.12.self_attn.k_proj.weight": 0.02456248179078102, "model.layers.12.self_attn.v_proj.weight": 0.025929870083928108, "model.layers.12.self_attn.o_proj.weight": 0.05182503163814545, "model.layers.12.mlp.gate_proj.weight": 0.10151610523462296, "model.layers.12.mlp.up_proj.weight": 0.10181621462106705, "model.layers.12.mlp.down_proj.weight": 0.10267265141010284, "model.layers.12.input_layernorm.weight": 0.0011462850961834192, "model.layers.12.post_attention_layernorm.weight": 0.0011195947881788015, "model.layers.13.self_attn.q_proj.weight": 0.04939328506588936, "model.layers.13.self_attn.k_proj.weight": 0.024799389764666557, "model.layers.13.self_attn.v_proj.weight": 0.025676313787698746, "model.layers.13.self_attn.o_proj.weight": 0.051678188145160675, "model.layers.13.mlp.gate_proj.weight": 0.10340544581413269, "model.layers.13.mlp.up_proj.weight": 0.10347875207662582, "model.layers.13.mlp.down_proj.weight": 0.10433918982744217,