{"total_norm": 7.838397979736328, "target_norm": 1.027590036392212, "param2norm_diff": {"model.embed_tokens.weight": 0.20532837510108948, "model.layers.0.self_attn.q_proj.weight": 0.0472075454890728, "model.layers.0.self_attn.k_proj.weight": 0.023396680131554604, "model.layers.0.self_attn.v_proj.weight": 0.023689275607466698, "model.layers.0.self_attn.o_proj.weight": 0.048354290425777435, "model.layers.0.mlp.gate_proj.weight": 0.09628888964653015, "model.layers.0.mlp.up_proj.weight": 0.09620661288499832, "model.layers.0.mlp.down_proj.weight": 0.0956072062253952, "model.layers.0.input_layernorm.weight": 0.0010659167310222983, "model.layers.0.post_attention_layernorm.weight": 0.0010707163019105792, "model.layers.1.self_attn.q_proj.weight": 0.04885933920741081, "model.layers.1.self_attn.k_proj.weight": 0.024913767352700233, "model.layers.1.self_attn.v_proj.weight": 0.024146543815732002, "model.layers.1.self_attn.o_proj.weight": 0.04937709867954254, "model.layers.1.mlp.gate_proj.weight": 0.09544695168733597, "model.layers.1.mlp.up_proj.weight": 0.09530497342348099, "model.layers.1.mlp.down_proj.weight": 0.09537715464830399, "model.layers.1.input_layernorm.weight": 0.0011079638497903943, "model.layers.1.post_attention_layernorm.weight": 0.001039145514369011, "model.layers.2.self_attn.q_proj.weight": 0.05109792202711105, "model.layers.2.self_attn.k_proj.weight": 0.02449956350028515, "model.layers.2.self_attn.v_proj.weight": 0.024441229179501534, "model.layers.2.self_attn.o_proj.weight": 0.049965664744377136, "model.layers.2.mlp.gate_proj.weight": 0.09553150832653046, "model.layers.2.mlp.up_proj.weight": 0.0956992581486702, "model.layers.2.mlp.down_proj.weight": 0.09643424302339554, "model.layers.2.input_layernorm.weight": 0.0010954114841297269, "model.layers.2.post_attention_layernorm.weight": 0.0010442733764648438, "model.layers.3.self_attn.q_proj.weight": 0.04884741082787514, "model.layers.3.self_attn.k_proj.weight": 0.023722058162093163, "model.layers.3.self_attn.v_proj.weight": 0.024386772885918617, "model.layers.3.self_attn.o_proj.weight": 0.04950665682554245, "model.layers.3.mlp.gate_proj.weight": 0.09905919432640076, "model.layers.3.mlp.up_proj.weight": 0.09865856915712357, "model.layers.3.mlp.down_proj.weight": 0.10028896480798721, "model.layers.3.input_layernorm.weight": 0.0010576964123174548, "model.layers.3.post_attention_layernorm.weight": 0.0010619659442454576, "model.layers.4.self_attn.q_proj.weight": 0.05081310123205185, "model.layers.4.self_attn.k_proj.weight": 0.024656374007463455, "model.layers.4.self_attn.v_proj.weight": 0.024651749059557915, "model.layers.4.self_attn.o_proj.weight": 0.04972223937511444, "model.layers.4.mlp.gate_proj.weight": 0.10227867215871811, "model.layers.4.mlp.up_proj.weight": 0.10115614533424377, "model.layers.4.mlp.down_proj.weight": 0.10163264721632004, "model.layers.4.input_layernorm.weight": 0.0011112235952168703, "model.layers.4.post_attention_layernorm.weight": 0.0010987035930156708, "model.layers.5.self_attn.q_proj.weight": 0.05114506930112839, "model.layers.5.self_attn.k_proj.weight": 0.02518395334482193, "model.layers.5.self_attn.v_proj.weight": 0.025089528411626816, "model.layers.5.self_attn.o_proj.weight": 0.05074286460876465, "model.layers.5.mlp.gate_proj.weight": 0.1035415530204773, "model.layers.5.mlp.up_proj.weight": 0.10232958197593689, "model.layers.5.mlp.down_proj.weight": 0.10271134227514267, "model.layers.5.input_layernorm.weight": 0.0010856946464627981, "model.layers.5.post_attention_layernorm.weight": 0.0011231245007365942, "model.layers.6.self_attn.q_proj.weight": 0.050402332097291946, "model.layers.6.self_attn.k_proj.weight": 0.024889405816793442, "model.layers.6.self_attn.v_proj.weight": 0.02499946393072605, "model.layers.6.self_attn.o_proj.weight": 0.050826601684093475, "model.layers.6.mlp.gate_proj.weight": 0.10451225936412811, "model.layers.6.mlp.up_proj.weight": 0.10316220670938492, "model.layers.6.mlp.down_proj.weight": 0.10355335474014282, "model.layers.6.input_layernorm.weight": 0.0010903243673965335, "model.layers.6.post_attention_layernorm.weight": 0.0011286104563623667, "model.layers.7.self_attn.q_proj.weight": 0.051734745502471924, "model.layers.7.self_attn.k_proj.weight": 0.025697680190205574, "model.layers.7.self_attn.v_proj.weight": 0.02512766420841217, "model.layers.7.self_attn.o_proj.weight": 0.051526039838790894, "model.layers.7.mlp.gate_proj.weight": 0.10660279542207718, "model.layers.7.mlp.up_proj.weight": 0.10497559607028961, "model.layers.7.mlp.down_proj.weight": 0.10531863570213318, "model.layers.7.input_layernorm.weight": 0.0011198439169675112, "model.layers.7.post_attention_layernorm.weight": 0.0011354843154549599, "model.layers.8.self_attn.q_proj.weight": 0.052030567079782486, "model.layers.8.self_attn.k_proj.weight": 0.025962596759200096, "model.layers.8.self_attn.v_proj.weight": 0.02546749636530876, "model.layers.8.self_attn.o_proj.weight": 0.05233027786016464, "model.layers.8.mlp.gate_proj.weight": 0.10862206667661667, "model.layers.8.mlp.up_proj.weight": 0.10635993629693985, "model.layers.8.mlp.down_proj.weight": 0.10770200192928314, "model.layers.8.input_layernorm.weight": 0.0011009436566382647, "model.layers.8.post_attention_layernorm.weight": 0.0011430419981479645, "model.layers.9.self_attn.q_proj.weight": 0.05410507693886757, "model.layers.9.self_attn.k_proj.weight": 0.02641153708100319, "model.layers.9.self_attn.v_proj.weight": 0.026157325133681297, "model.layers.9.self_attn.o_proj.weight": 0.05390506610274315, "model.layers.9.mlp.gate_proj.weight": 0.11094077676534653, "model.layers.9.mlp.up_proj.weight": 0.10988200455904007, "model.layers.9.mlp.down_proj.weight": 0.11058510839939117, "model.layers.9.input_layernorm.weight": 0.0011440642410889268, "model.layers.9.post_attention_layernorm.weight": 0.0011853401083499193, "model.layers.10.self_attn.q_proj.weight": 0.0542081743478775, "model.layers.10.self_attn.k_proj.weight": 0.026733966544270515, "model.layers.10.self_attn.v_proj.weight": 0.027164258062839508, "model.layers.10.self_attn.o_proj.weight": 0.05539311468601227, "model.layers.10.mlp.gate_proj.weight": 0.10999175161123276, "model.layers.10.mlp.up_proj.weight": 0.11074184626340866, "model.layers.10.mlp.down_proj.weight": 0.11057261377573013, "model.layers.10.input_layernorm.weight": 0.001180635066702962, "model.layers.10.post_attention_layernorm.weight": 0.0011992099462077022, "model.layers.11.self_attn.q_proj.weight": 0.05529240146279335, "model.layers.11.self_attn.k_proj.weight": 0.02717607468366623, "model.layers.11.self_attn.v_proj.weight": 0.02772175520658493, "model.layers.11.self_attn.o_proj.weight": 0.0564800389111042, "model.layers.11.mlp.gate_proj.weight": 0.10992079973220825, "model.layers.11.mlp.up_proj.weight": 0.11132320761680603, "model.layers.11.mlp.down_proj.weight": 0.11115455627441406, "model.layers.11.input_layernorm.weight": 0.0012049509678035975, "model.layers.11.post_attention_layernorm.weight": 0.0012204151134938002, "model.layers.12.self_attn.q_proj.weight": 0.0552593469619751, "model.layers.12.self_attn.k_proj.weight": 0.02642045170068741, "model.layers.12.self_attn.v_proj.weight": 0.027716949582099915, "model.layers.12.self_attn.o_proj.weight": 0.05643192306160927, "model.layers.12.mlp.gate_proj.weight": 0.11085254698991776, "model.layers.12.mlp.up_proj.weight": 0.11144734919071198, "model.layers.12.mlp.down_proj.weight": 0.11170941591262817, "model.layers.12.input_layernorm.weight": 0.0011733510764315724, "model.layers.12.post_attention_layernorm.weight": 0.0012175077572464943, "model.layers.13.self_attn.q_proj.weight": 0.05541488155722618, "model.layers.13.self_attn.k_proj.weight": 0.027561070397496223, "model.layers.13.self_attn.v_proj.weight": 0.027998395264148712, "model.layers.13.self_attn.o_proj.weight": 0.05623408034443855, "model.layers.13.mlp.gate_proj.weight": 0.11205776035785675, "model.layers.13.mlp.up_proj.weight": 0.11219840496778488, "model.layers.13.mlp.down_proj.weight": 0.11285946518182755,