{"total_norm": 7.540439605712891, "target_norm": 0.9782835245132446, "param2norm_diff": {"model.embed_tokens.weight": 0.18313492834568024, "model.layers.0.self_attn.q_proj.weight": 0.046591270714998245, "model.layers.0.self_attn.k_proj.weight": 0.022901209071278572, "model.layers.0.self_attn.v_proj.weight": 0.023629723116755486, "model.layers.0.self_attn.o_proj.weight": 0.04766187444329262, "model.layers.0.mlp.gate_proj.weight": 0.09516730159521103, "model.layers.0.mlp.up_proj.weight": 0.09495049715042114, "model.layers.0.mlp.down_proj.weight": 0.09504908323287964, "model.layers.0.input_layernorm.weight": 0.0010543956886976957, "model.layers.0.post_attention_layernorm.weight": 0.0010407005902379751, "model.layers.1.self_attn.q_proj.weight": 0.04700213670730591, "model.layers.1.self_attn.k_proj.weight": 0.023024005815386772, "model.layers.1.self_attn.v_proj.weight": 0.02394751086831093, "model.layers.1.self_attn.o_proj.weight": 0.048101235181093216, "model.layers.1.mlp.gate_proj.weight": 0.09458345919847488, "model.layers.1.mlp.up_proj.weight": 0.09433385729789734, "model.layers.1.mlp.down_proj.weight": 0.09432794153690338, "model.layers.1.input_layernorm.weight": 0.001055842381902039, "model.layers.1.post_attention_layernorm.weight": 0.0010313917882740498, "model.layers.2.self_attn.q_proj.weight": 0.04839201644062996, "model.layers.2.self_attn.k_proj.weight": 0.024019738659262657, "model.layers.2.self_attn.v_proj.weight": 0.02390209771692753, "model.layers.2.self_attn.o_proj.weight": 0.04827386140823364, "model.layers.2.mlp.gate_proj.weight": 0.09523575752973557, "model.layers.2.mlp.up_proj.weight": 0.09553180634975433, "model.layers.2.mlp.down_proj.weight": 0.096175916492939, "model.layers.2.input_layernorm.weight": 0.0010335963452234864, "model.layers.2.post_attention_layernorm.weight": 0.0010335620027035475, "model.layers.3.self_attn.q_proj.weight": 0.047703392803668976, "model.layers.3.self_attn.k_proj.weight": 0.023864461109042168, "model.layers.3.self_attn.v_proj.weight": 0.024197295308113098, "model.layers.3.self_attn.o_proj.weight": 0.048522915691137314, "model.layers.3.mlp.gate_proj.weight": 0.09802877902984619, "model.layers.3.mlp.up_proj.weight": 0.09795242547988892, "model.layers.3.mlp.down_proj.weight": 0.09854540228843689, "model.layers.3.input_layernorm.weight": 0.0010444264626130462, "model.layers.3.post_attention_layernorm.weight": 0.0010589901357889175, "model.layers.4.self_attn.q_proj.weight": 0.04848049208521843, "model.layers.4.self_attn.k_proj.weight": 0.024580923840403557, "model.layers.4.self_attn.v_proj.weight": 0.024173162877559662, "model.layers.4.self_attn.o_proj.weight": 0.04826345667243004, "model.layers.4.mlp.gate_proj.weight": 0.09825412929058075, "model.layers.4.mlp.up_proj.weight": 0.09797100722789764, "model.layers.4.mlp.down_proj.weight": 0.0983944684267044, "model.layers.4.input_layernorm.weight": 0.0010694535449147224, "model.layers.4.post_attention_layernorm.weight": 0.0010847419034689665, "model.layers.5.self_attn.q_proj.weight": 0.04828772321343422, "model.layers.5.self_attn.k_proj.weight": 0.024729538708925247, "model.layers.5.self_attn.v_proj.weight": 0.02418327145278454, "model.layers.5.self_attn.o_proj.weight": 0.04881903901696205, "model.layers.5.mlp.gate_proj.weight": 0.09874192625284195, "model.layers.5.mlp.up_proj.weight": 0.09840568900108337, "model.layers.5.mlp.down_proj.weight": 0.09902652353048325, "model.layers.5.input_layernorm.weight": 0.0011066253064200282, "model.layers.5.post_attention_layernorm.weight": 0.0010896963067352772, "model.layers.6.self_attn.q_proj.weight": 0.048614103347063065, "model.layers.6.self_attn.k_proj.weight": 0.02433149144053459, "model.layers.6.self_attn.v_proj.weight": 0.02401783876121044, "model.layers.6.self_attn.o_proj.weight": 0.04870417341589928, "model.layers.6.mlp.gate_proj.weight": 0.09971128404140472, "model.layers.6.mlp.up_proj.weight": 0.099015973508358, "model.layers.6.mlp.down_proj.weight": 0.1000727191567421, "model.layers.6.input_layernorm.weight": 0.0010638958774507046, "model.layers.6.post_attention_layernorm.weight": 0.0011055894428864121, "model.layers.7.self_attn.q_proj.weight": 0.04907103627920151, "model.layers.7.self_attn.k_proj.weight": 0.02429352141916752, "model.layers.7.self_attn.v_proj.weight": 0.024118004366755486, "model.layers.7.self_attn.o_proj.weight": 0.04931521788239479, "model.layers.7.mlp.gate_proj.weight": 0.10136041790246964, "model.layers.7.mlp.up_proj.weight": 0.10066012293100357, "model.layers.7.mlp.down_proj.weight": 0.10164041817188263, "model.layers.7.input_layernorm.weight": 0.0010787280043587089, "model.layers.7.post_attention_layernorm.weight": 0.0011127219768241048, "model.layers.8.self_attn.q_proj.weight": 0.04997063800692558, "model.layers.8.self_attn.k_proj.weight": 0.024959895759820938, "model.layers.8.self_attn.v_proj.weight": 0.02447286993265152, "model.layers.8.self_attn.o_proj.weight": 0.050118207931518555, "model.layers.8.mlp.gate_proj.weight": 0.10312262177467346, "model.layers.8.mlp.up_proj.weight": 0.10195528715848923, "model.layers.8.mlp.down_proj.weight": 0.10341209918260574, "model.layers.8.input_layernorm.weight": 0.0010736536933109164, "model.layers.8.post_attention_layernorm.weight": 0.0011151466751471162, "model.layers.9.self_attn.q_proj.weight": 0.05101192742586136, "model.layers.9.self_attn.k_proj.weight": 0.025028174743056297, "model.layers.9.self_attn.v_proj.weight": 0.02525975927710533, "model.layers.9.self_attn.o_proj.weight": 0.05131132900714874, "model.layers.9.mlp.gate_proj.weight": 0.10490050911903381, "model.layers.9.mlp.up_proj.weight": 0.10406603664159775, "model.layers.9.mlp.down_proj.weight": 0.1052064374089241, "model.layers.9.input_layernorm.weight": 0.0010973585303872824, "model.layers.9.post_attention_layernorm.weight": 0.0011560467537492514, "model.layers.10.self_attn.q_proj.weight": 0.05159851163625717, "model.layers.10.self_attn.k_proj.weight": 0.025828909128904343, "model.layers.10.self_attn.v_proj.weight": 0.025601129978895187, "model.layers.10.self_attn.o_proj.weight": 0.05238092318177223, "model.layers.10.mlp.gate_proj.weight": 0.10492298007011414, "model.layers.10.mlp.up_proj.weight": 0.10563842207193375, "model.layers.10.mlp.down_proj.weight": 0.1062261238694191, "model.layers.10.input_layernorm.weight": 0.0011310044210404158, "model.layers.10.post_attention_layernorm.weight": 0.0011549816699698567, "model.layers.11.self_attn.q_proj.weight": 0.05269674211740494, "model.layers.11.self_attn.k_proj.weight": 0.02622082829475403, "model.layers.11.self_attn.v_proj.weight": 0.02630540542304516, "model.layers.11.self_attn.o_proj.weight": 0.053882211446762085, "model.layers.11.mlp.gate_proj.weight": 0.10477621108293533, "model.layers.11.mlp.up_proj.weight": 0.10664103180170059, "model.layers.11.mlp.down_proj.weight": 0.10683442652225494, "model.layers.11.input_layernorm.weight": 0.0011034280760213733, "model.layers.11.post_attention_layernorm.weight": 0.0011696235742419958, "model.layers.12.self_attn.q_proj.weight": 0.05340641736984253, "model.layers.12.self_attn.k_proj.weight": 0.026277076452970505, "model.layers.12.self_attn.v_proj.weight": 0.026853274554014206, "model.layers.12.self_attn.o_proj.weight": 0.05456393212080002, "model.layers.12.mlp.gate_proj.weight": 0.1051444485783577, "model.layers.12.mlp.up_proj.weight": 0.10601399093866348, "model.layers.12.mlp.down_proj.weight": 0.10637437552213669, "model.layers.12.input_layernorm.weight": 0.0011782479705289006, "model.layers.12.post_attention_layernorm.weight": 0.00116033258382231, "model.layers.13.self_attn.q_proj.weight": 0.05330996960401535, "model.layers.13.self_attn.k_proj.weight": 0.026722263544797897, "model.layers.13.self_attn.v_proj.weight": 0.026968926191329956, "model.layers.13.self_attn.o_proj.weight": 0.05440175160765648, "model.layers.13.mlp.gate_proj.weight": 0.10616154223680496, "model.layers.13.mlp.up_proj.weight": 0.10616321861743927, "model.layers.13.mlp.down_proj.weight": 0.10704434663057327,