{"total_norm": 7.266445159912109, "target_norm": 0.9670857191085815, "param2norm_diff": {"model.embed_tokens.weight": 0.1672983020544052, "model.layers.0.self_attn.q_proj.weight": 0.045458197593688965, "model.layers.0.self_attn.k_proj.weight": 0.022231431677937508, "model.layers.0.self_attn.v_proj.weight": 0.023234160616993904, "model.layers.0.self_attn.o_proj.weight": 0.04630189388990402, "model.layers.0.mlp.gate_proj.weight": 0.09200799465179443, "model.layers.0.mlp.up_proj.weight": 0.09190372377634048, "model.layers.0.mlp.down_proj.weight": 0.09200795739889145, "model.layers.0.input_layernorm.weight": 0.0009869595523923635, "model.layers.0.post_attention_layernorm.weight": 0.0010092426091432571, "model.layers.1.self_attn.q_proj.weight": 0.04560930281877518, "model.layers.1.self_attn.k_proj.weight": 0.023315034806728363, "model.layers.1.self_attn.v_proj.weight": 0.02294851280748844, "model.layers.1.self_attn.o_proj.weight": 0.046211786568164825, "model.layers.1.mlp.gate_proj.weight": 0.09158068150281906, "model.layers.1.mlp.up_proj.weight": 0.09160592406988144, "model.layers.1.mlp.down_proj.weight": 0.09215150028467178, "model.layers.1.input_layernorm.weight": 0.0010343898320570588, "model.layers.1.post_attention_layernorm.weight": 0.0010235076770186424, "model.layers.2.self_attn.q_proj.weight": 0.04711553081870079, "model.layers.2.self_attn.k_proj.weight": 0.023092016577720642, "model.layers.2.self_attn.v_proj.weight": 0.023405971005558968, "model.layers.2.self_attn.o_proj.weight": 0.04685988277196884, "model.layers.2.mlp.gate_proj.weight": 0.09191863983869553, "model.layers.2.mlp.up_proj.weight": 0.09230446815490723, "model.layers.2.mlp.down_proj.weight": 0.0926518663764, "model.layers.2.input_layernorm.weight": 0.0010157262440770864, "model.layers.2.post_attention_layernorm.weight": 0.0010272994404658675, "model.layers.3.self_attn.q_proj.weight": 0.04633670672774315, "model.layers.3.self_attn.k_proj.weight": 0.022620582953095436, "model.layers.3.self_attn.v_proj.weight": 0.022793106734752655, "model.layers.3.self_attn.o_proj.weight": 0.045921243727207184, "model.layers.3.mlp.gate_proj.weight": 0.0937250554561615, "model.layers.3.mlp.up_proj.weight": 0.0936124324798584, "model.layers.3.mlp.down_proj.weight": 0.09418264776468277, "model.layers.3.input_layernorm.weight": 0.0010179560631513596, "model.layers.3.post_attention_layernorm.weight": 0.0010341423330828547, "model.layers.4.self_attn.q_proj.weight": 0.04687616229057312, "model.layers.4.self_attn.k_proj.weight": 0.023504309356212616, "model.layers.4.self_attn.v_proj.weight": 0.023307736963033676, "model.layers.4.self_attn.o_proj.weight": 0.04607677459716797, "model.layers.4.mlp.gate_proj.weight": 0.09479775279760361, "model.layers.4.mlp.up_proj.weight": 0.09435106068849564, "model.layers.4.mlp.down_proj.weight": 0.09475463628768921, "model.layers.4.input_layernorm.weight": 0.001063610310666263, "model.layers.4.post_attention_layernorm.weight": 0.0010285851312801242, "model.layers.5.self_attn.q_proj.weight": 0.04677613452076912, "model.layers.5.self_attn.k_proj.weight": 0.0230716560035944, "model.layers.5.self_attn.v_proj.weight": 0.0235153678804636, "model.layers.5.self_attn.o_proj.weight": 0.04733611270785332, "model.layers.5.mlp.gate_proj.weight": 0.09457574039697647, "model.layers.5.mlp.up_proj.weight": 0.09453430771827698, "model.layers.5.mlp.down_proj.weight": 0.09470505267381668, "model.layers.5.input_layernorm.weight": 0.0010440775658935308, "model.layers.5.post_attention_layernorm.weight": 0.0010405599605292082, "model.layers.6.self_attn.q_proj.weight": 0.04655028134584427, "model.layers.6.self_attn.k_proj.weight": 0.02267640084028244, "model.layers.6.self_attn.v_proj.weight": 0.02401091530919075, "model.layers.6.self_attn.o_proj.weight": 0.04788760840892792, "model.layers.6.mlp.gate_proj.weight": 0.09541313350200653, "model.layers.6.mlp.up_proj.weight": 0.09556838870048523, "model.layers.6.mlp.down_proj.weight": 0.09623456001281738, "model.layers.6.input_layernorm.weight": 0.0010262131690979004, "model.layers.6.post_attention_layernorm.weight": 0.0010660089319571853, "model.layers.7.self_attn.q_proj.weight": 0.04694928228855133, "model.layers.7.self_attn.k_proj.weight": 0.023337094113230705, "model.layers.7.self_attn.v_proj.weight": 0.02340163104236126, "model.layers.7.self_attn.o_proj.weight": 0.04780767112970352, "model.layers.7.mlp.gate_proj.weight": 0.09667813777923584, "model.layers.7.mlp.up_proj.weight": 0.09653793275356293, "model.layers.7.mlp.down_proj.weight": 0.09767530113458633, "model.layers.7.input_layernorm.weight": 0.001039441442117095, "model.layers.7.post_attention_layernorm.weight": 0.0010722812730818987, "model.layers.8.self_attn.q_proj.weight": 0.046916235238313675, "model.layers.8.self_attn.k_proj.weight": 0.023287689313292503, "model.layers.8.self_attn.v_proj.weight": 0.023813702166080475, "model.layers.8.self_attn.o_proj.weight": 0.048206109553575516, "model.layers.8.mlp.gate_proj.weight": 0.09855268895626068, "model.layers.8.mlp.up_proj.weight": 0.09796106815338135, "model.layers.8.mlp.down_proj.weight": 0.09914931654930115, "model.layers.8.input_layernorm.weight": 0.0010292441584169865, "model.layers.8.post_attention_layernorm.weight": 0.0010675606317818165, "model.layers.9.self_attn.q_proj.weight": 0.048998501151800156, "model.layers.9.self_attn.k_proj.weight": 0.02409006841480732, "model.layers.9.self_attn.v_proj.weight": 0.024280395358800888, "model.layers.9.self_attn.o_proj.weight": 0.04927967116236687, "model.layers.9.mlp.gate_proj.weight": 0.10089283436536789, "model.layers.9.mlp.up_proj.weight": 0.1006016880273819, "model.layers.9.mlp.down_proj.weight": 0.10123287886381149, "model.layers.9.input_layernorm.weight": 0.0010396434227004647, "model.layers.9.post_attention_layernorm.weight": 0.0010909830452874303, "model.layers.10.self_attn.q_proj.weight": 0.04893568158149719, "model.layers.10.self_attn.k_proj.weight": 0.02437658980488777, "model.layers.10.self_attn.v_proj.weight": 0.024379249662160873, "model.layers.10.self_attn.o_proj.weight": 0.04986479505896568, "model.layers.10.mlp.gate_proj.weight": 0.10140391439199448, "model.layers.10.mlp.up_proj.weight": 0.10209954530000687, "model.layers.10.mlp.down_proj.weight": 0.10254866629838943, "model.layers.10.input_layernorm.weight": 0.0010581306414678693, "model.layers.10.post_attention_layernorm.weight": 0.0011130606289952993, "model.layers.11.self_attn.q_proj.weight": 0.05065751075744629, "model.layers.11.self_attn.k_proj.weight": 0.024888547137379646, "model.layers.11.self_attn.v_proj.weight": 0.02537337876856327, "model.layers.11.self_attn.o_proj.weight": 0.051517173647880554, "model.layers.11.mlp.gate_proj.weight": 0.10245579481124878, "model.layers.11.mlp.up_proj.weight": 0.1031404510140419, "model.layers.11.mlp.down_proj.weight": 0.10353590548038483, "model.layers.11.input_layernorm.weight": 0.0010753889800980687, "model.layers.11.post_attention_layernorm.weight": 0.0011103812139481306, "model.layers.12.self_attn.q_proj.weight": 0.050482746213674545, "model.layers.12.self_attn.k_proj.weight": 0.023838035762310028, "model.layers.12.self_attn.v_proj.weight": 0.025363432243466377, "model.layers.12.self_attn.o_proj.weight": 0.051407549530267715, "model.layers.12.mlp.gate_proj.weight": 0.10292110592126846, "model.layers.12.mlp.up_proj.weight": 0.10320531576871872, "model.layers.12.mlp.down_proj.weight": 0.10312047600746155, "model.layers.12.input_layernorm.weight": 0.001093544764444232, "model.layers.12.post_attention_layernorm.weight": 0.0011189375072717667, "model.layers.13.self_attn.q_proj.weight": 0.0489526242017746, "model.layers.13.self_attn.k_proj.weight": 0.02382649853825569, "model.layers.13.self_attn.v_proj.weight": 0.026192817836999893, "model.layers.13.self_attn.o_proj.weight": 0.05215730518102646, "model.layers.13.mlp.gate_proj.weight": 0.10484088212251663, "model.layers.13.mlp.up_proj.weight": 0.10506201535463333, "model.layers.13.mlp.down_proj.weight": 0.10538388788700104,