{"total_norm": 7.232583045959473, "target_norm": 0.9456185102462769, "param2norm_diff": {"model.embed_tokens.weight": 0.17550049722194672, "model.layers.0.self_attn.q_proj.weight": 0.04679257422685623, "model.layers.0.self_attn.k_proj.weight": 0.02404535561800003, "model.layers.0.self_attn.v_proj.weight": 0.02312495745718479, "model.layers.0.self_attn.o_proj.weight": 0.045900020748376846, "model.layers.0.mlp.gate_proj.weight": 0.09032243490219116, "model.layers.0.mlp.up_proj.weight": 0.09020990133285522, "model.layers.0.mlp.down_proj.weight": 0.09022998809814453, "model.layers.0.input_layernorm.weight": 0.0009725820273160934, "model.layers.0.post_attention_layernorm.weight": 0.0009856137912720442, "model.layers.1.self_attn.q_proj.weight": 0.04618443548679352, "model.layers.1.self_attn.k_proj.weight": 0.022958902642130852, "model.layers.1.self_attn.v_proj.weight": 0.022966647520661354, "model.layers.1.self_attn.o_proj.weight": 0.04619941860437393, "model.layers.1.mlp.gate_proj.weight": 0.0904305949807167, "model.layers.1.mlp.up_proj.weight": 0.09056401252746582, "model.layers.1.mlp.down_proj.weight": 0.09065387398004532, "model.layers.1.input_layernorm.weight": 0.000983038917183876, "model.layers.1.post_attention_layernorm.weight": 0.0009868615306913853, "model.layers.2.self_attn.q_proj.weight": 0.04729028791189194, "model.layers.2.self_attn.k_proj.weight": 0.024041779339313507, "model.layers.2.self_attn.v_proj.weight": 0.02328813448548317, "model.layers.2.self_attn.o_proj.weight": 0.04749911278486252, "model.layers.2.mlp.gate_proj.weight": 0.09238338470458984, "model.layers.2.mlp.up_proj.weight": 0.09214256703853607, "model.layers.2.mlp.down_proj.weight": 0.0921747237443924, "model.layers.2.input_layernorm.weight": 0.0010376340942457318, "model.layers.2.post_attention_layernorm.weight": 0.0010133814066648483, "model.layers.3.self_attn.q_proj.weight": 0.047598276287317276, "model.layers.3.self_attn.k_proj.weight": 0.024039005860686302, "model.layers.3.self_attn.v_proj.weight": 0.023303117603063583, "model.layers.3.self_attn.o_proj.weight": 0.04697199538350105, "model.layers.3.mlp.gate_proj.weight": 0.09336715936660767, "model.layers.3.mlp.up_proj.weight": 0.09306688606739044, "model.layers.3.mlp.down_proj.weight": 0.09313151240348816, "model.layers.3.input_layernorm.weight": 0.001019568764604628, "model.layers.3.post_attention_layernorm.weight": 0.0010242826538160443, "model.layers.4.self_attn.q_proj.weight": 0.046575285494327545, "model.layers.4.self_attn.k_proj.weight": 0.023619292303919792, "model.layers.4.self_attn.v_proj.weight": 0.023342175409197807, "model.layers.4.self_attn.o_proj.weight": 0.04629243165254593, "model.layers.4.mlp.gate_proj.weight": 0.09447997063398361, "model.layers.4.mlp.up_proj.weight": 0.09372686594724655, "model.layers.4.mlp.down_proj.weight": 0.09375748783349991, "model.layers.4.input_layernorm.weight": 0.0010334656108170748, "model.layers.4.post_attention_layernorm.weight": 0.001018799957819283, "model.layers.5.self_attn.q_proj.weight": 0.04685033857822418, "model.layers.5.self_attn.k_proj.weight": 0.023602360859513283, "model.layers.5.self_attn.v_proj.weight": 0.023525690659880638, "model.layers.5.self_attn.o_proj.weight": 0.0465669259428978, "model.layers.5.mlp.gate_proj.weight": 0.09534259140491486, "model.layers.5.mlp.up_proj.weight": 0.0947173610329628, "model.layers.5.mlp.down_proj.weight": 0.0946929007768631, "model.layers.5.input_layernorm.weight": 0.0010338827269151807, "model.layers.5.post_attention_layernorm.weight": 0.0010424648644402623, "model.layers.6.self_attn.q_proj.weight": 0.046417344361543655, "model.layers.6.self_attn.k_proj.weight": 0.023411961272358894, "model.layers.6.self_attn.v_proj.weight": 0.023280659690499306, "model.layers.6.self_attn.o_proj.weight": 0.04687700793147087, "model.layers.6.mlp.gate_proj.weight": 0.09532636404037476, "model.layers.6.mlp.up_proj.weight": 0.09462297707796097, "model.layers.6.mlp.down_proj.weight": 0.09525483846664429, "model.layers.6.input_layernorm.weight": 0.0009991785045713186, "model.layers.6.post_attention_layernorm.weight": 0.001027374411933124, "model.layers.7.self_attn.q_proj.weight": 0.04673651605844498, "model.layers.7.self_attn.k_proj.weight": 0.023441744968295097, "model.layers.7.self_attn.v_proj.weight": 0.02325381338596344, "model.layers.7.self_attn.o_proj.weight": 0.047968439757823944, "model.layers.7.mlp.gate_proj.weight": 0.09725756198167801, "model.layers.7.mlp.up_proj.weight": 0.09689795225858688, "model.layers.7.mlp.down_proj.weight": 0.097259022295475, "model.layers.7.input_layernorm.weight": 0.0009936452843248844, "model.layers.7.post_attention_layernorm.weight": 0.00106699182651937, "model.layers.8.self_attn.q_proj.weight": 0.04816169664263725, "model.layers.8.self_attn.k_proj.weight": 0.023731868714094162, "model.layers.8.self_attn.v_proj.weight": 0.023447923362255096, "model.layers.8.self_attn.o_proj.weight": 0.04824191704392433, "model.layers.8.mlp.gate_proj.weight": 0.09907308220863342, "model.layers.8.mlp.up_proj.weight": 0.09814518690109253, "model.layers.8.mlp.down_proj.weight": 0.09868975728750229, "model.layers.8.input_layernorm.weight": 0.001020663301460445, "model.layers.8.post_attention_layernorm.weight": 0.001082996604964137, "model.layers.9.self_attn.q_proj.weight": 0.05028326064348221, "model.layers.9.self_attn.k_proj.weight": 0.02402210235595703, "model.layers.9.self_attn.v_proj.weight": 0.024004077538847923, "model.layers.9.self_attn.o_proj.weight": 0.04891616106033325, "model.layers.9.mlp.gate_proj.weight": 0.10124202072620392, "model.layers.9.mlp.up_proj.weight": 0.10002531111240387, "model.layers.9.mlp.down_proj.weight": 0.1005977988243103, "model.layers.9.input_layernorm.weight": 0.0010219136020168662, "model.layers.9.post_attention_layernorm.weight": 0.0010845401557162404, "model.layers.10.self_attn.q_proj.weight": 0.049987174570560455, "model.layers.10.self_attn.k_proj.weight": 0.024244368076324463, "model.layers.10.self_attn.v_proj.weight": 0.024760467931628227, "model.layers.10.self_attn.o_proj.weight": 0.050666019320487976, "model.layers.10.mlp.gate_proj.weight": 0.10102961212396622, "model.layers.10.mlp.up_proj.weight": 0.10061892122030258, "model.layers.10.mlp.down_proj.weight": 0.10104303061962128, "model.layers.10.input_layernorm.weight": 0.001074372441507876, "model.layers.10.post_attention_layernorm.weight": 0.0011052277404814959, "model.layers.11.self_attn.q_proj.weight": 0.05019988492131233, "model.layers.11.self_attn.k_proj.weight": 0.024321231991052628, "model.layers.11.self_attn.v_proj.weight": 0.02490135096013546, "model.layers.11.self_attn.o_proj.weight": 0.05086705833673477, "model.layers.11.mlp.gate_proj.weight": 0.10091477632522583, "model.layers.11.mlp.up_proj.weight": 0.10140503197908401, "model.layers.11.mlp.down_proj.weight": 0.10165823996067047, "model.layers.11.input_layernorm.weight": 0.001085656345821917, "model.layers.11.post_attention_layernorm.weight": 0.0011025837156921625, "model.layers.12.self_attn.q_proj.weight": 0.05043543502688408, "model.layers.12.self_attn.k_proj.weight": 0.024958301335573196, "model.layers.12.self_attn.v_proj.weight": 0.02450214885175228, "model.layers.12.self_attn.o_proj.weight": 0.050493963062763214, "model.layers.12.mlp.gate_proj.weight": 0.10072540491819382, "model.layers.12.mlp.up_proj.weight": 0.10081581771373749, "model.layers.12.mlp.down_proj.weight": 0.10136526823043823, "model.layers.12.input_layernorm.weight": 0.0011119937989860773, "model.layers.12.post_attention_layernorm.weight": 0.0011122248833999038, "model.layers.13.self_attn.q_proj.weight": 0.05011109635233879, "model.layers.13.self_attn.k_proj.weight": 0.024007806554436684, "model.layers.13.self_attn.v_proj.weight": 0.024617135524749756, "model.layers.13.self_attn.o_proj.weight": 0.05051048472523689, "model.layers.13.mlp.gate_proj.weight": 0.10189128667116165, "model.layers.13.mlp.up_proj.weight": 0.10192178189754486, "model.layers.13.mlp.down_proj.weight": 0.10324487835168839,