{"total_norm": 7.469381809234619, "target_norm": 0.9749564528465271, "param2norm_diff": {"model.embed_tokens.weight": 0.18721970915794373, "model.layers.0.self_attn.q_proj.weight": 0.04492295905947685, "model.layers.0.self_attn.k_proj.weight": 0.022351058200001717, "model.layers.0.self_attn.v_proj.weight": 0.023328939452767372, "model.layers.0.self_attn.o_proj.weight": 0.04707951098680496, "model.layers.0.mlp.gate_proj.weight": 0.0945337787270546, "model.layers.0.mlp.up_proj.weight": 0.09487826377153397, "model.layers.0.mlp.down_proj.weight": 0.09504415839910507, "model.layers.0.input_layernorm.weight": 0.001013829605653882, "model.layers.0.post_attention_layernorm.weight": 0.0010600835084915161, "model.layers.1.self_attn.q_proj.weight": 0.046827949583530426, "model.layers.1.self_attn.k_proj.weight": 0.0228640865534544, "model.layers.1.self_attn.v_proj.weight": 0.023482877761125565, "model.layers.1.self_attn.o_proj.weight": 0.04738837108016014, "model.layers.1.mlp.gate_proj.weight": 0.09488014876842499, "model.layers.1.mlp.up_proj.weight": 0.09481585025787354, "model.layers.1.mlp.down_proj.weight": 0.09513583779335022, "model.layers.1.input_layernorm.weight": 0.0010453159920871258, "model.layers.1.post_attention_layernorm.weight": 0.0010492762085050344, "model.layers.2.self_attn.q_proj.weight": 0.047618962824344635, "model.layers.2.self_attn.k_proj.weight": 0.023490941151976585, "model.layers.2.self_attn.v_proj.weight": 0.023507865145802498, "model.layers.2.self_attn.o_proj.weight": 0.04747224971652031, "model.layers.2.mlp.gate_proj.weight": 0.09485287964344025, "model.layers.2.mlp.up_proj.weight": 0.09452218562364578, "model.layers.2.mlp.down_proj.weight": 0.09501305967569351, "model.layers.2.input_layernorm.weight": 0.0010546705452725291, "model.layers.2.post_attention_layernorm.weight": 0.001035545370541513, "model.layers.3.self_attn.q_proj.weight": 0.047370728105306625, "model.layers.3.self_attn.k_proj.weight": 0.02378743141889572, "model.layers.3.self_attn.v_proj.weight": 0.023272616788744926, "model.layers.3.self_attn.o_proj.weight": 0.046994417905807495, "model.layers.3.mlp.gate_proj.weight": 0.09567961096763611, "model.layers.3.mlp.up_proj.weight": 0.09523102641105652, "model.layers.3.mlp.down_proj.weight": 0.09577187895774841, "model.layers.3.input_layernorm.weight": 0.0010307444026693702, "model.layers.3.post_attention_layernorm.weight": 0.001033991458825767, "model.layers.4.self_attn.q_proj.weight": 0.04687614366412163, "model.layers.4.self_attn.k_proj.weight": 0.02379288710653782, "model.layers.4.self_attn.v_proj.weight": 0.02332313545048237, "model.layers.4.self_attn.o_proj.weight": 0.04701680690050125, "model.layers.4.mlp.gate_proj.weight": 0.09644288569688797, "model.layers.4.mlp.up_proj.weight": 0.09607360512018204, "model.layers.4.mlp.down_proj.weight": 0.09645219892263412, "model.layers.4.input_layernorm.weight": 0.0010436932789161801, "model.layers.4.post_attention_layernorm.weight": 0.0010488468687981367, "model.layers.5.self_attn.q_proj.weight": 0.04714211821556091, "model.layers.5.self_attn.k_proj.weight": 0.0233689546585083, "model.layers.5.self_attn.v_proj.weight": 0.023541418835520744, "model.layers.5.self_attn.o_proj.weight": 0.04777313768863678, "model.layers.5.mlp.gate_proj.weight": 0.09695250540971756, "model.layers.5.mlp.up_proj.weight": 0.09604385495185852, "model.layers.5.mlp.down_proj.weight": 0.096955306828022, "model.layers.5.input_layernorm.weight": 0.0010261139832437038, "model.layers.5.post_attention_layernorm.weight": 0.0010508588748052716, "model.layers.6.self_attn.q_proj.weight": 0.04722286015748978, "model.layers.6.self_attn.k_proj.weight": 0.023648394271731377, "model.layers.6.self_attn.v_proj.weight": 0.023637428879737854, "model.layers.6.self_attn.o_proj.weight": 0.048065248876810074, "model.layers.6.mlp.gate_proj.weight": 0.09846287220716476, "model.layers.6.mlp.up_proj.weight": 0.09766529500484467, "model.layers.6.mlp.down_proj.weight": 0.09843049943447113, "model.layers.6.input_layernorm.weight": 0.0010177484946325421, "model.layers.6.post_attention_layernorm.weight": 0.0010547568090260029, "model.layers.7.self_attn.q_proj.weight": 0.04857925325632095, "model.layers.7.self_attn.k_proj.weight": 0.023902051150798798, "model.layers.7.self_attn.v_proj.weight": 0.023824982345104218, "model.layers.7.self_attn.o_proj.weight": 0.04835694283246994, "model.layers.7.mlp.gate_proj.weight": 0.10074082016944885, "model.layers.7.mlp.up_proj.weight": 0.09996424615383148, "model.layers.7.mlp.down_proj.weight": 0.10054183751344681, "model.layers.7.input_layernorm.weight": 0.001028293976560235, "model.layers.7.post_attention_layernorm.weight": 0.0010865498334169388, "model.layers.8.self_attn.q_proj.weight": 0.04985220730304718, "model.layers.8.self_attn.k_proj.weight": 0.02461295574903488, "model.layers.8.self_attn.v_proj.weight": 0.024101831018924713, "model.layers.8.self_attn.o_proj.weight": 0.049774717539548874, "model.layers.8.mlp.gate_proj.weight": 0.10335347801446915, "model.layers.8.mlp.up_proj.weight": 0.10203667730093002, "model.layers.8.mlp.down_proj.weight": 0.10275913774967194, "model.layers.8.input_layernorm.weight": 0.0010697480756789446, "model.layers.8.post_attention_layernorm.weight": 0.001105099101550877, "model.layers.9.self_attn.q_proj.weight": 0.0508258156478405, "model.layers.9.self_attn.k_proj.weight": 0.02458670362830162, "model.layers.9.self_attn.v_proj.weight": 0.024791769683361053, "model.layers.9.self_attn.o_proj.weight": 0.05072950944304466, "model.layers.9.mlp.gate_proj.weight": 0.10481955856084824, "model.layers.9.mlp.up_proj.weight": 0.10479819774627686, "model.layers.9.mlp.down_proj.weight": 0.10512024909257889, "model.layers.9.input_layernorm.weight": 0.001071968232281506, "model.layers.9.post_attention_layernorm.weight": 0.0011484562419354916, "model.layers.10.self_attn.q_proj.weight": 0.052439749240875244, "model.layers.10.self_attn.k_proj.weight": 0.025893215090036392, "model.layers.10.self_attn.v_proj.weight": 0.02572987787425518, "model.layers.10.self_attn.o_proj.weight": 0.05248640105128288, "model.layers.10.mlp.gate_proj.weight": 0.10429718345403671, "model.layers.10.mlp.up_proj.weight": 0.10533347725868225, "model.layers.10.mlp.down_proj.weight": 0.10491164773702621, "model.layers.10.input_layernorm.weight": 0.001142175984568894, "model.layers.10.post_attention_layernorm.weight": 0.0011478298110887408, "model.layers.11.self_attn.q_proj.weight": 0.05328204482793808, "model.layers.11.self_attn.k_proj.weight": 0.025621064007282257, "model.layers.11.self_attn.v_proj.weight": 0.026072539389133453, "model.layers.11.self_attn.o_proj.weight": 0.0534474141895771, "model.layers.11.mlp.gate_proj.weight": 0.10396634042263031, "model.layers.11.mlp.up_proj.weight": 0.10573392361402512, "model.layers.11.mlp.down_proj.weight": 0.10528098046779633, "model.layers.11.input_layernorm.weight": 0.001108483993448317, "model.layers.11.post_attention_layernorm.weight": 0.001161042251624167, "model.layers.12.self_attn.q_proj.weight": 0.053782228380441666, "model.layers.12.self_attn.k_proj.weight": 0.02647811360657215, "model.layers.12.self_attn.v_proj.weight": 0.02634938433766365, "model.layers.12.self_attn.o_proj.weight": 0.053892992436885834, "model.layers.12.mlp.gate_proj.weight": 0.10436104983091354, "model.layers.12.mlp.up_proj.weight": 0.10502966493368149, "model.layers.12.mlp.down_proj.weight": 0.10514599829912186, "model.layers.12.input_layernorm.weight": 0.0011404005344957113, "model.layers.12.post_attention_layernorm.weight": 0.0011385047109797597, "model.layers.13.self_attn.q_proj.weight": 0.05131895840167999, "model.layers.13.self_attn.k_proj.weight": 0.025498395785689354, "model.layers.13.self_attn.v_proj.weight": 0.02617861144244671, "model.layers.13.self_attn.o_proj.weight": 0.053140394389629364, "model.layers.13.mlp.gate_proj.weight": 0.10540758818387985, "model.layers.13.mlp.up_proj.weight": 0.1056295856833458, "model.layers.13.mlp.down_proj.weight": 0.10622894018888474,