{"total_norm": 7.324617862701416, "target_norm": 0.9681123495101929, "param2norm_diff": {"model.embed_tokens.weight": 0.16718845069408417, "model.layers.0.self_attn.q_proj.weight": 0.04303625598549843, "model.layers.0.self_attn.k_proj.weight": 0.022251306101679802, "model.layers.0.self_attn.v_proj.weight": 0.02235814556479454, "model.layers.0.self_attn.o_proj.weight": 0.04449428245425224, "model.layers.0.mlp.gate_proj.weight": 0.08890945464372635, "model.layers.0.mlp.up_proj.weight": 0.08870673924684525, "model.layers.0.mlp.down_proj.weight": 0.08833184093236923, "model.layers.0.input_layernorm.weight": 0.0009805720765143633, "model.layers.0.post_attention_layernorm.weight": 0.0009806433226913214, "model.layers.1.self_attn.q_proj.weight": 0.04463350400328636, "model.layers.1.self_attn.k_proj.weight": 0.021943794563412666, "model.layers.1.self_attn.v_proj.weight": 0.02276725322008133, "model.layers.1.self_attn.o_proj.weight": 0.04542498290538788, "model.layers.1.mlp.gate_proj.weight": 0.08909108489751816, "model.layers.1.mlp.up_proj.weight": 0.08897005766630173, "model.layers.1.mlp.down_proj.weight": 0.08988258242607117, "model.layers.1.input_layernorm.weight": 0.0009416082757525146, "model.layers.1.post_attention_layernorm.weight": 0.0009718884248286486, "model.layers.2.self_attn.q_proj.weight": 0.04640645906329155, "model.layers.2.self_attn.k_proj.weight": 0.02268698811531067, "model.layers.2.self_attn.v_proj.weight": 0.022891908884048462, "model.layers.2.self_attn.o_proj.weight": 0.0473945178091526, "model.layers.2.mlp.gate_proj.weight": 0.09165331721305847, "model.layers.2.mlp.up_proj.weight": 0.09147991985082626, "model.layers.2.mlp.down_proj.weight": 0.09225735813379288, "model.layers.2.input_layernorm.weight": 0.0009314839262515306, "model.layers.2.post_attention_layernorm.weight": 0.0009923764737322927, "model.layers.3.self_attn.q_proj.weight": 0.0458720326423645, "model.layers.3.self_attn.k_proj.weight": 0.022070446982979774, "model.layers.3.self_attn.v_proj.weight": 0.02313588373363018, "model.layers.3.self_attn.o_proj.weight": 0.047370824962854385, "model.layers.3.mlp.gate_proj.weight": 0.09398221224546432, "model.layers.3.mlp.up_proj.weight": 0.09394456446170807, "model.layers.3.mlp.down_proj.weight": 0.09475688636302948, "model.layers.3.input_layernorm.weight": 0.0009849767666310072, "model.layers.3.post_attention_layernorm.weight": 0.001019130228087306, "model.layers.4.self_attn.q_proj.weight": 0.04820388928055763, "model.layers.4.self_attn.k_proj.weight": 0.023599741980433464, "model.layers.4.self_attn.v_proj.weight": 0.023870857432484627, "model.layers.4.self_attn.o_proj.weight": 0.047715235501527786, "model.layers.4.mlp.gate_proj.weight": 0.09561092406511307, "model.layers.4.mlp.up_proj.weight": 0.0952644795179367, "model.layers.4.mlp.down_proj.weight": 0.09544382989406586, "model.layers.4.input_layernorm.weight": 0.0010523286182433367, "model.layers.4.post_attention_layernorm.weight": 0.001063015777617693, "model.layers.5.self_attn.q_proj.weight": 0.047326620668172836, "model.layers.5.self_attn.k_proj.weight": 0.023431528359651566, "model.layers.5.self_attn.v_proj.weight": 0.023497959598898888, "model.layers.5.self_attn.o_proj.weight": 0.04771566390991211, "model.layers.5.mlp.gate_proj.weight": 0.09583069384098053, "model.layers.5.mlp.up_proj.weight": 0.09582503139972687, "model.layers.5.mlp.down_proj.weight": 0.09610079228878021, "model.layers.5.input_layernorm.weight": 0.0010513811139389873, "model.layers.5.post_attention_layernorm.weight": 0.0010494221933186054, "model.layers.6.self_attn.q_proj.weight": 0.04747702181339264, "model.layers.6.self_attn.k_proj.weight": 0.02346266247332096, "model.layers.6.self_attn.v_proj.weight": 0.023432325571775436, "model.layers.6.self_attn.o_proj.weight": 0.04782572761178017, "model.layers.6.mlp.gate_proj.weight": 0.09660494327545166, "model.layers.6.mlp.up_proj.weight": 0.09618692100048065, "model.layers.6.mlp.down_proj.weight": 0.09670241177082062, "model.layers.6.input_layernorm.weight": 0.0010617465013638139, "model.layers.6.post_attention_layernorm.weight": 0.001034795306622982, "model.layers.7.self_attn.q_proj.weight": 0.04725665971636772, "model.layers.7.self_attn.k_proj.weight": 0.023790089413523674, "model.layers.7.self_attn.v_proj.weight": 0.02344832941889763, "model.layers.7.self_attn.o_proj.weight": 0.04773622006177902, "model.layers.7.mlp.gate_proj.weight": 0.09854187071323395, "model.layers.7.mlp.up_proj.weight": 0.09764765202999115, "model.layers.7.mlp.down_proj.weight": 0.09788170456886292, "model.layers.7.input_layernorm.weight": 0.0010226279264315963, "model.layers.7.post_attention_layernorm.weight": 0.0010531910229474306, "model.layers.8.self_attn.q_proj.weight": 0.04876268655061722, "model.layers.8.self_attn.k_proj.weight": 0.023262277245521545, "model.layers.8.self_attn.v_proj.weight": 0.024206727743148804, "model.layers.8.self_attn.o_proj.weight": 0.04974004998803139, "model.layers.8.mlp.gate_proj.weight": 0.10107935220003128, "model.layers.8.mlp.up_proj.weight": 0.09943641722202301, "model.layers.8.mlp.down_proj.weight": 0.10007929801940918, "model.layers.8.input_layernorm.weight": 0.0010063734371215105, "model.layers.8.post_attention_layernorm.weight": 0.0010922591900452971, "model.layers.9.self_attn.q_proj.weight": 0.050715938210487366, "model.layers.9.self_attn.k_proj.weight": 0.025283170863986015, "model.layers.9.self_attn.v_proj.weight": 0.024539444595575333, "model.layers.9.self_attn.o_proj.weight": 0.05059988051652908, "model.layers.9.mlp.gate_proj.weight": 0.10311657190322876, "model.layers.9.mlp.up_proj.weight": 0.10158506035804749, "model.layers.9.mlp.down_proj.weight": 0.10251596570014954, "model.layers.9.input_layernorm.weight": 0.0010691044153645635, "model.layers.9.post_attention_layernorm.weight": 0.0011286219814792275, "model.layers.10.self_attn.q_proj.weight": 0.05100719630718231, "model.layers.10.self_attn.k_proj.weight": 0.02454589679837227, "model.layers.10.self_attn.v_proj.weight": 0.02526402473449707, "model.layers.10.self_attn.o_proj.weight": 0.05235937982797623, "model.layers.10.mlp.gate_proj.weight": 0.10319255292415619, "model.layers.10.mlp.up_proj.weight": 0.10359600186347961, "model.layers.10.mlp.down_proj.weight": 0.10421431064605713, "model.layers.10.input_layernorm.weight": 0.0011232668766751885, "model.layers.10.post_attention_layernorm.weight": 0.0011022581020370126, "model.layers.11.self_attn.q_proj.weight": 0.05261092260479927, "model.layers.11.self_attn.k_proj.weight": 0.026083115488290787, "model.layers.11.self_attn.v_proj.weight": 0.025974975898861885, "model.layers.11.self_attn.o_proj.weight": 0.05330492928624153, "model.layers.11.mlp.gate_proj.weight": 0.10331737250089645, "model.layers.11.mlp.up_proj.weight": 0.1041082814335823, "model.layers.11.mlp.down_proj.weight": 0.10457652062177658, "model.layers.11.input_layernorm.weight": 0.0011229164665564895, "model.layers.11.post_attention_layernorm.weight": 0.001137715415097773, "model.layers.12.self_attn.q_proj.weight": 0.052862443029880524, "model.layers.12.self_attn.k_proj.weight": 0.025358879938721657, "model.layers.12.self_attn.v_proj.weight": 0.026394501328468323, "model.layers.12.self_attn.o_proj.weight": 0.05337097868323326, "model.layers.12.mlp.gate_proj.weight": 0.1039639413356781, "model.layers.12.mlp.up_proj.weight": 0.10413552075624466, "model.layers.12.mlp.down_proj.weight": 0.10443267971277237, "model.layers.12.input_layernorm.weight": 0.001141727901995182, "model.layers.12.post_attention_layernorm.weight": 0.0011346054961904883, "model.layers.13.self_attn.q_proj.weight": 0.05239805579185486, "model.layers.13.self_attn.k_proj.weight": 0.02610073611140251, "model.layers.13.self_attn.v_proj.weight": 0.02531634084880352, "model.layers.13.self_attn.o_proj.weight": 0.05243604630231857, "model.layers.13.mlp.gate_proj.weight": 0.10484547168016434, "model.layers.13.mlp.up_proj.weight": 0.10490759462118149, "model.layers.13.mlp.down_proj.weight": 0.10555099695920944,