{"total_norm": 7.230819225311279, "target_norm": 0.9837390780448914, "param2norm_diff": {"model.embed_tokens.weight": 0.15779799222946167, "model.layers.0.self_attn.q_proj.weight": 0.04645618796348572, "model.layers.0.self_attn.k_proj.weight": 0.02394922450184822, "model.layers.0.self_attn.v_proj.weight": 0.0239306278526783, "model.layers.0.self_attn.o_proj.weight": 0.04745932295918465, "model.layers.0.mlp.gate_proj.weight": 0.09438377618789673, "model.layers.0.mlp.up_proj.weight": 0.09454841911792755, "model.layers.0.mlp.down_proj.weight": 0.09457335621118546, "model.layers.0.input_layernorm.weight": 0.001100305700674653, "model.layers.0.post_attention_layernorm.weight": 0.001067386125214398, "model.layers.1.self_attn.q_proj.weight": 0.04708705469965935, "model.layers.1.self_attn.k_proj.weight": 0.024438312277197838, "model.layers.1.self_attn.v_proj.weight": 0.023347951471805573, "model.layers.1.self_attn.o_proj.weight": 0.046464066952466965, "model.layers.1.mlp.gate_proj.weight": 0.09368167072534561, "model.layers.1.mlp.up_proj.weight": 0.09353490173816681, "model.layers.1.mlp.down_proj.weight": 0.09401364624500275, "model.layers.1.input_layernorm.weight": 0.001051063183695078, "model.layers.1.post_attention_layernorm.weight": 0.0010321056470274925, "model.layers.2.self_attn.q_proj.weight": 0.04765838384628296, "model.layers.2.self_attn.k_proj.weight": 0.023588746786117554, "model.layers.2.self_attn.v_proj.weight": 0.023618033155798912, "model.layers.2.self_attn.o_proj.weight": 0.0474296398460865, "model.layers.2.mlp.gate_proj.weight": 0.0937969982624054, "model.layers.2.mlp.up_proj.weight": 0.09387268126010895, "model.layers.2.mlp.down_proj.weight": 0.0942145362496376, "model.layers.2.input_layernorm.weight": 0.0010559603106230497, "model.layers.2.post_attention_layernorm.weight": 0.0010526084806770086, "model.layers.3.self_attn.q_proj.weight": 0.04681135714054108, "model.layers.3.self_attn.k_proj.weight": 0.024019191041588783, "model.layers.3.self_attn.v_proj.weight": 0.02339489571750164, "model.layers.3.self_attn.o_proj.weight": 0.04665876552462578, "model.layers.3.mlp.gate_proj.weight": 0.09339122474193573, "model.layers.3.mlp.up_proj.weight": 0.0936352014541626, "model.layers.3.mlp.down_proj.weight": 0.0937010645866394, "model.layers.3.input_layernorm.weight": 0.001046702149324119, "model.layers.3.post_attention_layernorm.weight": 0.001033591921441257, "model.layers.4.self_attn.q_proj.weight": 0.045421138405799866, "model.layers.4.self_attn.k_proj.weight": 0.022785598412156105, "model.layers.4.self_attn.v_proj.weight": 0.023230798542499542, "model.layers.4.self_attn.o_proj.weight": 0.04621734470129013, "model.layers.4.mlp.gate_proj.weight": 0.09286834299564362, "model.layers.4.mlp.up_proj.weight": 0.09284090995788574, "model.layers.4.mlp.down_proj.weight": 0.09319271892309189, "model.layers.4.input_layernorm.weight": 0.0010212432825937867, "model.layers.4.post_attention_layernorm.weight": 0.0010108747519552708, "model.layers.5.self_attn.q_proj.weight": 0.04646390676498413, "model.layers.5.self_attn.k_proj.weight": 0.022971374914050102, "model.layers.5.self_attn.v_proj.weight": 0.023389285430312157, "model.layers.5.self_attn.o_proj.weight": 0.04709780588746071, "model.layers.5.mlp.gate_proj.weight": 0.09242093563079834, "model.layers.5.mlp.up_proj.weight": 0.09254003316164017, "model.layers.5.mlp.down_proj.weight": 0.09274600446224213, "model.layers.5.input_layernorm.weight": 0.0010180388344451785, "model.layers.5.post_attention_layernorm.weight": 0.0010023750364780426, "model.layers.6.self_attn.q_proj.weight": 0.04493364319205284, "model.layers.6.self_attn.k_proj.weight": 0.022485116496682167, "model.layers.6.self_attn.v_proj.weight": 0.02290763333439827, "model.layers.6.self_attn.o_proj.weight": 0.04681476950645447, "model.layers.6.mlp.gate_proj.weight": 0.09308457374572754, "model.layers.6.mlp.up_proj.weight": 0.09341660141944885, "model.layers.6.mlp.down_proj.weight": 0.09423614293336868, "model.layers.6.input_layernorm.weight": 0.0009820894338190556, "model.layers.6.post_attention_layernorm.weight": 0.0010087417904287577, "model.layers.7.self_attn.q_proj.weight": 0.04547637701034546, "model.layers.7.self_attn.k_proj.weight": 0.023000918328762054, "model.layers.7.self_attn.v_proj.weight": 0.02316618338227272, "model.layers.7.self_attn.o_proj.weight": 0.047325681895017624, "model.layers.7.mlp.gate_proj.weight": 0.09424933791160583, "model.layers.7.mlp.up_proj.weight": 0.09445300698280334, "model.layers.7.mlp.down_proj.weight": 0.09503139555454254, "model.layers.7.input_layernorm.weight": 0.001004701596684754, "model.layers.7.post_attention_layernorm.weight": 0.001028822036460042, "model.layers.8.self_attn.q_proj.weight": 0.047015879303216934, "model.layers.8.self_attn.k_proj.weight": 0.023327384144067764, "model.layers.8.self_attn.v_proj.weight": 0.023287106305360794, "model.layers.8.self_attn.o_proj.weight": 0.047998204827308655, "model.layers.8.mlp.gate_proj.weight": 0.0952361673116684, "model.layers.8.mlp.up_proj.weight": 0.09502344578504562, "model.layers.8.mlp.down_proj.weight": 0.09601662307977676, "model.layers.8.input_layernorm.weight": 0.0010187216103076935, "model.layers.8.post_attention_layernorm.weight": 0.0010621317196637392, "model.layers.9.self_attn.q_proj.weight": 0.04881126806139946, "model.layers.9.self_attn.k_proj.weight": 0.02466685324907303, "model.layers.9.self_attn.v_proj.weight": 0.023603929206728935, "model.layers.9.self_attn.o_proj.weight": 0.04891408607363701, "model.layers.9.mlp.gate_proj.weight": 0.09637357294559479, "model.layers.9.mlp.up_proj.weight": 0.09713709354400635, "model.layers.9.mlp.down_proj.weight": 0.09773606806993484, "model.layers.9.input_layernorm.weight": 0.0010322041343897581, "model.layers.9.post_attention_layernorm.weight": 0.001057172892615199, "model.layers.10.self_attn.q_proj.weight": 0.049495771527290344, "model.layers.10.self_attn.k_proj.weight": 0.02364014834165573, "model.layers.10.self_attn.v_proj.weight": 0.024211866781115532, "model.layers.10.self_attn.o_proj.weight": 0.05022382736206055, "model.layers.10.mlp.gate_proj.weight": 0.09738555550575256, "model.layers.10.mlp.up_proj.weight": 0.0985109806060791, "model.layers.10.mlp.down_proj.weight": 0.09918645024299622, "model.layers.10.input_layernorm.weight": 0.0010704809101298451, "model.layers.10.post_attention_layernorm.weight": 0.0010956573532894254, "model.layers.11.self_attn.q_proj.weight": 0.05001966655254364, "model.layers.11.self_attn.k_proj.weight": 0.024396585300564766, "model.layers.11.self_attn.v_proj.weight": 0.024596115574240685, "model.layers.11.self_attn.o_proj.weight": 0.05049321800470352, "model.layers.11.mlp.gate_proj.weight": 0.09897731989622116, "model.layers.11.mlp.up_proj.weight": 0.09982419013977051, "model.layers.11.mlp.down_proj.weight": 0.10076131671667099, "model.layers.11.input_layernorm.weight": 0.001063283416442573, "model.layers.11.post_attention_layernorm.weight": 0.0010974492179229856, "model.layers.12.self_attn.q_proj.weight": 0.04996265470981598, "model.layers.12.self_attn.k_proj.weight": 0.02411758527159691, "model.layers.12.self_attn.v_proj.weight": 0.02526615932583809, "model.layers.12.self_attn.o_proj.weight": 0.05094470828771591, "model.layers.12.mlp.gate_proj.weight": 0.10140331089496613, "model.layers.12.mlp.up_proj.weight": 0.10178332775831223, "model.layers.12.mlp.down_proj.weight": 0.10295453667640686, "model.layers.12.input_layernorm.weight": 0.001086919684894383, "model.layers.12.post_attention_layernorm.weight": 0.0011050625471398234, "model.layers.13.self_attn.q_proj.weight": 0.049354348331689835, "model.layers.13.self_attn.k_proj.weight": 0.0244918093085289, "model.layers.13.self_attn.v_proj.weight": 0.025375213474035263, "model.layers.13.self_attn.o_proj.weight": 0.05108080059289932, "model.layers.13.mlp.gate_proj.weight": 0.10498464852571487, "model.layers.13.mlp.up_proj.weight": 0.1053340882062912, "model.layers.13.mlp.down_proj.weight": 0.10672207921743393,