{"total_norm": 7.159456253051758, "target_norm": 0.9344302415847778, "param2norm_diff": {"model.embed_tokens.weight": 0.1618681699037552, "model.layers.0.self_attn.q_proj.weight": 0.04506276175379753, "model.layers.0.self_attn.k_proj.weight": 0.022753141820430756, "model.layers.0.self_attn.v_proj.weight": 0.02353815548121929, "model.layers.0.self_attn.o_proj.weight": 0.046824321150779724, "model.layers.0.mlp.gate_proj.weight": 0.09289860725402832, "model.layers.0.mlp.up_proj.weight": 0.09276598691940308, "model.layers.0.mlp.down_proj.weight": 0.09302708506584167, "model.layers.0.input_layernorm.weight": 0.0010366246569901705, "model.layers.0.post_attention_layernorm.weight": 0.0010255133965983987, "model.layers.1.self_attn.q_proj.weight": 0.04686552286148071, "model.layers.1.self_attn.k_proj.weight": 0.023458978161215782, "model.layers.1.self_attn.v_proj.weight": 0.02340000309050083, "model.layers.1.self_attn.o_proj.weight": 0.046937644481658936, "model.layers.1.mlp.gate_proj.weight": 0.09290587157011032, "model.layers.1.mlp.up_proj.weight": 0.09311314672231674, "model.layers.1.mlp.down_proj.weight": 0.09337244182825089, "model.layers.1.input_layernorm.weight": 0.0010659898398444057, "model.layers.1.post_attention_layernorm.weight": 0.0010244492441415787, "model.layers.2.self_attn.q_proj.weight": 0.046556442975997925, "model.layers.2.self_attn.k_proj.weight": 0.023650161921977997, "model.layers.2.self_attn.v_proj.weight": 0.023256879299879074, "model.layers.2.self_attn.o_proj.weight": 0.046906597912311554, "model.layers.2.mlp.gate_proj.weight": 0.09328984469175339, "model.layers.2.mlp.up_proj.weight": 0.09333845973014832, "model.layers.2.mlp.down_proj.weight": 0.09363202005624771, "model.layers.2.input_layernorm.weight": 0.0010041591012850404, "model.layers.2.post_attention_layernorm.weight": 0.0010036970488727093, "model.layers.3.self_attn.q_proj.weight": 0.046981919556856155, "model.layers.3.self_attn.k_proj.weight": 0.023559097200632095, "model.layers.3.self_attn.v_proj.weight": 0.023348556831479073, "model.layers.3.self_attn.o_proj.weight": 0.04691756144165993, "model.layers.3.mlp.gate_proj.weight": 0.09326240420341492, "model.layers.3.mlp.up_proj.weight": 0.09309136122465134, "model.layers.3.mlp.down_proj.weight": 0.0934598296880722, "model.layers.3.input_layernorm.weight": 0.0010438282042741776, "model.layers.3.post_attention_layernorm.weight": 0.001005883445031941, "model.layers.4.self_attn.q_proj.weight": 0.04456304386258125, "model.layers.4.self_attn.k_proj.weight": 0.022008629515767097, "model.layers.4.self_attn.v_proj.weight": 0.023080313578248024, "model.layers.4.self_attn.o_proj.weight": 0.04609491676092148, "model.layers.4.mlp.gate_proj.weight": 0.09356515109539032, "model.layers.4.mlp.up_proj.weight": 0.09323781728744507, "model.layers.4.mlp.down_proj.weight": 0.09355465322732925, "model.layers.4.input_layernorm.weight": 0.0010054997401311994, "model.layers.4.post_attention_layernorm.weight": 0.0010319966822862625, "model.layers.5.self_attn.q_proj.weight": 0.04562538489699364, "model.layers.5.self_attn.k_proj.weight": 0.021977651864290237, "model.layers.5.self_attn.v_proj.weight": 0.023536743596196175, "model.layers.5.self_attn.o_proj.weight": 0.04642790928483009, "model.layers.5.mlp.gate_proj.weight": 0.09368111938238144, "model.layers.5.mlp.up_proj.weight": 0.09337438642978668, "model.layers.5.mlp.down_proj.weight": 0.0939246416091919, "model.layers.5.input_layernorm.weight": 0.0010246854508295655, "model.layers.5.post_attention_layernorm.weight": 0.001007183687761426, "model.layers.6.self_attn.q_proj.weight": 0.04630908742547035, "model.layers.6.self_attn.k_proj.weight": 0.02337482199072838, "model.layers.6.self_attn.v_proj.weight": 0.023315684869885445, "model.layers.6.self_attn.o_proj.weight": 0.046734441071748734, "model.layers.6.mlp.gate_proj.weight": 0.09413213282823563, "model.layers.6.mlp.up_proj.weight": 0.0935359075665474, "model.layers.6.mlp.down_proj.weight": 0.09443004429340363, "model.layers.6.input_layernorm.weight": 0.0010313657112419605, "model.layers.6.post_attention_layernorm.weight": 0.001039723283611238, "model.layers.7.self_attn.q_proj.weight": 0.04611688479781151, "model.layers.7.self_attn.k_proj.weight": 0.023078130558133125, "model.layers.7.self_attn.v_proj.weight": 0.023045504465699196, "model.layers.7.self_attn.o_proj.weight": 0.04721922427415848, "model.layers.7.mlp.gate_proj.weight": 0.09500027447938919, "model.layers.7.mlp.up_proj.weight": 0.09444695711135864, "model.layers.7.mlp.down_proj.weight": 0.0950818657875061, "model.layers.7.input_layernorm.weight": 0.0010190691100433469, "model.layers.7.post_attention_layernorm.weight": 0.0010504273232072592, "model.layers.8.self_attn.q_proj.weight": 0.047790128737688065, "model.layers.8.self_attn.k_proj.weight": 0.024128518998622894, "model.layers.8.self_attn.v_proj.weight": 0.023436976596713066, "model.layers.8.self_attn.o_proj.weight": 0.04791560769081116, "model.layers.8.mlp.gate_proj.weight": 0.09666021913290024, "model.layers.8.mlp.up_proj.weight": 0.09608767926692963, "model.layers.8.mlp.down_proj.weight": 0.09704998880624771, "model.layers.8.input_layernorm.weight": 0.001030940213240683, "model.layers.8.post_attention_layernorm.weight": 0.0010451277485117316, "model.layers.9.self_attn.q_proj.weight": 0.04820286110043526, "model.layers.9.self_attn.k_proj.weight": 0.02405824139714241, "model.layers.9.self_attn.v_proj.weight": 0.023809397593140602, "model.layers.9.self_attn.o_proj.weight": 0.04819990694522858, "model.layers.9.mlp.gate_proj.weight": 0.09834231436252594, "model.layers.9.mlp.up_proj.weight": 0.09767521917819977, "model.layers.9.mlp.down_proj.weight": 0.0984644666314125, "model.layers.9.input_layernorm.weight": 0.0010478537296876311, "model.layers.9.post_attention_layernorm.weight": 0.0010665222071111202, "model.layers.10.self_attn.q_proj.weight": 0.04861179739236832, "model.layers.10.self_attn.k_proj.weight": 0.02402167208492756, "model.layers.10.self_attn.v_proj.weight": 0.024315763264894485, "model.layers.10.self_attn.o_proj.weight": 0.0492594949901104, "model.layers.10.mlp.gate_proj.weight": 0.09911593049764633, "model.layers.10.mlp.up_proj.weight": 0.09896095842123032, "model.layers.10.mlp.down_proj.weight": 0.0993676409125328, "model.layers.10.input_layernorm.weight": 0.0010659057879820466, "model.layers.10.post_attention_layernorm.weight": 0.0010857578599825501, "model.layers.11.self_attn.q_proj.weight": 0.04941905662417412, "model.layers.11.self_attn.k_proj.weight": 0.024500856176018715, "model.layers.11.self_attn.v_proj.weight": 0.024626966565847397, "model.layers.11.self_attn.o_proj.weight": 0.04976937174797058, "model.layers.11.mlp.gate_proj.weight": 0.0993620902299881, "model.layers.11.mlp.up_proj.weight": 0.09957181662321091, "model.layers.11.mlp.down_proj.weight": 0.10001252591609955, "model.layers.11.input_layernorm.weight": 0.001058414694853127, "model.layers.11.post_attention_layernorm.weight": 0.001098077860660851, "model.layers.12.self_attn.q_proj.weight": 0.04909186065196991, "model.layers.12.self_attn.k_proj.weight": 0.024635551497340202, "model.layers.12.self_attn.v_proj.weight": 0.024931006133556366, "model.layers.12.self_attn.o_proj.weight": 0.04998376965522766, "model.layers.12.mlp.gate_proj.weight": 0.0998605489730835, "model.layers.12.mlp.up_proj.weight": 0.10023244470357895, "model.layers.12.mlp.down_proj.weight": 0.10034403949975967, "model.layers.12.input_layernorm.weight": 0.0010866670636460185, "model.layers.12.post_attention_layernorm.weight": 0.001075896667316556, "model.layers.13.self_attn.q_proj.weight": 0.048581428825855255, "model.layers.13.self_attn.k_proj.weight": 0.023957403376698494, "model.layers.13.self_attn.v_proj.weight": 0.024987442418932915, "model.layers.13.self_attn.o_proj.weight": 0.050542186945676804, "model.layers.13.mlp.gate_proj.weight": 0.10132258385419846, "model.layers.13.mlp.up_proj.weight": 0.10180359333753586, "model.layers.13.mlp.down_proj.weight": 0.10172387212514877,