{"total_norm": 7.14365291595459, "target_norm": 0.9237949252128601, "param2norm_diff": {"model.embed_tokens.weight": 0.14341185986995697, "model.layers.0.self_attn.q_proj.weight": 0.04749171435832977, "model.layers.0.self_attn.k_proj.weight": 0.024827728047966957, "model.layers.0.self_attn.v_proj.weight": 0.02308565191924572, "model.layers.0.self_attn.o_proj.weight": 0.04584187641739845, "model.layers.0.mlp.gate_proj.weight": 0.09006807208061218, "model.layers.0.mlp.up_proj.weight": 0.08997591584920883, "model.layers.0.mlp.down_proj.weight": 0.0895761102437973, "model.layers.0.input_layernorm.weight": 0.0010494956513866782, "model.layers.0.post_attention_layernorm.weight": 0.000991862965747714, "model.layers.1.self_attn.q_proj.weight": 0.04658802971243858, "model.layers.1.self_attn.k_proj.weight": 0.023359624668955803, "model.layers.1.self_attn.v_proj.weight": 0.022856568917632103, "model.layers.1.self_attn.o_proj.weight": 0.046220384538173676, "model.layers.1.mlp.gate_proj.weight": 0.0902034342288971, "model.layers.1.mlp.up_proj.weight": 0.09030026942491531, "model.layers.1.mlp.down_proj.weight": 0.0903809666633606, "model.layers.1.input_layernorm.weight": 0.000988271553069353, "model.layers.1.post_attention_layernorm.weight": 0.0009854944655671716, "model.layers.2.self_attn.q_proj.weight": 0.04726123809814453, "model.layers.2.self_attn.k_proj.weight": 0.023162441328167915, "model.layers.2.self_attn.v_proj.weight": 0.023703034967184067, "model.layers.2.self_attn.o_proj.weight": 0.04779205098748207, "model.layers.2.mlp.gate_proj.weight": 0.09114433079957962, "model.layers.2.mlp.up_proj.weight": 0.09105516225099564, "model.layers.2.mlp.down_proj.weight": 0.0915854200720787, "model.layers.2.input_layernorm.weight": 0.0010553307365626097, "model.layers.2.post_attention_layernorm.weight": 0.001004728488624096, "model.layers.3.self_attn.q_proj.weight": 0.0467773862183094, "model.layers.3.self_attn.k_proj.weight": 0.02333892323076725, "model.layers.3.self_attn.v_proj.weight": 0.023589784279465675, "model.layers.3.self_attn.o_proj.weight": 0.04708605259656906, "model.layers.3.mlp.gate_proj.weight": 0.09297619014978409, "model.layers.3.mlp.up_proj.weight": 0.09289508312940598, "model.layers.3.mlp.down_proj.weight": 0.09338246285915375, "model.layers.3.input_layernorm.weight": 0.0010216404916718602, "model.layers.3.post_attention_layernorm.weight": 0.0010199861135333776, "model.layers.4.self_attn.q_proj.weight": 0.0471918061375618, "model.layers.4.self_attn.k_proj.weight": 0.022829074412584305, "model.layers.4.self_attn.v_proj.weight": 0.023750197142362595, "model.layers.4.self_attn.o_proj.weight": 0.04732266068458557, "model.layers.4.mlp.gate_proj.weight": 0.09433330595493317, "model.layers.4.mlp.up_proj.weight": 0.09384109079837799, "model.layers.4.mlp.down_proj.weight": 0.09460628777742386, "model.layers.4.input_layernorm.weight": 0.0010060985805466771, "model.layers.4.post_attention_layernorm.weight": 0.0010390791576355696, "model.layers.5.self_attn.q_proj.weight": 0.047773271799087524, "model.layers.5.self_attn.k_proj.weight": 0.02395741641521454, "model.layers.5.self_attn.v_proj.weight": 0.023972630500793457, "model.layers.5.self_attn.o_proj.weight": 0.047283317893743515, "model.layers.5.mlp.gate_proj.weight": 0.09640186280012131, "model.layers.5.mlp.up_proj.weight": 0.09568646550178528, "model.layers.5.mlp.down_proj.weight": 0.09563559293746948, "model.layers.5.input_layernorm.weight": 0.0010423994390293956, "model.layers.5.post_attention_layernorm.weight": 0.0010436332086101174, "model.layers.6.self_attn.q_proj.weight": 0.04807475581765175, "model.layers.6.self_attn.k_proj.weight": 0.02404693141579628, "model.layers.6.self_attn.v_proj.weight": 0.024169011041522026, "model.layers.6.self_attn.o_proj.weight": 0.04782600700855255, "model.layers.6.mlp.gate_proj.weight": 0.09688708186149597, "model.layers.6.mlp.up_proj.weight": 0.09624762088060379, "model.layers.6.mlp.down_proj.weight": 0.09643816202878952, "model.layers.6.input_layernorm.weight": 0.0010464619845151901, "model.layers.6.post_attention_layernorm.weight": 0.0010498604970052838, "model.layers.7.self_attn.q_proj.weight": 0.04823071509599686, "model.layers.7.self_attn.k_proj.weight": 0.023854438215494156, "model.layers.7.self_attn.v_proj.weight": 0.023968633264303207, "model.layers.7.self_attn.o_proj.weight": 0.048311635851860046, "model.layers.7.mlp.gate_proj.weight": 0.09735327959060669, "model.layers.7.mlp.up_proj.weight": 0.0964927151799202, "model.layers.7.mlp.down_proj.weight": 0.09687427431344986, "model.layers.7.input_layernorm.weight": 0.0010562054812908173, "model.layers.7.post_attention_layernorm.weight": 0.0010687345638871193, "model.layers.8.self_attn.q_proj.weight": 0.04809114709496498, "model.layers.8.self_attn.k_proj.weight": 0.023965882137417793, "model.layers.8.self_attn.v_proj.weight": 0.02409190870821476, "model.layers.8.self_attn.o_proj.weight": 0.048578500747680664, "model.layers.8.mlp.gate_proj.weight": 0.09804417937994003, "model.layers.8.mlp.up_proj.weight": 0.09717254340648651, "model.layers.8.mlp.down_proj.weight": 0.09744638949632645, "model.layers.8.input_layernorm.weight": 0.001062199822627008, "model.layers.8.post_attention_layernorm.weight": 0.0010669950861483812, "model.layers.9.self_attn.q_proj.weight": 0.048937294632196426, "model.layers.9.self_attn.k_proj.weight": 0.023683087900280952, "model.layers.9.self_attn.v_proj.weight": 0.0239817276597023, "model.layers.9.self_attn.o_proj.weight": 0.048099059611558914, "model.layers.9.mlp.gate_proj.weight": 0.09856455028057098, "model.layers.9.mlp.up_proj.weight": 0.09790562093257904, "model.layers.9.mlp.down_proj.weight": 0.09818552434444427, "model.layers.9.input_layernorm.weight": 0.001031824853271246, "model.layers.9.post_attention_layernorm.weight": 0.0010782460449263453, "model.layers.10.self_attn.q_proj.weight": 0.049855269491672516, "model.layers.10.self_attn.k_proj.weight": 0.02442515641450882, "model.layers.10.self_attn.v_proj.weight": 0.02442464977502823, "model.layers.10.self_attn.o_proj.weight": 0.049308713525533676, "model.layers.10.mlp.gate_proj.weight": 0.09864433854818344, "model.layers.10.mlp.up_proj.weight": 0.09859117120504379, "model.layers.10.mlp.down_proj.weight": 0.09882330894470215, "model.layers.10.input_layernorm.weight": 0.001080967835150659, "model.layers.10.post_attention_layernorm.weight": 0.0010841645998880267, "model.layers.11.self_attn.q_proj.weight": 0.049363065510988235, "model.layers.11.self_attn.k_proj.weight": 0.02488475665450096, "model.layers.11.self_attn.v_proj.weight": 0.024359695613384247, "model.layers.11.self_attn.o_proj.weight": 0.04935643449425697, "model.layers.11.mlp.gate_proj.weight": 0.09848055243492126, "model.layers.11.mlp.up_proj.weight": 0.09870540350675583, "model.layers.11.mlp.down_proj.weight": 0.09889648854732513, "model.layers.11.input_layernorm.weight": 0.0010934582678601146, "model.layers.11.post_attention_layernorm.weight": 0.001076564542017877, "model.layers.12.self_attn.q_proj.weight": 0.049533892422914505, "model.layers.12.self_attn.k_proj.weight": 0.024142730981111526, "model.layers.12.self_attn.v_proj.weight": 0.024478867650032043, "model.layers.12.self_attn.o_proj.weight": 0.04985868185758591, "model.layers.12.mlp.gate_proj.weight": 0.09861843287944794, "model.layers.12.mlp.up_proj.weight": 0.09861750155687332, "model.layers.12.mlp.down_proj.weight": 0.09880543500185013, "model.layers.12.input_layernorm.weight": 0.0010770312510430813, "model.layers.12.post_attention_layernorm.weight": 0.0010868314420804381, "model.layers.13.self_attn.q_proj.weight": 0.049530744552612305, "model.layers.13.self_attn.k_proj.weight": 0.024169109761714935, "model.layers.13.self_attn.v_proj.weight": 0.024635745212435722, "model.layers.13.self_attn.o_proj.weight": 0.04967609420418739, "model.layers.13.mlp.gate_proj.weight": 0.1001662164926529, "model.layers.13.mlp.up_proj.weight": 0.10029305517673492, "model.layers.13.mlp.down_proj.weight": 0.100552499294281,