{"total_norm": 7.530792236328125, "target_norm": 0.9953410029411316, "param2norm_diff": {"model.embed_tokens.weight": 0.18841542303562164, "model.layers.0.self_attn.q_proj.weight": 0.04562290012836456, "model.layers.0.self_attn.k_proj.weight": 0.022731835022568703, "model.layers.0.self_attn.v_proj.weight": 0.023095227777957916, "model.layers.0.self_attn.o_proj.weight": 0.046711668372154236, "model.layers.0.mlp.gate_proj.weight": 0.09400847554206848, "model.layers.0.mlp.up_proj.weight": 0.09402438253164291, "model.layers.0.mlp.down_proj.weight": 0.0940069779753685, "model.layers.0.input_layernorm.weight": 0.0009958663722500205, "model.layers.0.post_attention_layernorm.weight": 0.0010363790206611156, "model.layers.1.self_attn.q_proj.weight": 0.04705777391791344, "model.layers.1.self_attn.k_proj.weight": 0.023226222023367882, "model.layers.1.self_attn.v_proj.weight": 0.023474901914596558, "model.layers.1.self_attn.o_proj.weight": 0.04642993584275246, "model.layers.1.mlp.gate_proj.weight": 0.09443697333335876, "model.layers.1.mlp.up_proj.weight": 0.09429667145013809, "model.layers.1.mlp.down_proj.weight": 0.09451892226934433, "model.layers.1.input_layernorm.weight": 0.0010180359240621328, "model.layers.1.post_attention_layernorm.weight": 0.001040533883497119, "model.layers.2.self_attn.q_proj.weight": 0.04717903584241867, "model.layers.2.self_attn.k_proj.weight": 0.022982021793723106, "model.layers.2.self_attn.v_proj.weight": 0.02354361116886139, "model.layers.2.self_attn.o_proj.weight": 0.0467735193669796, "model.layers.2.mlp.gate_proj.weight": 0.09558095037937164, "model.layers.2.mlp.up_proj.weight": 0.09520687907934189, "model.layers.2.mlp.down_proj.weight": 0.09607372432947159, "model.layers.2.input_layernorm.weight": 0.0009967833757400513, "model.layers.2.post_attention_layernorm.weight": 0.0010414195712655783, "model.layers.3.self_attn.q_proj.weight": 0.04732472449541092, "model.layers.3.self_attn.k_proj.weight": 0.023772940039634705, "model.layers.3.self_attn.v_proj.weight": 0.023426858708262444, "model.layers.3.self_attn.o_proj.weight": 0.04686252772808075, "model.layers.3.mlp.gate_proj.weight": 0.09806538373231888, "model.layers.3.mlp.up_proj.weight": 0.09673179686069489, "model.layers.3.mlp.down_proj.weight": 0.0970786064863205, "model.layers.3.input_layernorm.weight": 0.0010066783288493752, "model.layers.3.post_attention_layernorm.weight": 0.0010614622151479125, "model.layers.4.self_attn.q_proj.weight": 0.049502383917570114, "model.layers.4.self_attn.k_proj.weight": 0.024987298995256424, "model.layers.4.self_attn.v_proj.weight": 0.023241912946105003, "model.layers.4.self_attn.o_proj.weight": 0.046785298734903336, "model.layers.4.mlp.gate_proj.weight": 0.09811625629663467, "model.layers.4.mlp.up_proj.weight": 0.09672880917787552, "model.layers.4.mlp.down_proj.weight": 0.096794493496418, "model.layers.4.input_layernorm.weight": 0.0010329349897801876, "model.layers.4.post_attention_layernorm.weight": 0.0010634423233568668, "model.layers.5.self_attn.q_proj.weight": 0.04821384325623512, "model.layers.5.self_attn.k_proj.weight": 0.02356681413948536, "model.layers.5.self_attn.v_proj.weight": 0.023520532995462418, "model.layers.5.self_attn.o_proj.weight": 0.04656987264752388, "model.layers.5.mlp.gate_proj.weight": 0.09808731824159622, "model.layers.5.mlp.up_proj.weight": 0.09631390124559402, "model.layers.5.mlp.down_proj.weight": 0.09604964405298233, "model.layers.5.input_layernorm.weight": 0.0010378388687968254, "model.layers.5.post_attention_layernorm.weight": 0.0010470921406522393, "model.layers.6.self_attn.q_proj.weight": 0.049071647226810455, "model.layers.6.self_attn.k_proj.weight": 0.024550601840019226, "model.layers.6.self_attn.v_proj.weight": 0.02303316444158554, "model.layers.6.self_attn.o_proj.weight": 0.04637821391224861, "model.layers.6.mlp.gate_proj.weight": 0.09884608536958694, "model.layers.6.mlp.up_proj.weight": 0.09703884273767471, "model.layers.6.mlp.down_proj.weight": 0.09728091955184937, "model.layers.6.input_layernorm.weight": 0.001036941772326827, "model.layers.6.post_attention_layernorm.weight": 0.0010417393641546369, "model.layers.7.self_attn.q_proj.weight": 0.048030365258455276, "model.layers.7.self_attn.k_proj.weight": 0.024156374856829643, "model.layers.7.self_attn.v_proj.weight": 0.02315601333975792, "model.layers.7.self_attn.o_proj.weight": 0.046932972967624664, "model.layers.7.mlp.gate_proj.weight": 0.10136175900697708, "model.layers.7.mlp.up_proj.weight": 0.09995462745428085, "model.layers.7.mlp.down_proj.weight": 0.09923896938562393, "model.layers.7.input_layernorm.weight": 0.0009925479535013437, "model.layers.7.post_attention_layernorm.weight": 0.001085355062969029, "model.layers.8.self_attn.q_proj.weight": 0.05039693042635918, "model.layers.8.self_attn.k_proj.weight": 0.02508430927991867, "model.layers.8.self_attn.v_proj.weight": 0.024009469896554947, "model.layers.8.self_attn.o_proj.weight": 0.048577096313238144, "model.layers.8.mlp.gate_proj.weight": 0.10417557507753372, "model.layers.8.mlp.up_proj.weight": 0.10197122395038605, "model.layers.8.mlp.down_proj.weight": 0.10282518714666367, "model.layers.8.input_layernorm.weight": 0.0010622416157275438, "model.layers.8.post_attention_layernorm.weight": 0.001101030851714313, "model.layers.9.self_attn.q_proj.weight": 0.051003966480493546, "model.layers.9.self_attn.k_proj.weight": 0.024966076016426086, "model.layers.9.self_attn.v_proj.weight": 0.024701029062271118, "model.layers.9.self_attn.o_proj.weight": 0.050698623061180115, "model.layers.9.mlp.gate_proj.weight": 0.10776698589324951, "model.layers.9.mlp.up_proj.weight": 0.10611183196306229, "model.layers.9.mlp.down_proj.weight": 0.10662718862295151, "model.layers.9.input_layernorm.weight": 0.0010672305943444371, "model.layers.9.post_attention_layernorm.weight": 0.0011480991961434484, "model.layers.10.self_attn.q_proj.weight": 0.05076887086033821, "model.layers.10.self_attn.k_proj.weight": 0.025094935670495033, "model.layers.10.self_attn.v_proj.weight": 0.02580813691020012, "model.layers.10.self_attn.o_proj.weight": 0.05299008637666702, "model.layers.10.mlp.gate_proj.weight": 0.10843273252248764, "model.layers.10.mlp.up_proj.weight": 0.10847701132297516, "model.layers.10.mlp.down_proj.weight": 0.10807672142982483, "model.layers.10.input_layernorm.weight": 0.0011323466897010803, "model.layers.10.post_attention_layernorm.weight": 0.0011663773329928517, "model.layers.11.self_attn.q_proj.weight": 0.05325906351208687, "model.layers.11.self_attn.k_proj.weight": 0.026299092918634415, "model.layers.11.self_attn.v_proj.weight": 0.026732489466667175, "model.layers.11.self_attn.o_proj.weight": 0.05422640219330788, "model.layers.11.mlp.gate_proj.weight": 0.10800477117300034, "model.layers.11.mlp.up_proj.weight": 0.10937665402889252, "model.layers.11.mlp.down_proj.weight": 0.10866262018680573, "model.layers.11.input_layernorm.weight": 0.001134500722400844, "model.layers.11.post_attention_layernorm.weight": 0.0011917476076632738, "model.layers.12.self_attn.q_proj.weight": 0.053245894610881805, "model.layers.12.self_attn.k_proj.weight": 0.025584237650036812, "model.layers.12.self_attn.v_proj.weight": 0.026443736627697945, "model.layers.12.self_attn.o_proj.weight": 0.05380960553884506, "model.layers.12.mlp.gate_proj.weight": 0.10810307413339615, "model.layers.12.mlp.up_proj.weight": 0.10873478651046753, "model.layers.12.mlp.down_proj.weight": 0.10803380608558655, "model.layers.12.input_layernorm.weight": 0.0011306063970550895, "model.layers.12.post_attention_layernorm.weight": 0.0011968682520091534, "model.layers.13.self_attn.q_proj.weight": 0.052294373512268066, "model.layers.13.self_attn.k_proj.weight": 0.02589229680597782, "model.layers.13.self_attn.v_proj.weight": 0.026216639205813408, "model.layers.13.self_attn.o_proj.weight": 0.05330925062298775, "model.layers.13.mlp.gate_proj.weight": 0.10881781578063965, "model.layers.13.mlp.up_proj.weight": 0.10902493447065353, "model.layers.13.mlp.down_proj.weight": 0.10843616724014282,