{"total_norm": 7.335906982421875, "target_norm": 0.9782446622848511, "param2norm_diff": {"model.embed_tokens.weight": 0.18226070702075958, "model.layers.0.self_attn.q_proj.weight": 0.044439252465963364, "model.layers.0.self_attn.k_proj.weight": 0.021675771102309227, "model.layers.0.self_attn.v_proj.weight": 0.02297028712928295, "model.layers.0.self_attn.o_proj.weight": 0.04662775248289108, "model.layers.0.mlp.gate_proj.weight": 0.09347428381443024, "model.layers.0.mlp.up_proj.weight": 0.0936109647154808, "model.layers.0.mlp.down_proj.weight": 0.09379567950963974, "model.layers.0.input_layernorm.weight": 0.0009714368497952819, "model.layers.0.post_attention_layernorm.weight": 0.0010389749659225345, "model.layers.1.self_attn.q_proj.weight": 0.0459568090736866, "model.layers.1.self_attn.k_proj.weight": 0.023143189027905464, "model.layers.1.self_attn.v_proj.weight": 0.02341933734714985, "model.layers.1.self_attn.o_proj.weight": 0.04643242061138153, "model.layers.1.mlp.gate_proj.weight": 0.09375227987766266, "model.layers.1.mlp.up_proj.weight": 0.09357480704784393, "model.layers.1.mlp.down_proj.weight": 0.0939064621925354, "model.layers.1.input_layernorm.weight": 0.0010203324491158128, "model.layers.1.post_attention_layernorm.weight": 0.0010440816404297948, "model.layers.2.self_attn.q_proj.weight": 0.04551861807703972, "model.layers.2.self_attn.k_proj.weight": 0.022638585418462753, "model.layers.2.self_attn.v_proj.weight": 0.02335439994931221, "model.layers.2.self_attn.o_proj.weight": 0.04618677869439125, "model.layers.2.mlp.gate_proj.weight": 0.09380949288606644, "model.layers.2.mlp.up_proj.weight": 0.09325215220451355, "model.layers.2.mlp.down_proj.weight": 0.09386298060417175, "model.layers.2.input_layernorm.weight": 0.0010005815420299768, "model.layers.2.post_attention_layernorm.weight": 0.0010286406613886356, "model.layers.3.self_attn.q_proj.weight": 0.04611029475927353, "model.layers.3.self_attn.k_proj.weight": 0.023096546530723572, "model.layers.3.self_attn.v_proj.weight": 0.023025263100862503, "model.layers.3.self_attn.o_proj.weight": 0.0467727854847908, "model.layers.3.mlp.gate_proj.weight": 0.09405786544084549, "model.layers.3.mlp.up_proj.weight": 0.09370539337396622, "model.layers.3.mlp.down_proj.weight": 0.0941551923751831, "model.layers.3.input_layernorm.weight": 0.0010004207724705338, "model.layers.3.post_attention_layernorm.weight": 0.0010478966869413853, "model.layers.4.self_attn.q_proj.weight": 0.046074967831373215, "model.layers.4.self_attn.k_proj.weight": 0.02317727357149124, "model.layers.4.self_attn.v_proj.weight": 0.0228236373513937, "model.layers.4.self_attn.o_proj.weight": 0.046124763786792755, "model.layers.4.mlp.gate_proj.weight": 0.09465806931257248, "model.layers.4.mlp.up_proj.weight": 0.09421255439519882, "model.layers.4.mlp.down_proj.weight": 0.09472141414880753, "model.layers.4.input_layernorm.weight": 0.0010148492874577641, "model.layers.4.post_attention_layernorm.weight": 0.0010387133806943893, "model.layers.5.self_attn.q_proj.weight": 0.047062404453754425, "model.layers.5.self_attn.k_proj.weight": 0.023538393899798393, "model.layers.5.self_attn.v_proj.weight": 0.023517172783613205, "model.layers.5.self_attn.o_proj.weight": 0.04711829498410225, "model.layers.5.mlp.gate_proj.weight": 0.09551441669464111, "model.layers.5.mlp.up_proj.weight": 0.09529770165681839, "model.layers.5.mlp.down_proj.weight": 0.0955737978219986, "model.layers.5.input_layernorm.weight": 0.0010536722838878632, "model.layers.5.post_attention_layernorm.weight": 0.0010457232128828764, "model.layers.6.self_attn.q_proj.weight": 0.04757983237504959, "model.layers.6.self_attn.k_proj.weight": 0.023077260702848434, "model.layers.6.self_attn.v_proj.weight": 0.023646559566259384, "model.layers.6.self_attn.o_proj.weight": 0.04763013496994972, "model.layers.6.mlp.gate_proj.weight": 0.095972940325737, "model.layers.6.mlp.up_proj.weight": 0.0958356112241745, "model.layers.6.mlp.down_proj.weight": 0.09619717299938202, "model.layers.6.input_layernorm.weight": 0.0010328509379178286, "model.layers.6.post_attention_layernorm.weight": 0.0010334675898775458, "model.layers.7.self_attn.q_proj.weight": 0.04771460220217705, "model.layers.7.self_attn.k_proj.weight": 0.023997219279408455, "model.layers.7.self_attn.v_proj.weight": 0.02341350167989731, "model.layers.7.self_attn.o_proj.weight": 0.047335706651210785, "model.layers.7.mlp.gate_proj.weight": 0.09737185388803482, "model.layers.7.mlp.up_proj.weight": 0.09720411896705627, "model.layers.7.mlp.down_proj.weight": 0.09755334258079529, "model.layers.7.input_layernorm.weight": 0.0010214197682216763, "model.layers.7.post_attention_layernorm.weight": 0.00108056771568954, "model.layers.8.self_attn.q_proj.weight": 0.04810513183474541, "model.layers.8.self_attn.k_proj.weight": 0.02440500073134899, "model.layers.8.self_attn.v_proj.weight": 0.02366543747484684, "model.layers.8.self_attn.o_proj.weight": 0.04818016663193703, "model.layers.8.mlp.gate_proj.weight": 0.0985342264175415, "model.layers.8.mlp.up_proj.weight": 0.09904967248439789, "model.layers.8.mlp.down_proj.weight": 0.0998244509100914, "model.layers.8.input_layernorm.weight": 0.0010243745055049658, "model.layers.8.post_attention_layernorm.weight": 0.0010907574323937297, "model.layers.9.self_attn.q_proj.weight": 0.04955226182937622, "model.layers.9.self_attn.k_proj.weight": 0.024419566616415977, "model.layers.9.self_attn.v_proj.weight": 0.024536972865462303, "model.layers.9.self_attn.o_proj.weight": 0.049655672162771225, "model.layers.9.mlp.gate_proj.weight": 0.09986710548400879, "model.layers.9.mlp.up_proj.weight": 0.10128122568130493, "model.layers.9.mlp.down_proj.weight": 0.10171540826559067, "model.layers.9.input_layernorm.weight": 0.0010820766910910606, "model.layers.9.post_attention_layernorm.weight": 0.00110252492595464, "model.layers.10.self_attn.q_proj.weight": 0.05074520781636238, "model.layers.10.self_attn.k_proj.weight": 0.02525326982140541, "model.layers.10.self_attn.v_proj.weight": 0.0251055546104908, "model.layers.10.self_attn.o_proj.weight": 0.051181647926568985, "model.layers.10.mlp.gate_proj.weight": 0.10098636150360107, "model.layers.10.mlp.up_proj.weight": 0.10269282758235931, "model.layers.10.mlp.down_proj.weight": 0.10283952206373215, "model.layers.10.input_layernorm.weight": 0.0011061100522056222, "model.layers.10.post_attention_layernorm.weight": 0.0011289665708318353, "model.layers.11.self_attn.q_proj.weight": 0.05115595832467079, "model.layers.11.self_attn.k_proj.weight": 0.025412244722247124, "model.layers.11.self_attn.v_proj.weight": 0.025293802842497826, "model.layers.11.self_attn.o_proj.weight": 0.05203727260231972, "model.layers.11.mlp.gate_proj.weight": 0.10161854326725006, "model.layers.11.mlp.up_proj.weight": 0.10344582051038742, "model.layers.11.mlp.down_proj.weight": 0.1035822406411171, "model.layers.11.input_layernorm.weight": 0.001102389651350677, "model.layers.11.post_attention_layernorm.weight": 0.0011519239051267505, "model.layers.12.self_attn.q_proj.weight": 0.0509943813085556, "model.layers.12.self_attn.k_proj.weight": 0.02493247389793396, "model.layers.12.self_attn.v_proj.weight": 0.025879571214318275, "model.layers.12.self_attn.o_proj.weight": 0.05183278024196625, "model.layers.12.mlp.gate_proj.weight": 0.10315163433551788, "model.layers.12.mlp.up_proj.weight": 0.10382039844989777, "model.layers.12.mlp.down_proj.weight": 0.10437807440757751, "model.layers.12.input_layernorm.weight": 0.0011283035855740309, "model.layers.12.post_attention_layernorm.weight": 0.0011284761130809784, "model.layers.13.self_attn.q_proj.weight": 0.04984063282608986, "model.layers.13.self_attn.k_proj.weight": 0.024697961285710335, "model.layers.13.self_attn.v_proj.weight": 0.02588423155248165, "model.layers.13.self_attn.o_proj.weight": 0.05216905102133751, "model.layers.13.mlp.gate_proj.weight": 0.10511021316051483, "model.layers.13.mlp.up_proj.weight": 0.10547345876693726, "model.layers.13.mlp.down_proj.weight": 0.1064244732260704,