{"total_norm": 7.427248954772949, "target_norm": 0.9568374752998352, "param2norm_diff": {"model.embed_tokens.weight": 0.1750764399766922, "model.layers.0.self_attn.q_proj.weight": 0.046140238642692566, "model.layers.0.self_attn.k_proj.weight": 0.023536982014775276, "model.layers.0.self_attn.v_proj.weight": 0.023312967270612717, "model.layers.0.self_attn.o_proj.weight": 0.04643607139587402, "model.layers.0.mlp.gate_proj.weight": 0.09212858229875565, "model.layers.0.mlp.up_proj.weight": 0.09197987616062164, "model.layers.0.mlp.down_proj.weight": 0.09186402708292007, "model.layers.0.input_layernorm.weight": 0.001032976433634758, "model.layers.0.post_attention_layernorm.weight": 0.0010153985349461436, "model.layers.1.self_attn.q_proj.weight": 0.04765276610851288, "model.layers.1.self_attn.k_proj.weight": 0.02365189976990223, "model.layers.1.self_attn.v_proj.weight": 0.02333122491836548, "model.layers.1.self_attn.o_proj.weight": 0.047004930675029755, "model.layers.1.mlp.gate_proj.weight": 0.09160168468952179, "model.layers.1.mlp.up_proj.weight": 0.09160924702882767, "model.layers.1.mlp.down_proj.weight": 0.09166713804006577, "model.layers.1.input_layernorm.weight": 0.0010095688048750162, "model.layers.1.post_attention_layernorm.weight": 0.0010186637518927455, "model.layers.2.self_attn.q_proj.weight": 0.04776269942522049, "model.layers.2.self_attn.k_proj.weight": 0.023667598143219948, "model.layers.2.self_attn.v_proj.weight": 0.023891493678092957, "model.layers.2.self_attn.o_proj.weight": 0.048177916556596756, "model.layers.2.mlp.gate_proj.weight": 0.09201380610466003, "model.layers.2.mlp.up_proj.weight": 0.09213860332965851, "model.layers.2.mlp.down_proj.weight": 0.09293634444475174, "model.layers.2.input_layernorm.weight": 0.0010257709072902799, "model.layers.2.post_attention_layernorm.weight": 0.001016230438835919, "model.layers.3.self_attn.q_proj.weight": 0.04807472229003906, "model.layers.3.self_attn.k_proj.weight": 0.023353684693574905, "model.layers.3.self_attn.v_proj.weight": 0.023436175659298897, "model.layers.3.self_attn.o_proj.weight": 0.04731540009379387, "model.layers.3.mlp.gate_proj.weight": 0.09436235576868057, "model.layers.3.mlp.up_proj.weight": 0.09429358690977097, "model.layers.3.mlp.down_proj.weight": 0.09536963701248169, "model.layers.3.input_layernorm.weight": 0.0010264491429552436, "model.layers.3.post_attention_layernorm.weight": 0.001037798821926117, "model.layers.4.self_attn.q_proj.weight": 0.04874581843614578, "model.layers.4.self_attn.k_proj.weight": 0.024484805762767792, "model.layers.4.self_attn.v_proj.weight": 0.023623576387763023, "model.layers.4.self_attn.o_proj.weight": 0.04767747223377228, "model.layers.4.mlp.gate_proj.weight": 0.09715795516967773, "model.layers.4.mlp.up_proj.weight": 0.09606826305389404, "model.layers.4.mlp.down_proj.weight": 0.09691613912582397, "model.layers.4.input_layernorm.weight": 0.00100573746021837, "model.layers.4.post_attention_layernorm.weight": 0.0010305712930858135, "model.layers.5.self_attn.q_proj.weight": 0.048102304339408875, "model.layers.5.self_attn.k_proj.weight": 0.023909572511911392, "model.layers.5.self_attn.v_proj.weight": 0.023816578090190887, "model.layers.5.self_attn.o_proj.weight": 0.04801096022129059, "model.layers.5.mlp.gate_proj.weight": 0.09864997863769531, "model.layers.5.mlp.up_proj.weight": 0.0975496768951416, "model.layers.5.mlp.down_proj.weight": 0.09783744812011719, "model.layers.5.input_layernorm.weight": 0.0010428817477077246, "model.layers.5.post_attention_layernorm.weight": 0.0010713088558986783, "model.layers.6.self_attn.q_proj.weight": 0.04966576769948006, "model.layers.6.self_attn.k_proj.weight": 0.024744788184762, "model.layers.6.self_attn.v_proj.weight": 0.024320272728800774, "model.layers.6.self_attn.o_proj.weight": 0.04894652217626572, "model.layers.6.mlp.gate_proj.weight": 0.09958919882774353, "model.layers.6.mlp.up_proj.weight": 0.09845485538244247, "model.layers.6.mlp.down_proj.weight": 0.0995115414261818, "model.layers.6.input_layernorm.weight": 0.0010412599658593535, "model.layers.6.post_attention_layernorm.weight": 0.0010848320089280605, "model.layers.7.self_attn.q_proj.weight": 0.04979671910405159, "model.layers.7.self_attn.k_proj.weight": 0.0246175117790699, "model.layers.7.self_attn.v_proj.weight": 0.024422448128461838, "model.layers.7.self_attn.o_proj.weight": 0.04944807291030884, "model.layers.7.mlp.gate_proj.weight": 0.10184367746114731, "model.layers.7.mlp.up_proj.weight": 0.09989528357982635, "model.layers.7.mlp.down_proj.weight": 0.10024992376565933, "model.layers.7.input_layernorm.weight": 0.0010627472074702382, "model.layers.7.post_attention_layernorm.weight": 0.0010781700257211924, "model.layers.8.self_attn.q_proj.weight": 0.04897115007042885, "model.layers.8.self_attn.k_proj.weight": 0.02470588870346546, "model.layers.8.self_attn.v_proj.weight": 0.02447994239628315, "model.layers.8.self_attn.o_proj.weight": 0.049548715353012085, "model.layers.8.mlp.gate_proj.weight": 0.10405120998620987, "model.layers.8.mlp.up_proj.weight": 0.10070236027240753, "model.layers.8.mlp.down_proj.weight": 0.10216093063354492, "model.layers.8.input_layernorm.weight": 0.0010598200606182218, "model.layers.8.post_attention_layernorm.weight": 0.001101269735954702, "model.layers.9.self_attn.q_proj.weight": 0.05163108557462692, "model.layers.9.self_attn.k_proj.weight": 0.025353794917464256, "model.layers.9.self_attn.v_proj.weight": 0.02470344491302967, "model.layers.9.self_attn.o_proj.weight": 0.050912871956825256, "model.layers.9.mlp.gate_proj.weight": 0.10588455945253372, "model.layers.9.mlp.up_proj.weight": 0.10288326442241669, "model.layers.9.mlp.down_proj.weight": 0.10462667793035507, "model.layers.9.input_layernorm.weight": 0.0010840651812031865, "model.layers.9.post_attention_layernorm.weight": 0.0011161129223182797, "model.layers.10.self_attn.q_proj.weight": 0.05178043991327286, "model.layers.10.self_attn.k_proj.weight": 0.026608159765601158, "model.layers.10.self_attn.v_proj.weight": 0.02593616396188736, "model.layers.10.self_attn.o_proj.weight": 0.05253959074616432, "model.layers.10.mlp.gate_proj.weight": 0.10506603121757507, "model.layers.10.mlp.up_proj.weight": 0.10453682392835617, "model.layers.10.mlp.down_proj.weight": 0.10491278767585754, "model.layers.10.input_layernorm.weight": 0.001107583288103342, "model.layers.10.post_attention_layernorm.weight": 0.0011436878703534603, "model.layers.11.self_attn.q_proj.weight": 0.05353527516126633, "model.layers.11.self_attn.k_proj.weight": 0.02617327868938446, "model.layers.11.self_attn.v_proj.weight": 0.026261648163199425, "model.layers.11.self_attn.o_proj.weight": 0.053905632346868515, "model.layers.11.mlp.gate_proj.weight": 0.10444207489490509, "model.layers.11.mlp.up_proj.weight": 0.10489532351493835, "model.layers.11.mlp.down_proj.weight": 0.10526133328676224, "model.layers.11.input_layernorm.weight": 0.0010916173923760653, "model.layers.11.post_attention_layernorm.weight": 0.0011219970183447003, "model.layers.12.self_attn.q_proj.weight": 0.051416411995887756, "model.layers.12.self_attn.k_proj.weight": 0.0248006209731102, "model.layers.12.self_attn.v_proj.weight": 0.026354700326919556, "model.layers.12.self_attn.o_proj.weight": 0.05406055971980095, "model.layers.12.mlp.gate_proj.weight": 0.1040024608373642, "model.layers.12.mlp.up_proj.weight": 0.1043701320886612, "model.layers.12.mlp.down_proj.weight": 0.10393118113279343, "model.layers.12.input_layernorm.weight": 0.0011587811168283224, "model.layers.12.post_attention_layernorm.weight": 0.0011396371992304921, "model.layers.13.self_attn.q_proj.weight": 0.051947079598903656, "model.layers.13.self_attn.k_proj.weight": 0.025850698351860046, "model.layers.13.self_attn.v_proj.weight": 0.026108335703611374, "model.layers.13.self_attn.o_proj.weight": 0.052727110683918, "model.layers.13.mlp.gate_proj.weight": 0.10431759804487228, "model.layers.13.mlp.up_proj.weight": 0.1044946163892746, "model.layers.13.mlp.down_proj.weight": 0.10458764433860779,