{"total_norm": 7.42899227142334, "target_norm": 0.9851852655410767, "param2norm_diff": {"model.embed_tokens.weight": 0.17475982010364532, "model.layers.0.self_attn.q_proj.weight": 0.0444929264485836, "model.layers.0.self_attn.k_proj.weight": 0.023858489468693733, "model.layers.0.self_attn.v_proj.weight": 0.02260163240134716, "model.layers.0.self_attn.o_proj.weight": 0.046121470630168915, "model.layers.0.mlp.gate_proj.weight": 0.09161967784166336, "model.layers.0.mlp.up_proj.weight": 0.09159810096025467, "model.layers.0.mlp.down_proj.weight": 0.09198101609945297, "model.layers.0.input_layernorm.weight": 0.0009842431172728539, "model.layers.0.post_attention_layernorm.weight": 0.001006504287943244, "model.layers.1.self_attn.q_proj.weight": 0.04611240699887276, "model.layers.1.self_attn.k_proj.weight": 0.023326309397816658, "model.layers.1.self_attn.v_proj.weight": 0.02302149310708046, "model.layers.1.self_attn.o_proj.weight": 0.04661206528544426, "model.layers.1.mlp.gate_proj.weight": 0.0916128009557724, "model.layers.1.mlp.up_proj.weight": 0.09157300740480423, "model.layers.1.mlp.down_proj.weight": 0.09198449552059174, "model.layers.1.input_layernorm.weight": 0.0009666707483120263, "model.layers.1.post_attention_layernorm.weight": 0.001012021442875266, "model.layers.2.self_attn.q_proj.weight": 0.0462958887219429, "model.layers.2.self_attn.k_proj.weight": 0.02306307479739189, "model.layers.2.self_attn.v_proj.weight": 0.023420654237270355, "model.layers.2.self_attn.o_proj.weight": 0.04791571572422981, "model.layers.2.mlp.gate_proj.weight": 0.09289306402206421, "model.layers.2.mlp.up_proj.weight": 0.0932084321975708, "model.layers.2.mlp.down_proj.weight": 0.09391564130783081, "model.layers.2.input_layernorm.weight": 0.001010623062029481, "model.layers.2.post_attention_layernorm.weight": 0.0010066797258332372, "model.layers.3.self_attn.q_proj.weight": 0.0485212616622448, "model.layers.3.self_attn.k_proj.weight": 0.02414073422551155, "model.layers.3.self_attn.v_proj.weight": 0.023458799347281456, "model.layers.3.self_attn.o_proj.weight": 0.0477546751499176, "model.layers.3.mlp.gate_proj.weight": 0.09485164284706116, "model.layers.3.mlp.up_proj.weight": 0.09495815634727478, "model.layers.3.mlp.down_proj.weight": 0.09550875425338745, "model.layers.3.input_layernorm.weight": 0.0010619868990033865, "model.layers.3.post_attention_layernorm.weight": 0.0010333731770515442, "model.layers.4.self_attn.q_proj.weight": 0.04818335175514221, "model.layers.4.self_attn.k_proj.weight": 0.024393204599618912, "model.layers.4.self_attn.v_proj.weight": 0.023475276306271553, "model.layers.4.self_attn.o_proj.weight": 0.047163933515548706, "model.layers.4.mlp.gate_proj.weight": 0.09614486992359161, "model.layers.4.mlp.up_proj.weight": 0.09574463218450546, "model.layers.4.mlp.down_proj.weight": 0.09631355106830597, "model.layers.4.input_layernorm.weight": 0.0010358425788581371, "model.layers.4.post_attention_layernorm.weight": 0.0010404862696304917, "model.layers.5.self_attn.q_proj.weight": 0.0472743846476078, "model.layers.5.self_attn.k_proj.weight": 0.023505868390202522, "model.layers.5.self_attn.v_proj.weight": 0.02385612577199936, "model.layers.5.self_attn.o_proj.weight": 0.04797062277793884, "model.layers.5.mlp.gate_proj.weight": 0.09657122939825058, "model.layers.5.mlp.up_proj.weight": 0.09578146785497665, "model.layers.5.mlp.down_proj.weight": 0.09623727202415466, "model.layers.5.input_layernorm.weight": 0.0010412931442260742, "model.layers.5.post_attention_layernorm.weight": 0.0010382995242252946, "model.layers.6.self_attn.q_proj.weight": 0.04797970503568649, "model.layers.6.self_attn.k_proj.weight": 0.023790627717971802, "model.layers.6.self_attn.v_proj.weight": 0.0234939306974411, "model.layers.6.self_attn.o_proj.weight": 0.04796046018600464, "model.layers.6.mlp.gate_proj.weight": 0.09750524163246155, "model.layers.6.mlp.up_proj.weight": 0.09694337844848633, "model.layers.6.mlp.down_proj.weight": 0.09724560379981995, "model.layers.6.input_layernorm.weight": 0.001017292495816946, "model.layers.6.post_attention_layernorm.weight": 0.001081752823665738, "model.layers.7.self_attn.q_proj.weight": 0.047163814306259155, "model.layers.7.self_attn.k_proj.weight": 0.023537177592515945, "model.layers.7.self_attn.v_proj.weight": 0.023889049887657166, "model.layers.7.self_attn.o_proj.weight": 0.04853247478604317, "model.layers.7.mlp.gate_proj.weight": 0.09922582656145096, "model.layers.7.mlp.up_proj.weight": 0.09824226051568985, "model.layers.7.mlp.down_proj.weight": 0.09856065362691879, "model.layers.7.input_layernorm.weight": 0.0010042624780908227, "model.layers.7.post_attention_layernorm.weight": 0.0010974272154271603, "model.layers.8.self_attn.q_proj.weight": 0.04919809475541115, "model.layers.8.self_attn.k_proj.weight": 0.024637186899781227, "model.layers.8.self_attn.v_proj.weight": 0.02370455302298069, "model.layers.8.self_attn.o_proj.weight": 0.04923660680651665, "model.layers.8.mlp.gate_proj.weight": 0.1017540916800499, "model.layers.8.mlp.up_proj.weight": 0.10061890631914139, "model.layers.8.mlp.down_proj.weight": 0.10150401294231415, "model.layers.8.input_layernorm.weight": 0.00104276102501899, "model.layers.8.post_attention_layernorm.weight": 0.0011076885275542736, "model.layers.9.self_attn.q_proj.weight": 0.05123645439743996, "model.layers.9.self_attn.k_proj.weight": 0.025572143495082855, "model.layers.9.self_attn.v_proj.weight": 0.025029432028532028, "model.layers.9.self_attn.o_proj.weight": 0.05104072764515877, "model.layers.9.mlp.gate_proj.weight": 0.10355723649263382, "model.layers.9.mlp.up_proj.weight": 0.10316886007785797, "model.layers.9.mlp.down_proj.weight": 0.1039065346121788, "model.layers.9.input_layernorm.weight": 0.0010824251221492887, "model.layers.9.post_attention_layernorm.weight": 0.0011268703965470195, "model.layers.10.self_attn.q_proj.weight": 0.051864396780729294, "model.layers.10.self_attn.k_proj.weight": 0.02589537389576435, "model.layers.10.self_attn.v_proj.weight": 0.025622742250561714, "model.layers.10.self_attn.o_proj.weight": 0.05234749615192413, "model.layers.10.mlp.gate_proj.weight": 0.10365400463342667, "model.layers.10.mlp.up_proj.weight": 0.10447824746370316, "model.layers.10.mlp.down_proj.weight": 0.10478214174509048, "model.layers.10.input_layernorm.weight": 0.0011323734652251005, "model.layers.10.post_attention_layernorm.weight": 0.0011452246690168977, "model.layers.11.self_attn.q_proj.weight": 0.05192260444164276, "model.layers.11.self_attn.k_proj.weight": 0.02567080408334732, "model.layers.11.self_attn.v_proj.weight": 0.02566201612353325, "model.layers.11.self_attn.o_proj.weight": 0.05318355932831764, "model.layers.11.mlp.gate_proj.weight": 0.10424786061048508, "model.layers.11.mlp.up_proj.weight": 0.10571683198213577, "model.layers.11.mlp.down_proj.weight": 0.10625521093606949, "model.layers.11.input_layernorm.weight": 0.0010848311940208077, "model.layers.11.post_attention_layernorm.weight": 0.0011612834641709924, "model.layers.12.self_attn.q_proj.weight": 0.05292244255542755, "model.layers.12.self_attn.k_proj.weight": 0.025251246988773346, "model.layers.12.self_attn.v_proj.weight": 0.02681814506649971, "model.layers.12.self_attn.o_proj.weight": 0.05414104089140892, "model.layers.12.mlp.gate_proj.weight": 0.10444562882184982, "model.layers.12.mlp.up_proj.weight": 0.10497457534074783, "model.layers.12.mlp.down_proj.weight": 0.10601052641868591, "model.layers.12.input_layernorm.weight": 0.0011610231595113873, "model.layers.12.post_attention_layernorm.weight": 0.001165438094176352, "model.layers.13.self_attn.q_proj.weight": 0.05258922651410103, "model.layers.13.self_attn.k_proj.weight": 0.02690274640917778, "model.layers.13.self_attn.v_proj.weight": 0.026918979361653328, "model.layers.13.self_attn.o_proj.weight": 0.053747277706861496, "model.layers.13.mlp.gate_proj.weight": 0.10633911937475204, "model.layers.13.mlp.up_proj.weight": 0.10631707310676575, "model.layers.13.mlp.down_proj.weight": 0.10738105326890945,