{"total_norm": 7.199162483215332, "target_norm": 0.9211881160736084, "param2norm_diff": {"model.embed_tokens.weight": 0.1852683275938034, "model.layers.0.self_attn.q_proj.weight": 0.045570895075798035, "model.layers.0.self_attn.k_proj.weight": 0.02220642939209938, "model.layers.0.self_attn.v_proj.weight": 0.022838888689875603, "model.layers.0.self_attn.o_proj.weight": 0.045576225966215134, "model.layers.0.mlp.gate_proj.weight": 0.08913655579090118, "model.layers.0.mlp.up_proj.weight": 0.08930391073226929, "model.layers.0.mlp.down_proj.weight": 0.08970403671264648, "model.layers.0.input_layernorm.weight": 0.0009991263505071402, "model.layers.0.post_attention_layernorm.weight": 0.0009917386341840029, "model.layers.1.self_attn.q_proj.weight": 0.043167952448129654, "model.layers.1.self_attn.k_proj.weight": 0.021306883543729782, "model.layers.1.self_attn.v_proj.weight": 0.02274741791188717, "model.layers.1.self_attn.o_proj.weight": 0.04613814502954483, "model.layers.1.mlp.gate_proj.weight": 0.09064384549856186, "model.layers.1.mlp.up_proj.weight": 0.09062318503856659, "model.layers.1.mlp.down_proj.weight": 0.0910489559173584, "model.layers.1.input_layernorm.weight": 0.0009353907080367208, "model.layers.1.post_attention_layernorm.weight": 0.0009928601793944836, "model.layers.2.self_attn.q_proj.weight": 0.04380502179265022, "model.layers.2.self_attn.k_proj.weight": 0.020659787580370903, "model.layers.2.self_attn.v_proj.weight": 0.023030543699860573, "model.layers.2.self_attn.o_proj.weight": 0.04686257988214493, "model.layers.2.mlp.gate_proj.weight": 0.09251882135868073, "model.layers.2.mlp.up_proj.weight": 0.09247920662164688, "model.layers.2.mlp.down_proj.weight": 0.09272317588329315, "model.layers.2.input_layernorm.weight": 0.0009376734378747642, "model.layers.2.post_attention_layernorm.weight": 0.0010077609913423657, "model.layers.3.self_attn.q_proj.weight": 0.04860181733965874, "model.layers.3.self_attn.k_proj.weight": 0.024574870243668556, "model.layers.3.self_attn.v_proj.weight": 0.02282479777932167, "model.layers.3.self_attn.o_proj.weight": 0.04679981619119644, "model.layers.3.mlp.gate_proj.weight": 0.09354066103696823, "model.layers.3.mlp.up_proj.weight": 0.09288427978754044, "model.layers.3.mlp.down_proj.weight": 0.09359519928693771, "model.layers.3.input_layernorm.weight": 0.0010076520266011357, "model.layers.3.post_attention_layernorm.weight": 0.0010148301953449845, "model.layers.4.self_attn.q_proj.weight": 0.0461137481033802, "model.layers.4.self_attn.k_proj.weight": 0.023434335365891457, "model.layers.4.self_attn.v_proj.weight": 0.023269519209861755, "model.layers.4.self_attn.o_proj.weight": 0.046704187989234924, "model.layers.4.mlp.gate_proj.weight": 0.09461750835180283, "model.layers.4.mlp.up_proj.weight": 0.09417666494846344, "model.layers.4.mlp.down_proj.weight": 0.0948881208896637, "model.layers.4.input_layernorm.weight": 0.0010314013343304396, "model.layers.4.post_attention_layernorm.weight": 0.001017955131828785, "model.layers.5.self_attn.q_proj.weight": 0.048069119453430176, "model.layers.5.self_attn.k_proj.weight": 0.02430279180407524, "model.layers.5.self_attn.v_proj.weight": 0.023682741448283195, "model.layers.5.self_attn.o_proj.weight": 0.04745277762413025, "model.layers.5.mlp.gate_proj.weight": 0.09592650085687637, "model.layers.5.mlp.up_proj.weight": 0.09554281085729599, "model.layers.5.mlp.down_proj.weight": 0.09566108882427216, "model.layers.5.input_layernorm.weight": 0.0010547064011916518, "model.layers.5.post_attention_layernorm.weight": 0.0010325091425329447, "model.layers.6.self_attn.q_proj.weight": 0.0472412109375, "model.layers.6.self_attn.k_proj.weight": 0.023448409512639046, "model.layers.6.self_attn.v_proj.weight": 0.023886479437351227, "model.layers.6.self_attn.o_proj.weight": 0.04729495942592621, "model.layers.6.mlp.gate_proj.weight": 0.09636415541172028, "model.layers.6.mlp.up_proj.weight": 0.0959239974617958, "model.layers.6.mlp.down_proj.weight": 0.09685087949037552, "model.layers.6.input_layernorm.weight": 0.0010508827399462461, "model.layers.6.post_attention_layernorm.weight": 0.0010427035158500075, "model.layers.7.self_attn.q_proj.weight": 0.048297327011823654, "model.layers.7.self_attn.k_proj.weight": 0.023663466796278954, "model.layers.7.self_attn.v_proj.weight": 0.023582950234413147, "model.layers.7.self_attn.o_proj.weight": 0.047818735241889954, "model.layers.7.mlp.gate_proj.weight": 0.09843574464321136, "model.layers.7.mlp.up_proj.weight": 0.09738019108772278, "model.layers.7.mlp.down_proj.weight": 0.09734341502189636, "model.layers.7.input_layernorm.weight": 0.00104871008079499, "model.layers.7.post_attention_layernorm.weight": 0.0010670190677046776, "model.layers.8.self_attn.q_proj.weight": 0.0482129342854023, "model.layers.8.self_attn.k_proj.weight": 0.023676365613937378, "model.layers.8.self_attn.v_proj.weight": 0.023502463474869728, "model.layers.8.self_attn.o_proj.weight": 0.047862447798252106, "model.layers.8.mlp.gate_proj.weight": 0.09914711862802505, "model.layers.8.mlp.up_proj.weight": 0.09760107100009918, "model.layers.8.mlp.down_proj.weight": 0.09862801432609558, "model.layers.8.input_layernorm.weight": 0.0010360192973166704, "model.layers.8.post_attention_layernorm.weight": 0.0010915242601186037, "model.layers.9.self_attn.q_proj.weight": 0.05019835755228996, "model.layers.9.self_attn.k_proj.weight": 0.024342304095625877, "model.layers.9.self_attn.v_proj.weight": 0.023991817608475685, "model.layers.9.self_attn.o_proj.weight": 0.048897575587034225, "model.layers.9.mlp.gate_proj.weight": 0.10040534287691116, "model.layers.9.mlp.up_proj.weight": 0.09856809675693512, "model.layers.9.mlp.down_proj.weight": 0.09961466491222382, "model.layers.9.input_layernorm.weight": 0.0010449356632307172, "model.layers.9.post_attention_layernorm.weight": 0.0010691581992432475, "model.layers.10.self_attn.q_proj.weight": 0.04936470463871956, "model.layers.10.self_attn.k_proj.weight": 0.02400137670338154, "model.layers.10.self_attn.v_proj.weight": 0.0242986511439085, "model.layers.10.self_attn.o_proj.weight": 0.050492290407419205, "model.layers.10.mlp.gate_proj.weight": 0.10049331933259964, "model.layers.10.mlp.up_proj.weight": 0.10021337866783142, "model.layers.10.mlp.down_proj.weight": 0.10063696652650833, "model.layers.10.input_layernorm.weight": 0.0010426980443298817, "model.layers.10.post_attention_layernorm.weight": 0.0010922109941020608, "model.layers.11.self_attn.q_proj.weight": 0.050461575388908386, "model.layers.11.self_attn.k_proj.weight": 0.0245125200599432, "model.layers.11.self_attn.v_proj.weight": 0.0251309797167778, "model.layers.11.self_attn.o_proj.weight": 0.05100410804152489, "model.layers.11.mlp.gate_proj.weight": 0.09921219944953918, "model.layers.11.mlp.up_proj.weight": 0.10037297755479813, "model.layers.11.mlp.down_proj.weight": 0.10060598701238632, "model.layers.11.input_layernorm.weight": 0.0010822709882631898, "model.layers.11.post_attention_layernorm.weight": 0.0010834664572030306, "model.layers.12.self_attn.q_proj.weight": 0.050517093390226364, "model.layers.12.self_attn.k_proj.weight": 0.02395968697965145, "model.layers.12.self_attn.v_proj.weight": 0.025249449536204338, "model.layers.12.self_attn.o_proj.weight": 0.05174270272254944, "model.layers.12.mlp.gate_proj.weight": 0.09934502094984055, "model.layers.12.mlp.up_proj.weight": 0.09975969046354294, "model.layers.12.mlp.down_proj.weight": 0.10038301348686218, "model.layers.12.input_layernorm.weight": 0.0010868352837860584, "model.layers.12.post_attention_layernorm.weight": 0.001094294711947441, "model.layers.13.self_attn.q_proj.weight": 0.049409884959459305, "model.layers.13.self_attn.k_proj.weight": 0.024418197572231293, "model.layers.13.self_attn.v_proj.weight": 0.02492971532046795, "model.layers.13.self_attn.o_proj.weight": 0.05022022873163223, "model.layers.13.mlp.gate_proj.weight": 0.10028836876153946, "model.layers.13.mlp.up_proj.weight": 0.10017286986112595, "model.layers.13.mlp.down_proj.weight": 0.10141997784376144,