{"total_norm": 7.774908542633057, "target_norm": 1.016159176826477, "param2norm_diff": {"model.embed_tokens.weight": 0.21049678325653076, "model.layers.0.self_attn.q_proj.weight": 0.04725644364953041, "model.layers.0.self_attn.k_proj.weight": 0.02352719195187092, "model.layers.0.self_attn.v_proj.weight": 0.02368774265050888, "model.layers.0.self_attn.o_proj.weight": 0.04773913696408272, "model.layers.0.mlp.gate_proj.weight": 0.09466017782688141, "model.layers.0.mlp.up_proj.weight": 0.09456633031368256, "model.layers.0.mlp.down_proj.weight": 0.09469787031412125, "model.layers.0.input_layernorm.weight": 0.001045804936438799, "model.layers.0.post_attention_layernorm.weight": 0.001025763456709683, "model.layers.1.self_attn.q_proj.weight": 0.048111215233802795, "model.layers.1.self_attn.k_proj.weight": 0.023622605949640274, "model.layers.1.self_attn.v_proj.weight": 0.02388390153646469, "model.layers.1.self_attn.o_proj.weight": 0.0484582781791687, "model.layers.1.mlp.gate_proj.weight": 0.09498536586761475, "model.layers.1.mlp.up_proj.weight": 0.0947481095790863, "model.layers.1.mlp.down_proj.weight": 0.0951790139079094, "model.layers.1.input_layernorm.weight": 0.0010271015344187617, "model.layers.1.post_attention_layernorm.weight": 0.0010342205641791224, "model.layers.2.self_attn.q_proj.weight": 0.04946783930063248, "model.layers.2.self_attn.k_proj.weight": 0.02428651601076126, "model.layers.2.self_attn.v_proj.weight": 0.024207139387726784, "model.layers.2.self_attn.o_proj.weight": 0.04942557215690613, "model.layers.2.mlp.gate_proj.weight": 0.0954110324382782, "model.layers.2.mlp.up_proj.weight": 0.09547317028045654, "model.layers.2.mlp.down_proj.weight": 0.09624530375003815, "model.layers.2.input_layernorm.weight": 0.0010644382564350963, "model.layers.2.post_attention_layernorm.weight": 0.001032104599289596, "model.layers.3.self_attn.q_proj.weight": 0.04924394562840462, "model.layers.3.self_attn.k_proj.weight": 0.024449903517961502, "model.layers.3.self_attn.v_proj.weight": 0.024294422939419746, "model.layers.3.self_attn.o_proj.weight": 0.04910918325185776, "model.layers.3.mlp.gate_proj.weight": 0.09715225547552109, "model.layers.3.mlp.up_proj.weight": 0.09671901911497116, "model.layers.3.mlp.down_proj.weight": 0.09773050993680954, "model.layers.3.input_layernorm.weight": 0.0010782887693494558, "model.layers.3.post_attention_layernorm.weight": 0.0010490500135347247, "model.layers.4.self_attn.q_proj.weight": 0.04896553233265877, "model.layers.4.self_attn.k_proj.weight": 0.024385234341025352, "model.layers.4.self_attn.v_proj.weight": 0.024234391748905182, "model.layers.4.self_attn.o_proj.weight": 0.048634324222803116, "model.layers.4.mlp.gate_proj.weight": 0.09895998984575272, "model.layers.4.mlp.up_proj.weight": 0.09870576113462448, "model.layers.4.mlp.down_proj.weight": 0.09959028661251068, "model.layers.4.input_layernorm.weight": 0.0010843912605196238, "model.layers.4.post_attention_layernorm.weight": 0.0010709413327276707, "model.layers.5.self_attn.q_proj.weight": 0.04957705736160278, "model.layers.5.self_attn.k_proj.weight": 0.024555113166570663, "model.layers.5.self_attn.v_proj.weight": 0.024954868480563164, "model.layers.5.self_attn.o_proj.weight": 0.050321538001298904, "model.layers.5.mlp.gate_proj.weight": 0.10053907334804535, "model.layers.5.mlp.up_proj.weight": 0.10018722712993622, "model.layers.5.mlp.down_proj.weight": 0.10115089267492294, "model.layers.5.input_layernorm.weight": 0.0010993456235155463, "model.layers.5.post_attention_layernorm.weight": 0.0011067591840401292, "model.layers.6.self_attn.q_proj.weight": 0.049834173172712326, "model.layers.6.self_attn.k_proj.weight": 0.024921126663684845, "model.layers.6.self_attn.v_proj.weight": 0.024820154532790184, "model.layers.6.self_attn.o_proj.weight": 0.05052800849080086, "model.layers.6.mlp.gate_proj.weight": 0.10229744762182236, "model.layers.6.mlp.up_proj.weight": 0.10205692052841187, "model.layers.6.mlp.down_proj.weight": 0.10320141166448593, "model.layers.6.input_layernorm.weight": 0.0010904299560934305, "model.layers.6.post_attention_layernorm.weight": 0.001093818573281169, "model.layers.7.self_attn.q_proj.weight": 0.050490446388721466, "model.layers.7.self_attn.k_proj.weight": 0.025075197219848633, "model.layers.7.self_attn.v_proj.weight": 0.025246981531381607, "model.layers.7.self_attn.o_proj.weight": 0.051588088274002075, "model.layers.7.mlp.gate_proj.weight": 0.10518530756235123, "model.layers.7.mlp.up_proj.weight": 0.10500431805849075, "model.layers.7.mlp.down_proj.weight": 0.10570669919252396, "model.layers.7.input_layernorm.weight": 0.0010779629228636622, "model.layers.7.post_attention_layernorm.weight": 0.001145730260759592, "model.layers.8.self_attn.q_proj.weight": 0.051799338310956955, "model.layers.8.self_attn.k_proj.weight": 0.02595476433634758, "model.layers.8.self_attn.v_proj.weight": 0.025505149737000465, "model.layers.8.self_attn.o_proj.weight": 0.05246620997786522, "model.layers.8.mlp.gate_proj.weight": 0.10711202770471573, "model.layers.8.mlp.up_proj.weight": 0.10704410076141357, "model.layers.8.mlp.down_proj.weight": 0.10781659930944443, "model.layers.8.input_layernorm.weight": 0.001133666723035276, "model.layers.8.post_attention_layernorm.weight": 0.001179755898192525, "model.layers.9.self_attn.q_proj.weight": 0.053138379007577896, "model.layers.9.self_attn.k_proj.weight": 0.026183046400547028, "model.layers.9.self_attn.v_proj.weight": 0.026326501742005348, "model.layers.9.self_attn.o_proj.weight": 0.05400271341204643, "model.layers.9.mlp.gate_proj.weight": 0.10958394408226013, "model.layers.9.mlp.up_proj.weight": 0.11019420623779297, "model.layers.9.mlp.down_proj.weight": 0.11090602725744247, "model.layers.9.input_layernorm.weight": 0.0011316514573991299, "model.layers.9.post_attention_layernorm.weight": 0.0012053449172526598, "model.layers.10.self_attn.q_proj.weight": 0.05445386841893196, "model.layers.10.self_attn.k_proj.weight": 0.026929186657071114, "model.layers.10.self_attn.v_proj.weight": 0.027482591569423676, "model.layers.10.self_attn.o_proj.weight": 0.05570898577570915, "model.layers.10.mlp.gate_proj.weight": 0.11041902005672455, "model.layers.10.mlp.up_proj.weight": 0.11144654452800751, "model.layers.10.mlp.down_proj.weight": 0.11163779348134995, "model.layers.10.input_layernorm.weight": 0.0011939366813749075, "model.layers.10.post_attention_layernorm.weight": 0.0012179921614006162, "model.layers.11.self_attn.q_proj.weight": 0.054957956075668335, "model.layers.11.self_attn.k_proj.weight": 0.027327734977006912, "model.layers.11.self_attn.v_proj.weight": 0.02754834108054638, "model.layers.11.self_attn.o_proj.weight": 0.055942658334970474, "model.layers.11.mlp.gate_proj.weight": 0.10957206785678864, "model.layers.11.mlp.up_proj.weight": 0.11125673353672028, "model.layers.11.mlp.down_proj.weight": 0.11126507073640823, "model.layers.11.input_layernorm.weight": 0.0011936341179534793, "model.layers.11.post_attention_layernorm.weight": 0.0012241675285622478, "model.layers.12.self_attn.q_proj.weight": 0.054529111832380295, "model.layers.12.self_attn.k_proj.weight": 0.02633633464574814, "model.layers.12.self_attn.v_proj.weight": 0.02736719138920307, "model.layers.12.self_attn.o_proj.weight": 0.05625119060277939, "model.layers.12.mlp.gate_proj.weight": 0.10936050862073898, "model.layers.12.mlp.up_proj.weight": 0.11013948917388916, "model.layers.12.mlp.down_proj.weight": 0.11060645431280136, "model.layers.12.input_layernorm.weight": 0.0011982697760686278, "model.layers.12.post_attention_layernorm.weight": 0.0011942866258323193, "model.layers.13.self_attn.q_proj.weight": 0.05404164269566536, "model.layers.13.self_attn.k_proj.weight": 0.0266434159129858, "model.layers.13.self_attn.v_proj.weight": 0.028102587908506393, "model.layers.13.self_attn.o_proj.weight": 0.05606509745121002, "model.layers.13.mlp.gate_proj.weight": 0.11108965426683426, "model.layers.13.mlp.up_proj.weight": 0.11139494925737381, "model.layers.13.mlp.down_proj.weight": 0.11152540892362595,