{"total_norm": 7.4889397621154785, "target_norm": 0.994953453540802, "param2norm_diff": {"model.embed_tokens.weight": 0.17656169831752777, "model.layers.0.self_attn.q_proj.weight": 0.045881010591983795, "model.layers.0.self_attn.k_proj.weight": 0.02432994171977043, "model.layers.0.self_attn.v_proj.weight": 0.023104147985577583, "model.layers.0.self_attn.o_proj.weight": 0.046045634895563126, "model.layers.0.mlp.gate_proj.weight": 0.09168479591608047, "model.layers.0.mlp.up_proj.weight": 0.09160952270030975, "model.layers.0.mlp.down_proj.weight": 0.09133505821228027, "model.layers.0.input_layernorm.weight": 0.0010646568844094872, "model.layers.0.post_attention_layernorm.weight": 0.0010026179952546954, "model.layers.1.self_attn.q_proj.weight": 0.04808023199439049, "model.layers.1.self_attn.k_proj.weight": 0.023955674842000008, "model.layers.1.self_attn.v_proj.weight": 0.023483682423830032, "model.layers.1.self_attn.o_proj.weight": 0.046733733266592026, "model.layers.1.mlp.gate_proj.weight": 0.0906304270029068, "model.layers.1.mlp.up_proj.weight": 0.0907772034406662, "model.layers.1.mlp.down_proj.weight": 0.09110384434461594, "model.layers.1.input_layernorm.weight": 0.0010403594933450222, "model.layers.1.post_attention_layernorm.weight": 0.0010004466166719794, "model.layers.2.self_attn.q_proj.weight": 0.04898275062441826, "model.layers.2.self_attn.k_proj.weight": 0.024339614436030388, "model.layers.2.self_attn.v_proj.weight": 0.023412484675645828, "model.layers.2.self_attn.o_proj.weight": 0.047704264521598816, "model.layers.2.mlp.gate_proj.weight": 0.09160643070936203, "model.layers.2.mlp.up_proj.weight": 0.09209269285202026, "model.layers.2.mlp.down_proj.weight": 0.09290651232004166, "model.layers.2.input_layernorm.weight": 0.0010532309534028172, "model.layers.2.post_attention_layernorm.weight": 0.0009952489053830504, "model.layers.3.self_attn.q_proj.weight": 0.04846977815032005, "model.layers.3.self_attn.k_proj.weight": 0.024072084575891495, "model.layers.3.self_attn.v_proj.weight": 0.023611217737197876, "model.layers.3.self_attn.o_proj.weight": 0.047952666878700256, "model.layers.3.mlp.gate_proj.weight": 0.09440548717975616, "model.layers.3.mlp.up_proj.weight": 0.09504631906747818, "model.layers.3.mlp.down_proj.weight": 0.09597345441579819, "model.layers.3.input_layernorm.weight": 0.0010358308209106326, "model.layers.3.post_attention_layernorm.weight": 0.001039233524352312, "model.layers.4.self_attn.q_proj.weight": 0.048423100262880325, "model.layers.4.self_attn.k_proj.weight": 0.024335579946637154, "model.layers.4.self_attn.v_proj.weight": 0.023686863481998444, "model.layers.4.self_attn.o_proj.weight": 0.04759053513407707, "model.layers.4.mlp.gate_proj.weight": 0.09649401158094406, "model.layers.4.mlp.up_proj.weight": 0.09699130803346634, "model.layers.4.mlp.down_proj.weight": 0.09743118286132812, "model.layers.4.input_layernorm.weight": 0.0010288256453350186, "model.layers.4.post_attention_layernorm.weight": 0.0010280462447553873, "model.layers.5.self_attn.q_proj.weight": 0.048763565719127655, "model.layers.5.self_attn.k_proj.weight": 0.02440386824309826, "model.layers.5.self_attn.v_proj.weight": 0.024512697011232376, "model.layers.5.self_attn.o_proj.weight": 0.049120016396045685, "model.layers.5.mlp.gate_proj.weight": 0.09706901758909225, "model.layers.5.mlp.up_proj.weight": 0.09732910990715027, "model.layers.5.mlp.down_proj.weight": 0.09762927144765854, "model.layers.5.input_layernorm.weight": 0.001048665726557374, "model.layers.5.post_attention_layernorm.weight": 0.001064916723407805, "model.layers.6.self_attn.q_proj.weight": 0.049298882484436035, "model.layers.6.self_attn.k_proj.weight": 0.024312768131494522, "model.layers.6.self_attn.v_proj.weight": 0.02460644580423832, "model.layers.6.self_attn.o_proj.weight": 0.049146462231874466, "model.layers.6.mlp.gate_proj.weight": 0.09779290854930878, "model.layers.6.mlp.up_proj.weight": 0.09835140407085419, "model.layers.6.mlp.down_proj.weight": 0.09873159229755402, "model.layers.6.input_layernorm.weight": 0.0010589788435027003, "model.layers.6.post_attention_layernorm.weight": 0.0010806627105921507, "model.layers.7.self_attn.q_proj.weight": 0.04934648051857948, "model.layers.7.self_attn.k_proj.weight": 0.024390989914536476, "model.layers.7.self_attn.v_proj.weight": 0.024373602122068405, "model.layers.7.self_attn.o_proj.weight": 0.04894831404089928, "model.layers.7.mlp.gate_proj.weight": 0.09924814105033875, "model.layers.7.mlp.up_proj.weight": 0.09976662695407867, "model.layers.7.mlp.down_proj.weight": 0.09998002648353577, "model.layers.7.input_layernorm.weight": 0.001063524279743433, "model.layers.7.post_attention_layernorm.weight": 0.0010942628141492605, "model.layers.8.self_attn.q_proj.weight": 0.04973169043660164, "model.layers.8.self_attn.k_proj.weight": 0.02455524355173111, "model.layers.8.self_attn.v_proj.weight": 0.02470073290169239, "model.layers.8.self_attn.o_proj.weight": 0.04970477893948555, "model.layers.8.mlp.gate_proj.weight": 0.10131295770406723, "model.layers.8.mlp.up_proj.weight": 0.10132849961519241, "model.layers.8.mlp.down_proj.weight": 0.10158069431781769, "model.layers.8.input_layernorm.weight": 0.0010807754006236792, "model.layers.8.post_attention_layernorm.weight": 0.0010842657648026943, "model.layers.9.self_attn.q_proj.weight": 0.05053532123565674, "model.layers.9.self_attn.k_proj.weight": 0.025148577988147736, "model.layers.9.self_attn.v_proj.weight": 0.02506956458091736, "model.layers.9.self_attn.o_proj.weight": 0.05045904219150543, "model.layers.9.mlp.gate_proj.weight": 0.1038956344127655, "model.layers.9.mlp.up_proj.weight": 0.10438859462738037, "model.layers.9.mlp.down_proj.weight": 0.1048564538359642, "model.layers.9.input_layernorm.weight": 0.0010705145541578531, "model.layers.9.post_attention_layernorm.weight": 0.0011411504819989204, "model.layers.10.self_attn.q_proj.weight": 0.05137522518634796, "model.layers.10.self_attn.k_proj.weight": 0.024958061054348946, "model.layers.10.self_attn.v_proj.weight": 0.026028435677289963, "model.layers.10.self_attn.o_proj.weight": 0.05240997299551964, "model.layers.10.mlp.gate_proj.weight": 0.10621272772550583, "model.layers.10.mlp.up_proj.weight": 0.10669668018817902, "model.layers.10.mlp.down_proj.weight": 0.10663363337516785, "model.layers.10.input_layernorm.weight": 0.0011287153465673327, "model.layers.10.post_attention_layernorm.weight": 0.0011331954738125205, "model.layers.11.self_attn.q_proj.weight": 0.05269680917263031, "model.layers.11.self_attn.k_proj.weight": 0.02645067684352398, "model.layers.11.self_attn.v_proj.weight": 0.02646488882601261, "model.layers.11.self_attn.o_proj.weight": 0.05366211012005806, "model.layers.11.mlp.gate_proj.weight": 0.10674384236335754, "model.layers.11.mlp.up_proj.weight": 0.10802199691534042, "model.layers.11.mlp.down_proj.weight": 0.10807663947343826, "model.layers.11.input_layernorm.weight": 0.0010829190723598003, "model.layers.11.post_attention_layernorm.weight": 0.0011791731230914593, "model.layers.12.self_attn.q_proj.weight": 0.052482862025499344, "model.layers.12.self_attn.k_proj.weight": 0.025916894897818565, "model.layers.12.self_attn.v_proj.weight": 0.02673465944826603, "model.layers.12.self_attn.o_proj.weight": 0.054160572588443756, "model.layers.12.mlp.gate_proj.weight": 0.10691804438829422, "model.layers.12.mlp.up_proj.weight": 0.10763085633516312, "model.layers.12.mlp.down_proj.weight": 0.10786134749650955, "model.layers.12.input_layernorm.weight": 0.0011525184381753206, "model.layers.12.post_attention_layernorm.weight": 0.0011811864096671343, "model.layers.13.self_attn.q_proj.weight": 0.05094204097986221, "model.layers.13.self_attn.k_proj.weight": 0.02588440477848053, "model.layers.13.self_attn.v_proj.weight": 0.02708766795694828, "model.layers.13.self_attn.o_proj.weight": 0.05400317162275314, "model.layers.13.mlp.gate_proj.weight": 0.10785283148288727, "model.layers.13.mlp.up_proj.weight": 0.10843069106340408, "model.layers.13.mlp.down_proj.weight": 0.10905443876981735,