{"total_norm": 7.304442882537842, "target_norm": 0.967332124710083, "param2norm_diff": {"model.embed_tokens.weight": 0.16639232635498047, "model.layers.0.self_attn.q_proj.weight": 0.047419093549251556, "model.layers.0.self_attn.k_proj.weight": 0.024579135701060295, "model.layers.0.self_attn.v_proj.weight": 0.024057595059275627, "model.layers.0.self_attn.o_proj.weight": 0.047739095985889435, "model.layers.0.mlp.gate_proj.weight": 0.09499690681695938, "model.layers.0.mlp.up_proj.weight": 0.09513494372367859, "model.layers.0.mlp.down_proj.weight": 0.09517685323953629, "model.layers.0.input_layernorm.weight": 0.001063808798789978, "model.layers.0.post_attention_layernorm.weight": 0.001040767994709313, "model.layers.1.self_attn.q_proj.weight": 0.04699695482850075, "model.layers.1.self_attn.k_proj.weight": 0.024073457345366478, "model.layers.1.self_attn.v_proj.weight": 0.024001309648156166, "model.layers.1.self_attn.o_proj.weight": 0.047571681439876556, "model.layers.1.mlp.gate_proj.weight": 0.09470946341753006, "model.layers.1.mlp.up_proj.weight": 0.09485799819231033, "model.layers.1.mlp.down_proj.weight": 0.09505829960107803, "model.layers.1.input_layernorm.weight": 0.0010679835686460137, "model.layers.1.post_attention_layernorm.weight": 0.0010433199349790812, "model.layers.2.self_attn.q_proj.weight": 0.049327217042446136, "model.layers.2.self_attn.k_proj.weight": 0.02459266223013401, "model.layers.2.self_attn.v_proj.weight": 0.02399694360792637, "model.layers.2.self_attn.o_proj.weight": 0.04815033823251724, "model.layers.2.mlp.gate_proj.weight": 0.09469780325889587, "model.layers.2.mlp.up_proj.weight": 0.09487640857696533, "model.layers.2.mlp.down_proj.weight": 0.09493811428546906, "model.layers.2.input_layernorm.weight": 0.0010762768797576427, "model.layers.2.post_attention_layernorm.weight": 0.0010519834468141198, "model.layers.3.self_attn.q_proj.weight": 0.04733977094292641, "model.layers.3.self_attn.k_proj.weight": 0.023801496252417564, "model.layers.3.self_attn.v_proj.weight": 0.024044664576649666, "model.layers.3.self_attn.o_proj.weight": 0.048125166445970535, "model.layers.3.mlp.gate_proj.weight": 0.09529446065425873, "model.layers.3.mlp.up_proj.weight": 0.09591373056173325, "model.layers.3.mlp.down_proj.weight": 0.09591306746006012, "model.layers.3.input_layernorm.weight": 0.0010532834567129612, "model.layers.3.post_attention_layernorm.weight": 0.0010491267312318087, "model.layers.4.self_attn.q_proj.weight": 0.04709019884467125, "model.layers.4.self_attn.k_proj.weight": 0.023690981790423393, "model.layers.4.self_attn.v_proj.weight": 0.023569950833916664, "model.layers.4.self_attn.o_proj.weight": 0.04745159298181534, "model.layers.4.mlp.gate_proj.weight": 0.09466104954481125, "model.layers.4.mlp.up_proj.weight": 0.09517038613557816, "model.layers.4.mlp.down_proj.weight": 0.0952015221118927, "model.layers.4.input_layernorm.weight": 0.0010452006245031953, "model.layers.4.post_attention_layernorm.weight": 0.0010435503209009767, "model.layers.5.self_attn.q_proj.weight": 0.04745566099882126, "model.layers.5.self_attn.k_proj.weight": 0.023929614573717117, "model.layers.5.self_attn.v_proj.weight": 0.023696169257164, "model.layers.5.self_attn.o_proj.weight": 0.04746953397989273, "model.layers.5.mlp.gate_proj.weight": 0.09455498307943344, "model.layers.5.mlp.up_proj.weight": 0.09501944482326508, "model.layers.5.mlp.down_proj.weight": 0.09492199867963791, "model.layers.5.input_layernorm.weight": 0.0010593155166134238, "model.layers.5.post_attention_layernorm.weight": 0.0010492791188880801, "model.layers.6.self_attn.q_proj.weight": 0.04623202234506607, "model.layers.6.self_attn.k_proj.weight": 0.02342144399881363, "model.layers.6.self_attn.v_proj.weight": 0.023263491690158844, "model.layers.6.self_attn.o_proj.weight": 0.04765875265002251, "model.layers.6.mlp.gate_proj.weight": 0.09448125958442688, "model.layers.6.mlp.up_proj.weight": 0.09497153013944626, "model.layers.6.mlp.down_proj.weight": 0.0953737422823906, "model.layers.6.input_layernorm.weight": 0.0010349043877795339, "model.layers.6.post_attention_layernorm.weight": 0.001061417511664331, "model.layers.7.self_attn.q_proj.weight": 0.04758867993950844, "model.layers.7.self_attn.k_proj.weight": 0.023712828755378723, "model.layers.7.self_attn.v_proj.weight": 0.023442720994353294, "model.layers.7.self_attn.o_proj.weight": 0.047899097204208374, "model.layers.7.mlp.gate_proj.weight": 0.09572487324476242, "model.layers.7.mlp.up_proj.weight": 0.09571758657693863, "model.layers.7.mlp.down_proj.weight": 0.09609077870845795, "model.layers.7.input_layernorm.weight": 0.0010228095343336463, "model.layers.7.post_attention_layernorm.weight": 0.0010309756034985185, "model.layers.8.self_attn.q_proj.weight": 0.048257771879434586, "model.layers.8.self_attn.k_proj.weight": 0.023736756294965744, "model.layers.8.self_attn.v_proj.weight": 0.023639537394046783, "model.layers.8.self_attn.o_proj.weight": 0.04815500229597092, "model.layers.8.mlp.gate_proj.weight": 0.09734602272510529, "model.layers.8.mlp.up_proj.weight": 0.09694520384073257, "model.layers.8.mlp.down_proj.weight": 0.09751036763191223, "model.layers.8.input_layernorm.weight": 0.001002936507575214, "model.layers.8.post_attention_layernorm.weight": 0.0010555327171459794, "model.layers.9.self_attn.q_proj.weight": 0.048558980226516724, "model.layers.9.self_attn.k_proj.weight": 0.02436182089149952, "model.layers.9.self_attn.v_proj.weight": 0.023923145607113838, "model.layers.9.self_attn.o_proj.weight": 0.04891716316342354, "model.layers.9.mlp.gate_proj.weight": 0.09919547289609909, "model.layers.9.mlp.up_proj.weight": 0.09911766648292542, "model.layers.9.mlp.down_proj.weight": 0.09990885853767395, "model.layers.9.input_layernorm.weight": 0.0010210808832198381, "model.layers.9.post_attention_layernorm.weight": 0.0010850299149751663, "model.layers.10.self_attn.q_proj.weight": 0.04956348240375519, "model.layers.10.self_attn.k_proj.weight": 0.02393462508916855, "model.layers.10.self_attn.v_proj.weight": 0.02442903257906437, "model.layers.10.self_attn.o_proj.weight": 0.04978400468826294, "model.layers.10.mlp.gate_proj.weight": 0.09927979111671448, "model.layers.10.mlp.up_proj.weight": 0.10003597289323807, "model.layers.10.mlp.down_proj.weight": 0.10073163360357285, "model.layers.10.input_layernorm.weight": 0.0010644247522577643, "model.layers.10.post_attention_layernorm.weight": 0.0011019393568858504, "model.layers.11.self_attn.q_proj.weight": 0.0494358204305172, "model.layers.11.self_attn.k_proj.weight": 0.024479126557707787, "model.layers.11.self_attn.v_proj.weight": 0.0251962561160326, "model.layers.11.self_attn.o_proj.weight": 0.051190853118896484, "model.layers.11.mlp.gate_proj.weight": 0.10119105875492096, "model.layers.11.mlp.up_proj.weight": 0.10203928500413895, "model.layers.11.mlp.down_proj.weight": 0.10236838459968567, "model.layers.11.input_layernorm.weight": 0.0010590592864900827, "model.layers.11.post_attention_layernorm.weight": 0.0011225159978494048, "model.layers.12.self_attn.q_proj.weight": 0.05008767545223236, "model.layers.12.self_attn.k_proj.weight": 0.024571681395173073, "model.layers.12.self_attn.v_proj.weight": 0.025589851662516594, "model.layers.12.self_attn.o_proj.weight": 0.051431428641080856, "model.layers.12.mlp.gate_proj.weight": 0.10254629701375961, "model.layers.12.mlp.up_proj.weight": 0.10293633490800858, "model.layers.12.mlp.down_proj.weight": 0.10312581807374954, "model.layers.12.input_layernorm.weight": 0.0011129089398309588, "model.layers.12.post_attention_layernorm.weight": 0.0011247840011492372, "model.layers.13.self_attn.q_proj.weight": 0.05028257146477699, "model.layers.13.self_attn.k_proj.weight": 0.025255313143134117, "model.layers.13.self_attn.v_proj.weight": 0.02594856359064579, "model.layers.13.self_attn.o_proj.weight": 0.05162004753947258, "model.layers.13.mlp.gate_proj.weight": 0.1040845513343811, "model.layers.13.mlp.up_proj.weight": 0.10418594628572464, "model.layers.13.mlp.down_proj.weight": 0.10455193370580673,