{"total_norm": 7.153103828430176, "target_norm": 0.9255856275558472, "param2norm_diff": {"model.embed_tokens.weight": 0.1722724437713623, "model.layers.0.self_attn.q_proj.weight": 0.04413270950317383, "model.layers.0.self_attn.k_proj.weight": 0.02317393571138382, "model.layers.0.self_attn.v_proj.weight": 0.022456375882029533, "model.layers.0.self_attn.o_proj.weight": 0.04478386044502258, "model.layers.0.mlp.gate_proj.weight": 0.08954043686389923, "model.layers.0.mlp.up_proj.weight": 0.08941537141799927, "model.layers.0.mlp.down_proj.weight": 0.08982763439416885, "model.layers.0.input_layernorm.weight": 0.001001641619950533, "model.layers.0.post_attention_layernorm.weight": 0.0009900457225739956, "model.layers.1.self_attn.q_proj.weight": 0.04508189111948013, "model.layers.1.self_attn.k_proj.weight": 0.02326817624270916, "model.layers.1.self_attn.v_proj.weight": 0.021842608228325844, "model.layers.1.self_attn.o_proj.weight": 0.044737640768289566, "model.layers.1.mlp.gate_proj.weight": 0.0897011011838913, "model.layers.1.mlp.up_proj.weight": 0.08919046819210052, "model.layers.1.mlp.down_proj.weight": 0.08968961238861084, "model.layers.1.input_layernorm.weight": 0.000977989286184311, "model.layers.1.post_attention_layernorm.weight": 0.0009978426387533545, "model.layers.2.self_attn.q_proj.weight": 0.04522170126438141, "model.layers.2.self_attn.k_proj.weight": 0.021915294229984283, "model.layers.2.self_attn.v_proj.weight": 0.022628091275691986, "model.layers.2.self_attn.o_proj.weight": 0.045915637165308, "model.layers.2.mlp.gate_proj.weight": 0.09121166169643402, "model.layers.2.mlp.up_proj.weight": 0.09108239412307739, "model.layers.2.mlp.down_proj.weight": 0.09169873595237732, "model.layers.2.input_layernorm.weight": 0.0009631080320104957, "model.layers.2.post_attention_layernorm.weight": 0.0009957863949239254, "model.layers.3.self_attn.q_proj.weight": 0.046280477195978165, "model.layers.3.self_attn.k_proj.weight": 0.02286732755601406, "model.layers.3.self_attn.v_proj.weight": 0.022908136248588562, "model.layers.3.self_attn.o_proj.weight": 0.04594402760267258, "model.layers.3.mlp.gate_proj.weight": 0.09284491091966629, "model.layers.3.mlp.up_proj.weight": 0.09302601963281631, "model.layers.3.mlp.down_proj.weight": 0.09365967661142349, "model.layers.3.input_layernorm.weight": 0.0010236668167635798, "model.layers.3.post_attention_layernorm.weight": 0.0010192702757194638, "model.layers.4.self_attn.q_proj.weight": 0.04589027166366577, "model.layers.4.self_attn.k_proj.weight": 0.022693688049912453, "model.layers.4.self_attn.v_proj.weight": 0.02269507572054863, "model.layers.4.self_attn.o_proj.weight": 0.04593557491898537, "model.layers.4.mlp.gate_proj.weight": 0.09358049929141998, "model.layers.4.mlp.up_proj.weight": 0.09394101053476334, "model.layers.4.mlp.down_proj.weight": 0.09449254721403122, "model.layers.4.input_layernorm.weight": 0.0010046121897175908, "model.layers.4.post_attention_layernorm.weight": 0.0010319420835003257, "model.layers.5.self_attn.q_proj.weight": 0.04567229375243187, "model.layers.5.self_attn.k_proj.weight": 0.022824613377451897, "model.layers.5.self_attn.v_proj.weight": 0.02361718751490116, "model.layers.5.self_attn.o_proj.weight": 0.04736270755529404, "model.layers.5.mlp.gate_proj.weight": 0.09394452720880508, "model.layers.5.mlp.up_proj.weight": 0.09364575147628784, "model.layers.5.mlp.down_proj.weight": 0.09473451972007751, "model.layers.5.input_layernorm.weight": 0.0010168323060497642, "model.layers.5.post_attention_layernorm.weight": 0.0010210433974862099, "model.layers.6.self_attn.q_proj.weight": 0.047122079879045486, "model.layers.6.self_attn.k_proj.weight": 0.02339296229183674, "model.layers.6.self_attn.v_proj.weight": 0.023480769246816635, "model.layers.6.self_attn.o_proj.weight": 0.04753916338086128, "model.layers.6.mlp.gate_proj.weight": 0.09540664404630661, "model.layers.6.mlp.up_proj.weight": 0.09550721943378448, "model.layers.6.mlp.down_proj.weight": 0.09622560441493988, "model.layers.6.input_layernorm.weight": 0.0010440812911838293, "model.layers.6.post_attention_layernorm.weight": 0.0010611366014927626, "model.layers.7.self_attn.q_proj.weight": 0.04775330051779747, "model.layers.7.self_attn.k_proj.weight": 0.02395499125123024, "model.layers.7.self_attn.v_proj.weight": 0.02340688928961754, "model.layers.7.self_attn.o_proj.weight": 0.048521287739276886, "model.layers.7.mlp.gate_proj.weight": 0.09704628586769104, "model.layers.7.mlp.up_proj.weight": 0.09686540067195892, "model.layers.7.mlp.down_proj.weight": 0.09729062020778656, "model.layers.7.input_layernorm.weight": 0.0010244263103231788, "model.layers.7.post_attention_layernorm.weight": 0.001043818541802466, "model.layers.8.self_attn.q_proj.weight": 0.0483538880944252, "model.layers.8.self_attn.k_proj.weight": 0.023999815806746483, "model.layers.8.self_attn.v_proj.weight": 0.02420561946928501, "model.layers.8.self_attn.o_proj.weight": 0.04851887375116348, "model.layers.8.mlp.gate_proj.weight": 0.09808585047721863, "model.layers.8.mlp.up_proj.weight": 0.09804750978946686, "model.layers.8.mlp.down_proj.weight": 0.09844499826431274, "model.layers.8.input_layernorm.weight": 0.0010494657326489687, "model.layers.8.post_attention_layernorm.weight": 0.0010620479006320238, "model.layers.9.self_attn.q_proj.weight": 0.04905949905514717, "model.layers.9.self_attn.k_proj.weight": 0.024355892091989517, "model.layers.9.self_attn.v_proj.weight": 0.0244100671261549, "model.layers.9.self_attn.o_proj.weight": 0.04918426275253296, "model.layers.9.mlp.gate_proj.weight": 0.09899629652500153, "model.layers.9.mlp.up_proj.weight": 0.09936584532260895, "model.layers.9.mlp.down_proj.weight": 0.09935584664344788, "model.layers.9.input_layernorm.weight": 0.0010527316480875015, "model.layers.9.post_attention_layernorm.weight": 0.0010884316870942712, "model.layers.10.self_attn.q_proj.weight": 0.051295679062604904, "model.layers.10.self_attn.k_proj.weight": 0.025262339040637016, "model.layers.10.self_attn.v_proj.weight": 0.02483457140624523, "model.layers.10.self_attn.o_proj.weight": 0.050516173243522644, "model.layers.10.mlp.gate_proj.weight": 0.09825565665960312, "model.layers.10.mlp.up_proj.weight": 0.09884489327669144, "model.layers.10.mlp.down_proj.weight": 0.09894884377717972, "model.layers.10.input_layernorm.weight": 0.0010787224164232612, "model.layers.10.post_attention_layernorm.weight": 0.00110242934897542, "model.layers.11.self_attn.q_proj.weight": 0.050460875034332275, "model.layers.11.self_attn.k_proj.weight": 0.02468695305287838, "model.layers.11.self_attn.v_proj.weight": 0.025005288422107697, "model.layers.11.self_attn.o_proj.weight": 0.05083024501800537, "model.layers.11.mlp.gate_proj.weight": 0.09782767295837402, "model.layers.11.mlp.up_proj.weight": 0.09903223812580109, "model.layers.11.mlp.down_proj.weight": 0.09933081269264221, "model.layers.11.input_layernorm.weight": 0.0010764290345832705, "model.layers.11.post_attention_layernorm.weight": 0.001097843749448657, "model.layers.12.self_attn.q_proj.weight": 0.05044222250580788, "model.layers.12.self_attn.k_proj.weight": 0.024885112419724464, "model.layers.12.self_attn.v_proj.weight": 0.025032075121998787, "model.layers.12.self_attn.o_proj.weight": 0.050395555794239044, "model.layers.12.mlp.gate_proj.weight": 0.09781026840209961, "model.layers.12.mlp.up_proj.weight": 0.09820321202278137, "model.layers.12.mlp.down_proj.weight": 0.09883926808834076, "model.layers.12.input_layernorm.weight": 0.0011027113068848848, "model.layers.12.post_attention_layernorm.weight": 0.0010847095400094986, "model.layers.13.self_attn.q_proj.weight": 0.04825489595532417, "model.layers.13.self_attn.k_proj.weight": 0.024003764614462852, "model.layers.13.self_attn.v_proj.weight": 0.024734504520893097, "model.layers.13.self_attn.o_proj.weight": 0.04963862895965576, "model.layers.13.mlp.gate_proj.weight": 0.0992383137345314, "model.layers.13.mlp.up_proj.weight": 0.099482960999012, "model.layers.13.mlp.down_proj.weight": 0.10063302516937256,