{"total_norm": 7.470348834991455, "target_norm": 0.9720441102981567, "param2norm_diff": {"model.embed_tokens.weight": 0.19918566942214966, "model.layers.0.self_attn.q_proj.weight": 0.04737159609794617, "model.layers.0.self_attn.k_proj.weight": 0.024062134325504303, "model.layers.0.self_attn.v_proj.weight": 0.023427017033100128, "model.layers.0.self_attn.o_proj.weight": 0.046621669083833694, "model.layers.0.mlp.gate_proj.weight": 0.09235844761133194, "model.layers.0.mlp.up_proj.weight": 0.09229329973459244, "model.layers.0.mlp.down_proj.weight": 0.09242650121450424, "model.layers.0.input_layernorm.weight": 0.0009760517277754843, "model.layers.0.post_attention_layernorm.weight": 0.001006900449283421, "model.layers.1.self_attn.q_proj.weight": 0.047165241092443466, "model.layers.1.self_attn.k_proj.weight": 0.023102255538105965, "model.layers.1.self_attn.v_proj.weight": 0.02347354032099247, "model.layers.1.self_attn.o_proj.weight": 0.04705209285020828, "model.layers.1.mlp.gate_proj.weight": 0.09275633096694946, "model.layers.1.mlp.up_proj.weight": 0.09271353483200073, "model.layers.1.mlp.down_proj.weight": 0.09289415180683136, "model.layers.1.input_layernorm.weight": 0.0010168133303523064, "model.layers.1.post_attention_layernorm.weight": 0.0010137645294889808, "model.layers.2.self_attn.q_proj.weight": 0.04799603670835495, "model.layers.2.self_attn.k_proj.weight": 0.023951178416609764, "model.layers.2.self_attn.v_proj.weight": 0.023888250812888145, "model.layers.2.self_attn.o_proj.weight": 0.04838274419307709, "model.layers.2.mlp.gate_proj.weight": 0.09417717903852463, "model.layers.2.mlp.up_proj.weight": 0.09384498000144958, "model.layers.2.mlp.down_proj.weight": 0.09421173483133316, "model.layers.2.input_layernorm.weight": 0.0010794210247695446, "model.layers.2.post_attention_layernorm.weight": 0.0010127635905519128, "model.layers.3.self_attn.q_proj.weight": 0.04896962270140648, "model.layers.3.self_attn.k_proj.weight": 0.024104231968522072, "model.layers.3.self_attn.v_proj.weight": 0.02372470684349537, "model.layers.3.self_attn.o_proj.weight": 0.04810953512787819, "model.layers.3.mlp.gate_proj.weight": 0.0960901528596878, "model.layers.3.mlp.up_proj.weight": 0.09581098705530167, "model.layers.3.mlp.down_proj.weight": 0.09589117765426636, "model.layers.3.input_layernorm.weight": 0.0010645338334143162, "model.layers.3.post_attention_layernorm.weight": 0.0010416880249977112, "model.layers.4.self_attn.q_proj.weight": 0.047580935060977936, "model.layers.4.self_attn.k_proj.weight": 0.023849520832300186, "model.layers.4.self_attn.v_proj.weight": 0.02418808825314045, "model.layers.4.self_attn.o_proj.weight": 0.04757508262991905, "model.layers.4.mlp.gate_proj.weight": 0.09696981310844421, "model.layers.4.mlp.up_proj.weight": 0.09603744000196457, "model.layers.4.mlp.down_proj.weight": 0.0965476930141449, "model.layers.4.input_layernorm.weight": 0.0010717336554080248, "model.layers.4.post_attention_layernorm.weight": 0.0010404298081994057, "model.layers.5.self_attn.q_proj.weight": 0.04777345433831215, "model.layers.5.self_attn.k_proj.weight": 0.023431092500686646, "model.layers.5.self_attn.v_proj.weight": 0.02403056062757969, "model.layers.5.self_attn.o_proj.weight": 0.04831651970744133, "model.layers.5.mlp.gate_proj.weight": 0.09795968234539032, "model.layers.5.mlp.up_proj.weight": 0.09754753112792969, "model.layers.5.mlp.down_proj.weight": 0.0975954607129097, "model.layers.5.input_layernorm.weight": 0.0010203882120549679, "model.layers.5.post_attention_layernorm.weight": 0.0010688910260796547, "model.layers.6.self_attn.q_proj.weight": 0.04830196872353554, "model.layers.6.self_attn.k_proj.weight": 0.024320455268025398, "model.layers.6.self_attn.v_proj.weight": 0.024176808074116707, "model.layers.6.self_attn.o_proj.weight": 0.04900367558002472, "model.layers.6.mlp.gate_proj.weight": 0.09845150262117386, "model.layers.6.mlp.up_proj.weight": 0.09773850440979004, "model.layers.6.mlp.down_proj.weight": 0.09837447851896286, "model.layers.6.input_layernorm.weight": 0.0010589006124064326, "model.layers.6.post_attention_layernorm.weight": 0.001061385148204863, "model.layers.7.self_attn.q_proj.weight": 0.04819454997777939, "model.layers.7.self_attn.k_proj.weight": 0.02402501367032528, "model.layers.7.self_attn.v_proj.weight": 0.024244897067546844, "model.layers.7.self_attn.o_proj.weight": 0.049972791224718094, "model.layers.7.mlp.gate_proj.weight": 0.10054904967546463, "model.layers.7.mlp.up_proj.weight": 0.10029560327529907, "model.layers.7.mlp.down_proj.weight": 0.10056042671203613, "model.layers.7.input_layernorm.weight": 0.0010169529123231769, "model.layers.7.post_attention_layernorm.weight": 0.0010988388676196337, "model.layers.8.self_attn.q_proj.weight": 0.04944448173046112, "model.layers.8.self_attn.k_proj.weight": 0.024504568427801132, "model.layers.8.self_attn.v_proj.weight": 0.02414327673614025, "model.layers.8.self_attn.o_proj.weight": 0.05003747344017029, "model.layers.8.mlp.gate_proj.weight": 0.1020248532295227, "model.layers.8.mlp.up_proj.weight": 0.10116715729236603, "model.layers.8.mlp.down_proj.weight": 0.10200148820877075, "model.layers.8.input_layernorm.weight": 0.001061373739503324, "model.layers.8.post_attention_layernorm.weight": 0.0011079037794843316, "model.layers.9.self_attn.q_proj.weight": 0.05098699405789375, "model.layers.9.self_attn.k_proj.weight": 0.02423405647277832, "model.layers.9.self_attn.v_proj.weight": 0.024919364601373672, "model.layers.9.self_attn.o_proj.weight": 0.05140004679560661, "model.layers.9.mlp.gate_proj.weight": 0.10416053980588913, "model.layers.9.mlp.up_proj.weight": 0.10342039912939072, "model.layers.9.mlp.down_proj.weight": 0.10410603135824203, "model.layers.9.input_layernorm.weight": 0.0010570213198661804, "model.layers.9.post_attention_layernorm.weight": 0.001127224531956017, "model.layers.10.self_attn.q_proj.weight": 0.05212441086769104, "model.layers.10.self_attn.k_proj.weight": 0.02540362812578678, "model.layers.10.self_attn.v_proj.weight": 0.025527121499180794, "model.layers.10.self_attn.o_proj.weight": 0.05268923565745354, "model.layers.10.mlp.gate_proj.weight": 0.10367152094841003, "model.layers.10.mlp.up_proj.weight": 0.10403210669755936, "model.layers.10.mlp.down_proj.weight": 0.10440312325954437, "model.layers.10.input_layernorm.weight": 0.001112219993956387, "model.layers.10.post_attention_layernorm.weight": 0.0011339730117470026, "model.layers.11.self_attn.q_proj.weight": 0.053489282727241516, "model.layers.11.self_attn.k_proj.weight": 0.025841575115919113, "model.layers.11.self_attn.v_proj.weight": 0.02616729959845543, "model.layers.11.self_attn.o_proj.weight": 0.053889911621809006, "model.layers.11.mlp.gate_proj.weight": 0.1030348390340805, "model.layers.11.mlp.up_proj.weight": 0.10450778901576996, "model.layers.11.mlp.down_proj.weight": 0.10450267046689987, "model.layers.11.input_layernorm.weight": 0.0011359736090525985, "model.layers.11.post_attention_layernorm.weight": 0.0011327097890898585, "model.layers.12.self_attn.q_proj.weight": 0.052128251641988754, "model.layers.12.self_attn.k_proj.weight": 0.02557329833507538, "model.layers.12.self_attn.v_proj.weight": 0.025221535935997963, "model.layers.12.self_attn.o_proj.weight": 0.052486348897218704, "model.layers.12.mlp.gate_proj.weight": 0.10288596898317337, "model.layers.12.mlp.up_proj.weight": 0.10346505045890808, "model.layers.12.mlp.down_proj.weight": 0.10392832010984421, "model.layers.12.input_layernorm.weight": 0.0011212114477530122, "model.layers.12.post_attention_layernorm.weight": 0.0011511178454384208, "model.layers.13.self_attn.q_proj.weight": 0.05181267857551575, "model.layers.13.self_attn.k_proj.weight": 0.025096287950873375, "model.layers.13.self_attn.v_proj.weight": 0.025810610502958298, "model.layers.13.self_attn.o_proj.weight": 0.05280929058790207, "model.layers.13.mlp.gate_proj.weight": 0.10431314259767532, "model.layers.13.mlp.up_proj.weight": 0.10464531183242798, "model.layers.13.mlp.down_proj.weight": 0.1062270849943161,