{"total_norm": 7.408071517944336, "target_norm": 0.975745677947998, "param2norm_diff": {"model.embed_tokens.weight": 0.19727151095867157, "model.layers.0.self_attn.q_proj.weight": 0.044568099081516266, "model.layers.0.self_attn.k_proj.weight": 0.02251841314136982, "model.layers.0.self_attn.v_proj.weight": 0.02307657152414322, "model.layers.0.self_attn.o_proj.weight": 0.04592398554086685, "model.layers.0.mlp.gate_proj.weight": 0.09084317088127136, "model.layers.0.mlp.up_proj.weight": 0.09079727530479431, "model.layers.0.mlp.down_proj.weight": 0.09112974256277084, "model.layers.0.input_layernorm.weight": 0.0010133241303265095, "model.layers.0.post_attention_layernorm.weight": 0.0010145633714273572, "model.layers.1.self_attn.q_proj.weight": 0.04465284198522568, "model.layers.1.self_attn.k_proj.weight": 0.021628720685839653, "model.layers.1.self_attn.v_proj.weight": 0.022480670362710953, "model.layers.1.self_attn.o_proj.weight": 0.045887161046266556, "model.layers.1.mlp.gate_proj.weight": 0.09129385650157928, "model.layers.1.mlp.up_proj.weight": 0.09117188304662704, "model.layers.1.mlp.down_proj.weight": 0.09160132706165314, "model.layers.1.input_layernorm.weight": 0.0009827406611293554, "model.layers.1.post_attention_layernorm.weight": 0.001014109468087554, "model.layers.2.self_attn.q_proj.weight": 0.046693187206983566, "model.layers.2.self_attn.k_proj.weight": 0.022753743454813957, "model.layers.2.self_attn.v_proj.weight": 0.023116856813430786, "model.layers.2.self_attn.o_proj.weight": 0.04699654504656792, "model.layers.2.mlp.gate_proj.weight": 0.09142822027206421, "model.layers.2.mlp.up_proj.weight": 0.09128647297620773, "model.layers.2.mlp.down_proj.weight": 0.09236520528793335, "model.layers.2.input_layernorm.weight": 0.0010020906338468194, "model.layers.2.post_attention_layernorm.weight": 0.0009958796435967088, "model.layers.3.self_attn.q_proj.weight": 0.04626932740211487, "model.layers.3.self_attn.k_proj.weight": 0.022604798898100853, "model.layers.3.self_attn.v_proj.weight": 0.022650573402643204, "model.layers.3.self_attn.o_proj.weight": 0.04613345116376877, "model.layers.3.mlp.gate_proj.weight": 0.09362715482711792, "model.layers.3.mlp.up_proj.weight": 0.09315042942762375, "model.layers.3.mlp.down_proj.weight": 0.09448791295289993, "model.layers.3.input_layernorm.weight": 0.0009969590464606881, "model.layers.3.post_attention_layernorm.weight": 0.001013466389849782, "model.layers.4.self_attn.q_proj.weight": 0.04699347913265228, "model.layers.4.self_attn.k_proj.weight": 0.02328796125948429, "model.layers.4.self_attn.v_proj.weight": 0.023159291595220566, "model.layers.4.self_attn.o_proj.weight": 0.04681205376982689, "model.layers.4.mlp.gate_proj.weight": 0.09622922539710999, "model.layers.4.mlp.up_proj.weight": 0.09519516676664352, "model.layers.4.mlp.down_proj.weight": 0.0960908904671669, "model.layers.4.input_layernorm.weight": 0.00102525413967669, "model.layers.4.post_attention_layernorm.weight": 0.0010259448317810893, "model.layers.5.self_attn.q_proj.weight": 0.04831179976463318, "model.layers.5.self_attn.k_proj.weight": 0.023551886901259422, "model.layers.5.self_attn.v_proj.weight": 0.023577895015478134, "model.layers.5.self_attn.o_proj.weight": 0.0473201684653759, "model.layers.5.mlp.gate_proj.weight": 0.09777411073446274, "model.layers.5.mlp.up_proj.weight": 0.0974205732345581, "model.layers.5.mlp.down_proj.weight": 0.09775452315807343, "model.layers.5.input_layernorm.weight": 0.0010140130762010813, "model.layers.5.post_attention_layernorm.weight": 0.0010643077548593283, "model.layers.6.self_attn.q_proj.weight": 0.04885757714509964, "model.layers.6.self_attn.k_proj.weight": 0.02418997697532177, "model.layers.6.self_attn.v_proj.weight": 0.023873494938015938, "model.layers.6.self_attn.o_proj.weight": 0.04847446829080582, "model.layers.6.mlp.gate_proj.weight": 0.098678819835186, "model.layers.6.mlp.up_proj.weight": 0.09802259504795074, "model.layers.6.mlp.down_proj.weight": 0.0986960381269455, "model.layers.6.input_layernorm.weight": 0.0010785090271383524, "model.layers.6.post_attention_layernorm.weight": 0.0010698972037062049, "model.layers.7.self_attn.q_proj.weight": 0.04899068549275398, "model.layers.7.self_attn.k_proj.weight": 0.024219362065196037, "model.layers.7.self_attn.v_proj.weight": 0.024086588993668556, "model.layers.7.self_attn.o_proj.weight": 0.04883204400539398, "model.layers.7.mlp.gate_proj.weight": 0.09997328370809555, "model.layers.7.mlp.up_proj.weight": 0.09949666261672974, "model.layers.7.mlp.down_proj.weight": 0.10004197061061859, "model.layers.7.input_layernorm.weight": 0.0010740963043645024, "model.layers.7.post_attention_layernorm.weight": 0.001092642080038786, "model.layers.8.self_attn.q_proj.weight": 0.04903305321931839, "model.layers.8.self_attn.k_proj.weight": 0.024416984990239143, "model.layers.8.self_attn.v_proj.weight": 0.024049460887908936, "model.layers.8.self_attn.o_proj.weight": 0.04886623099446297, "model.layers.8.mlp.gate_proj.weight": 0.1012052446603775, "model.layers.8.mlp.up_proj.weight": 0.10040738433599472, "model.layers.8.mlp.down_proj.weight": 0.10141002386808395, "model.layers.8.input_layernorm.weight": 0.0010719088604673743, "model.layers.8.post_attention_layernorm.weight": 0.0011019621742889285, "model.layers.9.self_attn.q_proj.weight": 0.0503820925951004, "model.layers.9.self_attn.k_proj.weight": 0.024928437545895576, "model.layers.9.self_attn.v_proj.weight": 0.024965468794107437, "model.layers.9.self_attn.o_proj.weight": 0.05018559843301773, "model.layers.9.mlp.gate_proj.weight": 0.10303044319152832, "model.layers.9.mlp.up_proj.weight": 0.10321603715419769, "model.layers.9.mlp.down_proj.weight": 0.10355425626039505, "model.layers.9.input_layernorm.weight": 0.0010925866663455963, "model.layers.9.post_attention_layernorm.weight": 0.0011472705518826842, "model.layers.10.self_attn.q_proj.weight": 0.051093414425849915, "model.layers.10.self_attn.k_proj.weight": 0.02490154840052128, "model.layers.10.self_attn.v_proj.weight": 0.025410784408450127, "model.layers.10.self_attn.o_proj.weight": 0.05172239616513252, "model.layers.10.mlp.gate_proj.weight": 0.10281475633382797, "model.layers.10.mlp.up_proj.weight": 0.10355810821056366, "model.layers.10.mlp.down_proj.weight": 0.10349993407726288, "model.layers.10.input_layernorm.weight": 0.001112784375436604, "model.layers.10.post_attention_layernorm.weight": 0.0011302354978397489, "model.layers.11.self_attn.q_proj.weight": 0.051542770117521286, "model.layers.11.self_attn.k_proj.weight": 0.025625335052609444, "model.layers.11.self_attn.v_proj.weight": 0.02555473893880844, "model.layers.11.self_attn.o_proj.weight": 0.05271900072693825, "model.layers.11.mlp.gate_proj.weight": 0.10368753969669342, "model.layers.11.mlp.up_proj.weight": 0.10489076375961304, "model.layers.11.mlp.down_proj.weight": 0.10496179759502411, "model.layers.11.input_layernorm.weight": 0.0010966976406052709, "model.layers.11.post_attention_layernorm.weight": 0.0011252195108681917, "model.layers.12.self_attn.q_proj.weight": 0.052908994257450104, "model.layers.12.self_attn.k_proj.weight": 0.02653498388826847, "model.layers.12.self_attn.v_proj.weight": 0.026373285800218582, "model.layers.12.self_attn.o_proj.weight": 0.05345652624964714, "model.layers.12.mlp.gate_proj.weight": 0.10423532128334045, "model.layers.12.mlp.up_proj.weight": 0.10488560050725937, "model.layers.12.mlp.down_proj.weight": 0.10487783700227737, "model.layers.12.input_layernorm.weight": 0.001158346189185977, "model.layers.12.post_attention_layernorm.weight": 0.0011572107905521989, "model.layers.13.self_attn.q_proj.weight": 0.051685914397239685, "model.layers.13.self_attn.k_proj.weight": 0.025445658713579178, "model.layers.13.self_attn.v_proj.weight": 0.026351144537329674, "model.layers.13.self_attn.o_proj.weight": 0.05371878668665886, "model.layers.13.mlp.gate_proj.weight": 0.10564357787370682, "model.layers.13.mlp.up_proj.weight": 0.10595369338989258, "model.layers.13.mlp.down_proj.weight": 0.10607967525720596,