{"total_norm": 7.78667688369751, "target_norm": 1.0341490507125854, "param2norm_diff": {"model.embed_tokens.weight": 0.21626998484134674, "model.layers.0.self_attn.q_proj.weight": 0.04484715685248375, "model.layers.0.self_attn.k_proj.weight": 0.022357692942023277, "model.layers.0.self_attn.v_proj.weight": 0.023071743547916412, "model.layers.0.self_attn.o_proj.weight": 0.04637197405099869, "model.layers.0.mlp.gate_proj.weight": 0.09098337590694427, "model.layers.0.mlp.up_proj.weight": 0.09049902856349945, "model.layers.0.mlp.down_proj.weight": 0.09126922488212585, "model.layers.0.input_layernorm.weight": 0.0009792130440473557, "model.layers.0.post_attention_layernorm.weight": 0.0009999129688367248, "model.layers.1.self_attn.q_proj.weight": 0.04676998406648636, "model.layers.1.self_attn.k_proj.weight": 0.022339237853884697, "model.layers.1.self_attn.v_proj.weight": 0.023530755192041397, "model.layers.1.self_attn.o_proj.weight": 0.047729142010211945, "model.layers.1.mlp.gate_proj.weight": 0.09273898601531982, "model.layers.1.mlp.up_proj.weight": 0.09259175509214401, "model.layers.1.mlp.down_proj.weight": 0.09309881925582886, "model.layers.1.input_layernorm.weight": 0.0009385743178427219, "model.layers.1.post_attention_layernorm.weight": 0.001013586181215942, "model.layers.2.self_attn.q_proj.weight": 0.04895488917827606, "model.layers.2.self_attn.k_proj.weight": 0.023899076506495476, "model.layers.2.self_attn.v_proj.weight": 0.023828350007534027, "model.layers.2.self_attn.o_proj.weight": 0.049850285053253174, "model.layers.2.mlp.gate_proj.weight": 0.09335483610630035, "model.layers.2.mlp.up_proj.weight": 0.09379648417234421, "model.layers.2.mlp.down_proj.weight": 0.09515806287527084, "model.layers.2.input_layernorm.weight": 0.0010542350355535746, "model.layers.2.post_attention_layernorm.weight": 0.001025088131427765, "model.layers.3.self_attn.q_proj.weight": 0.04880770295858383, "model.layers.3.self_attn.k_proj.weight": 0.02418179251253605, "model.layers.3.self_attn.v_proj.weight": 0.024428600445389748, "model.layers.3.self_attn.o_proj.weight": 0.04990830272436142, "model.layers.3.mlp.gate_proj.weight": 0.09681117534637451, "model.layers.3.mlp.up_proj.weight": 0.0976809412240982, "model.layers.3.mlp.down_proj.weight": 0.09864725172519684, "model.layers.3.input_layernorm.weight": 0.0010460716439411044, "model.layers.3.post_attention_layernorm.weight": 0.0010649849427863955, "model.layers.4.self_attn.q_proj.weight": 0.04937422275543213, "model.layers.4.self_attn.k_proj.weight": 0.02493973821401596, "model.layers.4.self_attn.v_proj.weight": 0.02483062446117401, "model.layers.4.self_attn.o_proj.weight": 0.04984065145254135, "model.layers.4.mlp.gate_proj.weight": 0.09960153698921204, "model.layers.4.mlp.up_proj.weight": 0.09956984966993332, "model.layers.4.mlp.down_proj.weight": 0.10057880729436874, "model.layers.4.input_layernorm.weight": 0.0010907369432970881, "model.layers.4.post_attention_layernorm.weight": 0.0010669964831322432, "model.layers.5.self_attn.q_proj.weight": 0.049734827131032944, "model.layers.5.self_attn.k_proj.weight": 0.024199403822422028, "model.layers.5.self_attn.v_proj.weight": 0.024672362953424454, "model.layers.5.self_attn.o_proj.weight": 0.05021340772509575, "model.layers.5.mlp.gate_proj.weight": 0.1001126691699028, "model.layers.5.mlp.up_proj.weight": 0.1001930832862854, "model.layers.5.mlp.down_proj.weight": 0.10130110383033752, "model.layers.5.input_layernorm.weight": 0.0011025122366845608, "model.layers.5.post_attention_layernorm.weight": 0.0011080134427174926, "model.layers.6.self_attn.q_proj.weight": 0.04854072257876396, "model.layers.6.self_attn.k_proj.weight": 0.024107512086629868, "model.layers.6.self_attn.v_proj.weight": 0.024967404082417488, "model.layers.6.self_attn.o_proj.weight": 0.05093514546751976, "model.layers.6.mlp.gate_proj.weight": 0.10163489729166031, "model.layers.6.mlp.up_proj.weight": 0.10158746689558029, "model.layers.6.mlp.down_proj.weight": 0.10291227698326111, "model.layers.6.input_layernorm.weight": 0.0010791306849569082, "model.layers.6.post_attention_layernorm.weight": 0.0011250124080106616, "model.layers.7.self_attn.q_proj.weight": 0.049669839441776276, "model.layers.7.self_attn.k_proj.weight": 0.02451237104833126, "model.layers.7.self_attn.v_proj.weight": 0.025032395496964455, "model.layers.7.self_attn.o_proj.weight": 0.0515044629573822, "model.layers.7.mlp.gate_proj.weight": 0.10382472723722458, "model.layers.7.mlp.up_proj.weight": 0.10325692594051361, "model.layers.7.mlp.down_proj.weight": 0.10451599210500717, "model.layers.7.input_layernorm.weight": 0.0010890576522797346, "model.layers.7.post_attention_layernorm.weight": 0.0011221359018236399, "model.layers.8.self_attn.q_proj.weight": 0.051089633256196976, "model.layers.8.self_attn.k_proj.weight": 0.02540401555597782, "model.layers.8.self_attn.v_proj.weight": 0.02542766183614731, "model.layers.8.self_attn.o_proj.weight": 0.05225663632154465, "model.layers.8.mlp.gate_proj.weight": 0.10700858384370804, "model.layers.8.mlp.up_proj.weight": 0.10641943663358688, "model.layers.8.mlp.down_proj.weight": 0.10736599564552307, "model.layers.8.input_layernorm.weight": 0.0011009982554242015, "model.layers.8.post_attention_layernorm.weight": 0.0011560983257368207, "model.layers.9.self_attn.q_proj.weight": 0.05301123112440109, "model.layers.9.self_attn.k_proj.weight": 0.0256640762090683, "model.layers.9.self_attn.v_proj.weight": 0.026120910421013832, "model.layers.9.self_attn.o_proj.weight": 0.05405806377530098, "model.layers.9.mlp.gate_proj.weight": 0.11060192435979843, "model.layers.9.mlp.up_proj.weight": 0.11068418622016907, "model.layers.9.mlp.down_proj.weight": 0.11129415035247803, "model.layers.9.input_layernorm.weight": 0.0011257078731432557, "model.layers.9.post_attention_layernorm.weight": 0.001220990321598947, "model.layers.10.self_attn.q_proj.weight": 0.05363036319613457, "model.layers.10.self_attn.k_proj.weight": 0.026336796581745148, "model.layers.10.self_attn.v_proj.weight": 0.0273542869836092, "model.layers.10.self_attn.o_proj.weight": 0.05590134859085083, "model.layers.10.mlp.gate_proj.weight": 0.11125577986240387, "model.layers.10.mlp.up_proj.weight": 0.1125568300485611, "model.layers.10.mlp.down_proj.weight": 0.11242262274026871, "model.layers.10.input_layernorm.weight": 0.0011839531362056732, "model.layers.10.post_attention_layernorm.weight": 0.0012554180575534701, "model.layers.11.self_attn.q_proj.weight": 0.05562541261315346, "model.layers.11.self_attn.k_proj.weight": 0.02778320014476776, "model.layers.11.self_attn.v_proj.weight": 0.02794015035033226, "model.layers.11.self_attn.o_proj.weight": 0.05666014179587364, "model.layers.11.mlp.gate_proj.weight": 0.11174707859754562, "model.layers.11.mlp.up_proj.weight": 0.11358461529016495, "model.layers.11.mlp.down_proj.weight": 0.11322097480297089, "model.layers.11.input_layernorm.weight": 0.001181138795800507, "model.layers.11.post_attention_layernorm.weight": 0.0012338946107774973, "model.layers.12.self_attn.q_proj.weight": 0.055472418665885925, "model.layers.12.self_attn.k_proj.weight": 0.02707623317837715, "model.layers.12.self_attn.v_proj.weight": 0.027776770293712616, "model.layers.12.self_attn.o_proj.weight": 0.056294072419404984, "model.layers.12.mlp.gate_proj.weight": 0.11170722544193268, "model.layers.12.mlp.up_proj.weight": 0.11265750974416733, "model.layers.12.mlp.down_proj.weight": 0.11282718926668167, "model.layers.12.input_layernorm.weight": 0.0012137682642787695, "model.layers.12.post_attention_layernorm.weight": 0.0012429162161424756, "model.layers.13.self_attn.q_proj.weight": 0.054677121341228485, "model.layers.13.self_attn.k_proj.weight": 0.027725782245397568, "model.layers.13.self_attn.v_proj.weight": 0.028650939464569092, "model.layers.13.self_attn.o_proj.weight": 0.057090647518634796, "model.layers.13.mlp.gate_proj.weight": 0.11234986782073975, "model.layers.13.mlp.up_proj.weight": 0.11292169988155365, "model.layers.13.mlp.down_proj.weight": 0.1135743111371994,