{"total_norm": 7.3452558517456055, "target_norm": 0.9351410865783691, "param2norm_diff": {"model.embed_tokens.weight": 0.17727619409561157, "model.layers.0.self_attn.q_proj.weight": 0.04500611126422882, "model.layers.0.self_attn.k_proj.weight": 0.022132432088255882, "model.layers.0.self_attn.v_proj.weight": 0.022788681089878082, "model.layers.0.self_attn.o_proj.weight": 0.04617655649781227, "model.layers.0.mlp.gate_proj.weight": 0.09150312840938568, "model.layers.0.mlp.up_proj.weight": 0.09170018136501312, "model.layers.0.mlp.down_proj.weight": 0.09203150123357773, "model.layers.0.input_layernorm.weight": 0.0010133376345038414, "model.layers.0.post_attention_layernorm.weight": 0.0010237212991341949, "model.layers.1.self_attn.q_proj.weight": 0.04709276929497719, "model.layers.1.self_attn.k_proj.weight": 0.022904589772224426, "model.layers.1.self_attn.v_proj.weight": 0.02307453192770481, "model.layers.1.self_attn.o_proj.weight": 0.04652317613363266, "model.layers.1.mlp.gate_proj.weight": 0.09176600724458694, "model.layers.1.mlp.up_proj.weight": 0.09218139201402664, "model.layers.1.mlp.down_proj.weight": 0.09243962913751602, "model.layers.1.input_layernorm.weight": 0.0009983833879232407, "model.layers.1.post_attention_layernorm.weight": 0.0010179540840908885, "model.layers.2.self_attn.q_proj.weight": 0.046969592571258545, "model.layers.2.self_attn.k_proj.weight": 0.02299867756664753, "model.layers.2.self_attn.v_proj.weight": 0.023597372695803642, "model.layers.2.self_attn.o_proj.weight": 0.047747883945703506, "model.layers.2.mlp.gate_proj.weight": 0.09292446076869965, "model.layers.2.mlp.up_proj.weight": 0.09302039444446564, "model.layers.2.mlp.down_proj.weight": 0.09403812140226364, "model.layers.2.input_layernorm.weight": 0.0010161104146391153, "model.layers.2.post_attention_layernorm.weight": 0.0010418694000691175, "model.layers.3.self_attn.q_proj.weight": 0.04836461320519447, "model.layers.3.self_attn.k_proj.weight": 0.023999681696295738, "model.layers.3.self_attn.v_proj.weight": 0.02368164248764515, "model.layers.3.self_attn.o_proj.weight": 0.04766056686639786, "model.layers.3.mlp.gate_proj.weight": 0.0946858674287796, "model.layers.3.mlp.up_proj.weight": 0.09499035030603409, "model.layers.3.mlp.down_proj.weight": 0.09551625698804855, "model.layers.3.input_layernorm.weight": 0.0010517110349610448, "model.layers.3.post_attention_layernorm.weight": 0.0010491545544937253, "model.layers.4.self_attn.q_proj.weight": 0.048589158803224564, "model.layers.4.self_attn.k_proj.weight": 0.023616256192326546, "model.layers.4.self_attn.v_proj.weight": 0.023891346529126167, "model.layers.4.self_attn.o_proj.weight": 0.048019371926784515, "model.layers.4.mlp.gate_proj.weight": 0.09621812403202057, "model.layers.4.mlp.up_proj.weight": 0.09645971655845642, "model.layers.4.mlp.down_proj.weight": 0.0969318225979805, "model.layers.4.input_layernorm.weight": 0.0010410099057480693, "model.layers.4.post_attention_layernorm.weight": 0.0010655132355168462, "model.layers.5.self_attn.q_proj.weight": 0.04893142357468605, "model.layers.5.self_attn.k_proj.weight": 0.02423076517879963, "model.layers.5.self_attn.v_proj.weight": 0.02422301471233368, "model.layers.5.self_attn.o_proj.weight": 0.0488978810608387, "model.layers.5.mlp.gate_proj.weight": 0.0976915955543518, "model.layers.5.mlp.up_proj.weight": 0.09708728641271591, "model.layers.5.mlp.down_proj.weight": 0.09731835126876831, "model.layers.5.input_layernorm.weight": 0.0010584071278572083, "model.layers.5.post_attention_layernorm.weight": 0.001053356914781034, "model.layers.6.self_attn.q_proj.weight": 0.04806455969810486, "model.layers.6.self_attn.k_proj.weight": 0.023542480543255806, "model.layers.6.self_attn.v_proj.weight": 0.02393544651567936, "model.layers.6.self_attn.o_proj.weight": 0.04885251075029373, "model.layers.6.mlp.gate_proj.weight": 0.0985272005200386, "model.layers.6.mlp.up_proj.weight": 0.09810223430395126, "model.layers.6.mlp.down_proj.weight": 0.09849179536104202, "model.layers.6.input_layernorm.weight": 0.0010464861989021301, "model.layers.6.post_attention_layernorm.weight": 0.001074514351785183, "model.layers.7.self_attn.q_proj.weight": 0.04821239039301872, "model.layers.7.self_attn.k_proj.weight": 0.02423027902841568, "model.layers.7.self_attn.v_proj.weight": 0.024070531129837036, "model.layers.7.self_attn.o_proj.weight": 0.04904402792453766, "model.layers.7.mlp.gate_proj.weight": 0.10013173520565033, "model.layers.7.mlp.up_proj.weight": 0.09901655465364456, "model.layers.7.mlp.down_proj.weight": 0.0993189811706543, "model.layers.7.input_layernorm.weight": 0.0010191198671236634, "model.layers.7.post_attention_layernorm.weight": 0.0010753008536994457, "model.layers.8.self_attn.q_proj.weight": 0.04957369714975357, "model.layers.8.self_attn.k_proj.weight": 0.024647388607263565, "model.layers.8.self_attn.v_proj.weight": 0.024442147463560104, "model.layers.8.self_attn.o_proj.weight": 0.04977351054549217, "model.layers.8.mlp.gate_proj.weight": 0.10201563686132431, "model.layers.8.mlp.up_proj.weight": 0.10101564228534698, "model.layers.8.mlp.down_proj.weight": 0.10194430500268936, "model.layers.8.input_layernorm.weight": 0.0010642018169164658, "model.layers.8.post_attention_layernorm.weight": 0.0010993523756042123, "model.layers.9.self_attn.q_proj.weight": 0.05106182396411896, "model.layers.9.self_attn.k_proj.weight": 0.025383830070495605, "model.layers.9.self_attn.v_proj.weight": 0.025018274784088135, "model.layers.9.self_attn.o_proj.weight": 0.05123673379421234, "model.layers.9.mlp.gate_proj.weight": 0.10246145725250244, "model.layers.9.mlp.up_proj.weight": 0.10200615227222443, "model.layers.9.mlp.down_proj.weight": 0.10277977585792542, "model.layers.9.input_layernorm.weight": 0.0010853077983483672, "model.layers.9.post_attention_layernorm.weight": 0.0010944699170067906, "model.layers.10.self_attn.q_proj.weight": 0.05222383514046669, "model.layers.10.self_attn.k_proj.weight": 0.025867732241749763, "model.layers.10.self_attn.v_proj.weight": 0.025911875069141388, "model.layers.10.self_attn.o_proj.weight": 0.05283408239483833, "model.layers.10.mlp.gate_proj.weight": 0.10100653022527695, "model.layers.10.mlp.up_proj.weight": 0.10144858062267303, "model.layers.10.mlp.down_proj.weight": 0.10172302275896072, "model.layers.10.input_layernorm.weight": 0.001121910521760583, "model.layers.10.post_attention_layernorm.weight": 0.0011350151617079973, "model.layers.11.self_attn.q_proj.weight": 0.05086177960038185, "model.layers.11.self_attn.k_proj.weight": 0.02553030662238598, "model.layers.11.self_attn.v_proj.weight": 0.025427797809243202, "model.layers.11.self_attn.o_proj.weight": 0.05271587520837784, "model.layers.11.mlp.gate_proj.weight": 0.09991642087697983, "model.layers.11.mlp.up_proj.weight": 0.10072056204080582, "model.layers.11.mlp.down_proj.weight": 0.10126146674156189, "model.layers.11.input_layernorm.weight": 0.0011203303001821041, "model.layers.11.post_attention_layernorm.weight": 0.0010831751860678196, "model.layers.12.self_attn.q_proj.weight": 0.05174950882792473, "model.layers.12.self_attn.k_proj.weight": 0.025321634486317635, "model.layers.12.self_attn.v_proj.weight": 0.02588638663291931, "model.layers.12.self_attn.o_proj.weight": 0.05268632993102074, "model.layers.12.mlp.gate_proj.weight": 0.10030340403318405, "model.layers.12.mlp.up_proj.weight": 0.10059353709220886, "model.layers.12.mlp.down_proj.weight": 0.10096307098865509, "model.layers.12.input_layernorm.weight": 0.0011336894240230322, "model.layers.12.post_attention_layernorm.weight": 0.001109957811422646, "model.layers.13.self_attn.q_proj.weight": 0.05155651271343231, "model.layers.13.self_attn.k_proj.weight": 0.025613846257328987, "model.layers.13.self_attn.v_proj.weight": 0.026087528094649315, "model.layers.13.self_attn.o_proj.weight": 0.05258951708674431, "model.layers.13.mlp.gate_proj.weight": 0.10114976018667221, "model.layers.13.mlp.up_proj.weight": 0.10124766081571579, "model.layers.13.mlp.down_proj.weight": 0.10229422152042389,