{"total_norm": 7.172975063323975, "target_norm": 0.9345174431800842, "param2norm_diff": {"model.embed_tokens.weight": 0.17645218968391418, "model.layers.0.self_attn.q_proj.weight": 0.043804869055747986, "model.layers.0.self_attn.k_proj.weight": 0.02173830196261406, "model.layers.0.self_attn.v_proj.weight": 0.022040177136659622, "model.layers.0.self_attn.o_proj.weight": 0.045150164514780045, "model.layers.0.mlp.gate_proj.weight": 0.0895361378788948, "model.layers.0.mlp.up_proj.weight": 0.08958306908607483, "model.layers.0.mlp.down_proj.weight": 0.0899868980050087, "model.layers.0.input_layernorm.weight": 0.0009874888928607106, "model.layers.0.post_attention_layernorm.weight": 0.0009972605621442199, "model.layers.1.self_attn.q_proj.weight": 0.0445469431579113, "model.layers.1.self_attn.k_proj.weight": 0.022631285712122917, "model.layers.1.self_attn.v_proj.weight": 0.02285759709775448, "model.layers.1.self_attn.o_proj.weight": 0.04585733637213707, "model.layers.1.mlp.gate_proj.weight": 0.09029503911733627, "model.layers.1.mlp.up_proj.weight": 0.09031428396701813, "model.layers.1.mlp.down_proj.weight": 0.09062812477350235, "model.layers.1.input_layernorm.weight": 0.000963658036198467, "model.layers.1.post_attention_layernorm.weight": 0.000987854553386569, "model.layers.2.self_attn.q_proj.weight": 0.045484550297260284, "model.layers.2.self_attn.k_proj.weight": 0.023049652576446533, "model.layers.2.self_attn.v_proj.weight": 0.022929005324840546, "model.layers.2.self_attn.o_proj.weight": 0.04620370641350746, "model.layers.2.mlp.gate_proj.weight": 0.09063441306352615, "model.layers.2.mlp.up_proj.weight": 0.09069489687681198, "model.layers.2.mlp.down_proj.weight": 0.09141724556684494, "model.layers.2.input_layernorm.weight": 0.0010287764016538858, "model.layers.2.post_attention_layernorm.weight": 0.0009871175279840827, "model.layers.3.self_attn.q_proj.weight": 0.04560580849647522, "model.layers.3.self_attn.k_proj.weight": 0.022631430998444557, "model.layers.3.self_attn.v_proj.weight": 0.0228078905493021, "model.layers.3.self_attn.o_proj.weight": 0.04573783650994301, "model.layers.3.mlp.gate_proj.weight": 0.09287958592176437, "model.layers.3.mlp.up_proj.weight": 0.09271703660488129, "model.layers.3.mlp.down_proj.weight": 0.09315679222345352, "model.layers.3.input_layernorm.weight": 0.001020082039758563, "model.layers.3.post_attention_layernorm.weight": 0.0010011857375502586, "model.layers.4.self_attn.q_proj.weight": 0.04616932198405266, "model.layers.4.self_attn.k_proj.weight": 0.022763820365071297, "model.layers.4.self_attn.v_proj.weight": 0.023121753707528114, "model.layers.4.self_attn.o_proj.weight": 0.04634261503815651, "model.layers.4.mlp.gate_proj.weight": 0.09357859194278717, "model.layers.4.mlp.up_proj.weight": 0.0929446741938591, "model.layers.4.mlp.down_proj.weight": 0.0934753343462944, "model.layers.4.input_layernorm.weight": 0.0009993528947234154, "model.layers.4.post_attention_layernorm.weight": 0.0010127637069672346, "model.layers.5.self_attn.q_proj.weight": 0.04593664035201073, "model.layers.5.self_attn.k_proj.weight": 0.02215207740664482, "model.layers.5.self_attn.v_proj.weight": 0.023035570979118347, "model.layers.5.self_attn.o_proj.weight": 0.04644577577710152, "model.layers.5.mlp.gate_proj.weight": 0.09377522021532059, "model.layers.5.mlp.up_proj.weight": 0.0929318219423294, "model.layers.5.mlp.down_proj.weight": 0.09361066669225693, "model.layers.5.input_layernorm.weight": 0.0010278889676555991, "model.layers.5.post_attention_layernorm.weight": 0.0010331058874726295, "model.layers.6.self_attn.q_proj.weight": 0.045581281185150146, "model.layers.6.self_attn.k_proj.weight": 0.02268819883465767, "model.layers.6.self_attn.v_proj.weight": 0.02304030954837799, "model.layers.6.self_attn.o_proj.weight": 0.04632006958127022, "model.layers.6.mlp.gate_proj.weight": 0.09416845440864563, "model.layers.6.mlp.up_proj.weight": 0.09356807172298431, "model.layers.6.mlp.down_proj.weight": 0.09407273679971695, "model.layers.6.input_layernorm.weight": 0.0010028693359345198, "model.layers.6.post_attention_layernorm.weight": 0.0010320509318262339, "model.layers.7.self_attn.q_proj.weight": 0.046009987592697144, "model.layers.7.self_attn.k_proj.weight": 0.023373596370220184, "model.layers.7.self_attn.v_proj.weight": 0.02291239984333515, "model.layers.7.self_attn.o_proj.weight": 0.046843789517879486, "model.layers.7.mlp.gate_proj.weight": 0.0958167091012001, "model.layers.7.mlp.up_proj.weight": 0.09522700309753418, "model.layers.7.mlp.down_proj.weight": 0.09608855843544006, "model.layers.7.input_layernorm.weight": 0.0009964181808754802, "model.layers.7.post_attention_layernorm.weight": 0.001072881044819951, "model.layers.8.self_attn.q_proj.weight": 0.04718201979994774, "model.layers.8.self_attn.k_proj.weight": 0.023079898208379745, "model.layers.8.self_attn.v_proj.weight": 0.022989844903349876, "model.layers.8.self_attn.o_proj.weight": 0.04777727648615837, "model.layers.8.mlp.gate_proj.weight": 0.09765489399433136, "model.layers.8.mlp.up_proj.weight": 0.09682620316743851, "model.layers.8.mlp.down_proj.weight": 0.09788580238819122, "model.layers.8.input_layernorm.weight": 0.001011605141684413, "model.layers.8.post_attention_layernorm.weight": 0.0010679770493879914, "model.layers.9.self_attn.q_proj.weight": 0.04881393536925316, "model.layers.9.self_attn.k_proj.weight": 0.024057354778051376, "model.layers.9.self_attn.v_proj.weight": 0.023818429559469223, "model.layers.9.self_attn.o_proj.weight": 0.04881229251623154, "model.layers.9.mlp.gate_proj.weight": 0.10062721371650696, "model.layers.9.mlp.up_proj.weight": 0.0999559536576271, "model.layers.9.mlp.down_proj.weight": 0.100449338555336, "model.layers.9.input_layernorm.weight": 0.0010326013434678316, "model.layers.9.post_attention_layernorm.weight": 0.0010834736749529839, "model.layers.10.self_attn.q_proj.weight": 0.04902741312980652, "model.layers.10.self_attn.k_proj.weight": 0.024491025134921074, "model.layers.10.self_attn.v_proj.weight": 0.02425288036465645, "model.layers.10.self_attn.o_proj.weight": 0.04991714656352997, "model.layers.10.mlp.gate_proj.weight": 0.10124140232801437, "model.layers.10.mlp.up_proj.weight": 0.10056228190660477, "model.layers.10.mlp.down_proj.weight": 0.10116773843765259, "model.layers.10.input_layernorm.weight": 0.001072786166332662, "model.layers.10.post_attention_layernorm.weight": 0.0010750787332654, "model.layers.11.self_attn.q_proj.weight": 0.04927733913064003, "model.layers.11.self_attn.k_proj.weight": 0.02492072433233261, "model.layers.11.self_attn.v_proj.weight": 0.024626119062304497, "model.layers.11.self_attn.o_proj.weight": 0.05085357278585434, "model.layers.11.mlp.gate_proj.weight": 0.10219685733318329, "model.layers.11.mlp.up_proj.weight": 0.10189720243215561, "model.layers.11.mlp.down_proj.weight": 0.10248366743326187, "model.layers.11.input_layernorm.weight": 0.001070497208274901, "model.layers.11.post_attention_layernorm.weight": 0.0011031691683456302, "model.layers.12.self_attn.q_proj.weight": 0.050616342574357986, "model.layers.12.self_attn.k_proj.weight": 0.02440996654331684, "model.layers.12.self_attn.v_proj.weight": 0.02508912980556488, "model.layers.12.self_attn.o_proj.weight": 0.05107691511511803, "model.layers.12.mlp.gate_proj.weight": 0.10210966318845749, "model.layers.12.mlp.up_proj.weight": 0.10196732729673386, "model.layers.12.mlp.down_proj.weight": 0.1022009626030922, "model.layers.12.input_layernorm.weight": 0.001133969984948635, "model.layers.12.post_attention_layernorm.weight": 0.001106590498238802, "model.layers.13.self_attn.q_proj.weight": 0.05044153332710266, "model.layers.13.self_attn.k_proj.weight": 0.02582032047212124, "model.layers.13.self_attn.v_proj.weight": 0.025552663952112198, "model.layers.13.self_attn.o_proj.weight": 0.05137677490711212, "model.layers.13.mlp.gate_proj.weight": 0.10251931846141815, "model.layers.13.mlp.up_proj.weight": 0.10258293151855469, "model.layers.13.mlp.down_proj.weight": 0.1029077097773552,