{"total_norm": 7.007214546203613, "target_norm": 0.9405033588409424, "param2norm_diff": {"model.embed_tokens.weight": 0.17019504308700562, "model.layers.0.self_attn.q_proj.weight": 0.04288465529680252, "model.layers.0.self_attn.k_proj.weight": 0.021233046427369118, "model.layers.0.self_attn.v_proj.weight": 0.022776221856474876, "model.layers.0.self_attn.o_proj.weight": 0.046179432421922684, "model.layers.0.mlp.gate_proj.weight": 0.0921252965927124, "model.layers.0.mlp.up_proj.weight": 0.09212324023246765, "model.layers.0.mlp.down_proj.weight": 0.09220366179943085, "model.layers.0.input_layernorm.weight": 0.000969215645454824, "model.layers.0.post_attention_layernorm.weight": 0.0010183912236243486, "model.layers.1.self_attn.q_proj.weight": 0.04363146424293518, "model.layers.1.self_attn.k_proj.weight": 0.02187429368495941, "model.layers.1.self_attn.v_proj.weight": 0.022850634530186653, "model.layers.1.self_attn.o_proj.weight": 0.04558996856212616, "model.layers.1.mlp.gate_proj.weight": 0.09131716936826706, "model.layers.1.mlp.up_proj.weight": 0.09125880897045135, "model.layers.1.mlp.down_proj.weight": 0.09142497181892395, "model.layers.1.input_layernorm.weight": 0.0009920693701133132, "model.layers.1.post_attention_layernorm.weight": 0.0010075013851746917, "model.layers.2.self_attn.q_proj.weight": 0.044792983680963516, "model.layers.2.self_attn.k_proj.weight": 0.023351721465587616, "model.layers.2.self_attn.v_proj.weight": 0.022664347663521767, "model.layers.2.self_attn.o_proj.weight": 0.04533546790480614, "model.layers.2.mlp.gate_proj.weight": 0.0914808064699173, "model.layers.2.mlp.up_proj.weight": 0.09116114675998688, "model.layers.2.mlp.down_proj.weight": 0.09112954884767532, "model.layers.2.input_layernorm.weight": 0.0010001109912991524, "model.layers.2.post_attention_layernorm.weight": 0.0009966177167370915, "model.layers.3.self_attn.q_proj.weight": 0.04357277229428291, "model.layers.3.self_attn.k_proj.weight": 0.02184315212070942, "model.layers.3.self_attn.v_proj.weight": 0.02244313433766365, "model.layers.3.self_attn.o_proj.weight": 0.04489995539188385, "model.layers.3.mlp.gate_proj.weight": 0.09119800478219986, "model.layers.3.mlp.up_proj.weight": 0.09087684005498886, "model.layers.3.mlp.down_proj.weight": 0.0912095308303833, "model.layers.3.input_layernorm.weight": 0.0009688041172921658, "model.layers.3.post_attention_layernorm.weight": 0.0010071623837575316, "model.layers.4.self_attn.q_proj.weight": 0.043996673077344894, "model.layers.4.self_attn.k_proj.weight": 0.02162831649184227, "model.layers.4.self_attn.v_proj.weight": 0.022197404876351357, "model.layers.4.self_attn.o_proj.weight": 0.044829919934272766, "model.layers.4.mlp.gate_proj.weight": 0.09011898189783096, "model.layers.4.mlp.up_proj.weight": 0.09061453491449356, "model.layers.4.mlp.down_proj.weight": 0.09093999862670898, "model.layers.4.input_layernorm.weight": 0.0009522794862277806, "model.layers.4.post_attention_layernorm.weight": 0.0009941037278622389, "model.layers.5.self_attn.q_proj.weight": 0.043986231088638306, "model.layers.5.self_attn.k_proj.weight": 0.02181796357035637, "model.layers.5.self_attn.v_proj.weight": 0.02244032360613346, "model.layers.5.self_attn.o_proj.weight": 0.04527464136481285, "model.layers.5.mlp.gate_proj.weight": 0.09022495895624161, "model.layers.5.mlp.up_proj.weight": 0.09060726314783096, "model.layers.5.mlp.down_proj.weight": 0.09097927808761597, "model.layers.5.input_layernorm.weight": 0.0009505826164968312, "model.layers.5.post_attention_layernorm.weight": 0.0009840999264270067, "model.layers.6.self_attn.q_proj.weight": 0.04557713493704796, "model.layers.6.self_attn.k_proj.weight": 0.023233594372868538, "model.layers.6.self_attn.v_proj.weight": 0.0223078690469265, "model.layers.6.self_attn.o_proj.weight": 0.045065075159072876, "model.layers.6.mlp.gate_proj.weight": 0.09069101512432098, "model.layers.6.mlp.up_proj.weight": 0.09114670008420944, "model.layers.6.mlp.down_proj.weight": 0.09146935492753983, "model.layers.6.input_layernorm.weight": 0.0010047416435554624, "model.layers.6.post_attention_layernorm.weight": 0.0009919187286868691, "model.layers.7.self_attn.q_proj.weight": 0.044834863394498825, "model.layers.7.self_attn.k_proj.weight": 0.02229003794491291, "model.layers.7.self_attn.v_proj.weight": 0.02258584089577198, "model.layers.7.self_attn.o_proj.weight": 0.04577849805355072, "model.layers.7.mlp.gate_proj.weight": 0.09161248058080673, "model.layers.7.mlp.up_proj.weight": 0.09207896888256073, "model.layers.7.mlp.down_proj.weight": 0.09243977069854736, "model.layers.7.input_layernorm.weight": 0.0009896578267216682, "model.layers.7.post_attention_layernorm.weight": 0.0010169093729928136, "model.layers.8.self_attn.q_proj.weight": 0.04499708116054535, "model.layers.8.self_attn.k_proj.weight": 0.022334031760692596, "model.layers.8.self_attn.v_proj.weight": 0.022359229624271393, "model.layers.8.self_attn.o_proj.weight": 0.04551044851541519, "model.layers.8.mlp.gate_proj.weight": 0.09221786260604858, "model.layers.8.mlp.up_proj.weight": 0.09269648045301437, "model.layers.8.mlp.down_proj.weight": 0.09370419383049011, "model.layers.8.input_layernorm.weight": 0.0009815262164920568, "model.layers.8.post_attention_layernorm.weight": 0.000997348572127521, "model.layers.9.self_attn.q_proj.weight": 0.04663587734103203, "model.layers.9.self_attn.k_proj.weight": 0.023129837587475777, "model.layers.9.self_attn.v_proj.weight": 0.023157881572842598, "model.layers.9.self_attn.o_proj.weight": 0.046781912446022034, "model.layers.9.mlp.gate_proj.weight": 0.09444877505302429, "model.layers.9.mlp.up_proj.weight": 0.09547507017850876, "model.layers.9.mlp.down_proj.weight": 0.09657035022974014, "model.layers.9.input_layernorm.weight": 0.00101569970138371, "model.layers.9.post_attention_layernorm.weight": 0.0010374002158641815, "model.layers.10.self_attn.q_proj.weight": 0.047999560832977295, "model.layers.10.self_attn.k_proj.weight": 0.023301351815462112, "model.layers.10.self_attn.v_proj.weight": 0.023384513333439827, "model.layers.10.self_attn.o_proj.weight": 0.047477271407842636, "model.layers.10.mlp.gate_proj.weight": 0.0971100777387619, "model.layers.10.mlp.up_proj.weight": 0.09757854789495468, "model.layers.10.mlp.down_proj.weight": 0.09823155403137207, "model.layers.10.input_layernorm.weight": 0.0010341748129576445, "model.layers.10.post_attention_layernorm.weight": 0.0010669808834791183, "model.layers.11.self_attn.q_proj.weight": 0.04813586547970772, "model.layers.11.self_attn.k_proj.weight": 0.02341707982122898, "model.layers.11.self_attn.v_proj.weight": 0.024364924058318138, "model.layers.11.self_attn.o_proj.weight": 0.04879315197467804, "model.layers.11.mlp.gate_proj.weight": 0.09880362451076508, "model.layers.11.mlp.up_proj.weight": 0.09914042800664902, "model.layers.11.mlp.down_proj.weight": 0.09981618076562881, "model.layers.11.input_layernorm.weight": 0.0010298083070665598, "model.layers.11.post_attention_layernorm.weight": 0.0010805720230564475, "model.layers.12.self_attn.q_proj.weight": 0.04722535237669945, "model.layers.12.self_attn.k_proj.weight": 0.024078352376818657, "model.layers.12.self_attn.v_proj.weight": 0.02413925528526306, "model.layers.12.self_attn.o_proj.weight": 0.048539746552705765, "model.layers.12.mlp.gate_proj.weight": 0.09969910234212875, "model.layers.12.mlp.up_proj.weight": 0.09947090595960617, "model.layers.12.mlp.down_proj.weight": 0.10047078877687454, "model.layers.12.input_layernorm.weight": 0.0010761563898995519, "model.layers.12.post_attention_layernorm.weight": 0.001063676318153739, "model.layers.13.self_attn.q_proj.weight": 0.0483999028801918, "model.layers.13.self_attn.k_proj.weight": 0.023943550884723663, "model.layers.13.self_attn.v_proj.weight": 0.024980124086141586, "model.layers.13.self_attn.o_proj.weight": 0.04960640147328377, "model.layers.13.mlp.gate_proj.weight": 0.10173681378364563, "model.layers.13.mlp.up_proj.weight": 0.10190050303936005, "model.layers.13.mlp.down_proj.weight": 0.10234525054693222,