{"total_norm": 6.985662460327148, "target_norm": 0.9418506622314453, "param2norm_diff": {"model.embed_tokens.weight": 0.14530152082443237, "model.layers.0.self_attn.q_proj.weight": 0.04429604485630989, "model.layers.0.self_attn.k_proj.weight": 0.022888610139489174, "model.layers.0.self_attn.v_proj.weight": 0.023062774911522865, "model.layers.0.self_attn.o_proj.weight": 0.046110305935144424, "model.layers.0.mlp.gate_proj.weight": 0.09275984019041061, "model.layers.0.mlp.up_proj.weight": 0.0930233970284462, "model.layers.0.mlp.down_proj.weight": 0.092926524579525, "model.layers.0.input_layernorm.weight": 0.0010359273292124271, "model.layers.0.post_attention_layernorm.weight": 0.0010395576246082783, "model.layers.1.self_attn.q_proj.weight": 0.046738531440496445, "model.layers.1.self_attn.k_proj.weight": 0.02339169569313526, "model.layers.1.self_attn.v_proj.weight": 0.02274996042251587, "model.layers.1.self_attn.o_proj.weight": 0.04548870399594307, "model.layers.1.mlp.gate_proj.weight": 0.09278503060340881, "model.layers.1.mlp.up_proj.weight": 0.0926593765616417, "model.layers.1.mlp.down_proj.weight": 0.09274522215127945, "model.layers.1.input_layernorm.weight": 0.0010216424707323313, "model.layers.1.post_attention_layernorm.weight": 0.001028629019856453, "model.layers.2.self_attn.q_proj.weight": 0.04666890203952789, "model.layers.2.self_attn.k_proj.weight": 0.02242394909262657, "model.layers.2.self_attn.v_proj.weight": 0.022933626547455788, "model.layers.2.self_attn.o_proj.weight": 0.04598034918308258, "model.layers.2.mlp.gate_proj.weight": 0.09236346930265427, "model.layers.2.mlp.up_proj.weight": 0.09226062148809433, "model.layers.2.mlp.down_proj.weight": 0.09237917512655258, "model.layers.2.input_layernorm.weight": 0.0010059429332613945, "model.layers.2.post_attention_layernorm.weight": 0.0009889177745208144, "model.layers.3.self_attn.q_proj.weight": 0.04668187350034714, "model.layers.3.self_attn.k_proj.weight": 0.023328963667154312, "model.layers.3.self_attn.v_proj.weight": 0.022966904565691948, "model.layers.3.self_attn.o_proj.weight": 0.045932184904813766, "model.layers.3.mlp.gate_proj.weight": 0.09202335774898529, "model.layers.3.mlp.up_proj.weight": 0.09218813478946686, "model.layers.3.mlp.down_proj.weight": 0.09178689122200012, "model.layers.3.input_layernorm.weight": 0.00102203746791929, "model.layers.3.post_attention_layernorm.weight": 0.001011030049994588, "model.layers.4.self_attn.q_proj.weight": 0.044155001640319824, "model.layers.4.self_attn.k_proj.weight": 0.022235188633203506, "model.layers.4.self_attn.v_proj.weight": 0.022522911429405212, "model.layers.4.self_attn.o_proj.weight": 0.0450408011674881, "model.layers.4.mlp.gate_proj.weight": 0.09086384624242783, "model.layers.4.mlp.up_proj.weight": 0.0913250669836998, "model.layers.4.mlp.down_proj.weight": 0.09107460081577301, "model.layers.4.input_layernorm.weight": 0.0009962914045900106, "model.layers.4.post_attention_layernorm.weight": 0.0010155241470783949, "model.layers.5.self_attn.q_proj.weight": 0.045926112681627274, "model.layers.5.self_attn.k_proj.weight": 0.02306860126554966, "model.layers.5.self_attn.v_proj.weight": 0.022702528163790703, "model.layers.5.self_attn.o_proj.weight": 0.04601019248366356, "model.layers.5.mlp.gate_proj.weight": 0.0899890661239624, "model.layers.5.mlp.up_proj.weight": 0.09075106680393219, "model.layers.5.mlp.down_proj.weight": 0.09072647988796234, "model.layers.5.input_layernorm.weight": 0.0009889408247545362, "model.layers.5.post_attention_layernorm.weight": 0.0010005197254940867, "model.layers.6.self_attn.q_proj.weight": 0.04425220191478729, "model.layers.6.self_attn.k_proj.weight": 0.022284960374236107, "model.layers.6.self_attn.v_proj.weight": 0.02255396917462349, "model.layers.6.self_attn.o_proj.weight": 0.04530419409275055, "model.layers.6.mlp.gate_proj.weight": 0.09065599739551544, "model.layers.6.mlp.up_proj.weight": 0.09164432436227798, "model.layers.6.mlp.down_proj.weight": 0.09197141230106354, "model.layers.6.input_layernorm.weight": 0.0010104383109137416, "model.layers.6.post_attention_layernorm.weight": 0.000985657679848373, "model.layers.7.self_attn.q_proj.weight": 0.04570611193776131, "model.layers.7.self_attn.k_proj.weight": 0.0231437049806118, "model.layers.7.self_attn.v_proj.weight": 0.02255704067647457, "model.layers.7.self_attn.o_proj.weight": 0.04603337496519089, "model.layers.7.mlp.gate_proj.weight": 0.09174946695566177, "model.layers.7.mlp.up_proj.weight": 0.0924389511346817, "model.layers.7.mlp.down_proj.weight": 0.09273844957351685, "model.layers.7.input_layernorm.weight": 0.0009800500702112913, "model.layers.7.post_attention_layernorm.weight": 0.0010287197073921561, "model.layers.8.self_attn.q_proj.weight": 0.046070460230112076, "model.layers.8.self_attn.k_proj.weight": 0.022996986284852028, "model.layers.8.self_attn.v_proj.weight": 0.022721651941537857, "model.layers.8.self_attn.o_proj.weight": 0.046309348195791245, "model.layers.8.mlp.gate_proj.weight": 0.09152812510728836, "model.layers.8.mlp.up_proj.weight": 0.09207586944103241, "model.layers.8.mlp.down_proj.weight": 0.09282609075307846, "model.layers.8.input_layernorm.weight": 0.0009952569380402565, "model.layers.8.post_attention_layernorm.weight": 0.0010098331840708852, "model.layers.9.self_attn.q_proj.weight": 0.046641312539577484, "model.layers.9.self_attn.k_proj.weight": 0.023326363414525986, "model.layers.9.self_attn.v_proj.weight": 0.02263016626238823, "model.layers.9.self_attn.o_proj.weight": 0.04632718488574028, "model.layers.9.mlp.gate_proj.weight": 0.09249415993690491, "model.layers.9.mlp.up_proj.weight": 0.0936371386051178, "model.layers.9.mlp.down_proj.weight": 0.09417035430669785, "model.layers.9.input_layernorm.weight": 0.001007126527838409, "model.layers.9.post_attention_layernorm.weight": 0.0010312818922102451, "model.layers.10.self_attn.q_proj.weight": 0.046441879123449326, "model.layers.10.self_attn.k_proj.weight": 0.022230327129364014, "model.layers.10.self_attn.v_proj.weight": 0.023085003718733788, "model.layers.10.self_attn.o_proj.weight": 0.047713395208120346, "model.layers.10.mlp.gate_proj.weight": 0.09349503368139267, "model.layers.10.mlp.up_proj.weight": 0.09445521980524063, "model.layers.10.mlp.down_proj.weight": 0.0953618586063385, "model.layers.10.input_layernorm.weight": 0.0010228132596239448, "model.layers.10.post_attention_layernorm.weight": 0.0010398580925539136, "model.layers.11.self_attn.q_proj.weight": 0.0472610779106617, "model.layers.11.self_attn.k_proj.weight": 0.02322033792734146, "model.layers.11.self_attn.v_proj.weight": 0.023219402879476547, "model.layers.11.self_attn.o_proj.weight": 0.047632429748773575, "model.layers.11.mlp.gate_proj.weight": 0.09466922283172607, "model.layers.11.mlp.up_proj.weight": 0.0953797772526741, "model.layers.11.mlp.down_proj.weight": 0.09633620828390121, "model.layers.11.input_layernorm.weight": 0.0010421877959743142, "model.layers.11.post_attention_layernorm.weight": 0.001031150110065937, "model.layers.12.self_attn.q_proj.weight": 0.04703095927834511, "model.layers.12.self_attn.k_proj.weight": 0.022784067317843437, "model.layers.12.self_attn.v_proj.weight": 0.023967359215021133, "model.layers.12.self_attn.o_proj.weight": 0.04794621840119362, "model.layers.12.mlp.gate_proj.weight": 0.09655209630727768, "model.layers.12.mlp.up_proj.weight": 0.09680841863155365, "model.layers.12.mlp.down_proj.weight": 0.09807530790567398, "model.layers.12.input_layernorm.weight": 0.0010711881332099438, "model.layers.12.post_attention_layernorm.weight": 0.0010396541329100728, "model.layers.13.self_attn.q_proj.weight": 0.04806745797395706, "model.layers.13.self_attn.k_proj.weight": 0.023881742730736732, "model.layers.13.self_attn.v_proj.weight": 0.02416566014289856, "model.layers.13.self_attn.o_proj.weight": 0.04832756519317627, "model.layers.13.mlp.gate_proj.weight": 0.10015620291233063, "model.layers.13.mlp.up_proj.weight": 0.10051713138818741, "model.layers.13.mlp.down_proj.weight": 0.10150748491287231,