{"total_norm": 7.495699405670166, "target_norm": 0.9936190247535706, "param2norm_diff": {"model.embed_tokens.weight": 0.18937087059020996, "model.layers.0.self_attn.q_proj.weight": 0.046895239502191544, "model.layers.0.self_attn.k_proj.weight": 0.023707645013928413, "model.layers.0.self_attn.v_proj.weight": 0.02379213087260723, "model.layers.0.self_attn.o_proj.weight": 0.04718726873397827, "model.layers.0.mlp.gate_proj.weight": 0.0941198468208313, "model.layers.0.mlp.up_proj.weight": 0.09405634552240372, "model.layers.0.mlp.down_proj.weight": 0.09417619556188583, "model.layers.0.input_layernorm.weight": 0.001057882560417056, "model.layers.0.post_attention_layernorm.weight": 0.0010458952747285366, "model.layers.1.self_attn.q_proj.weight": 0.04664653539657593, "model.layers.1.self_attn.k_proj.weight": 0.02366402931511402, "model.layers.1.self_attn.v_proj.weight": 0.023605260998010635, "model.layers.1.self_attn.o_proj.weight": 0.04746643453836441, "model.layers.1.mlp.gate_proj.weight": 0.09416921436786652, "model.layers.1.mlp.up_proj.weight": 0.09384234994649887, "model.layers.1.mlp.down_proj.weight": 0.09434080868959427, "model.layers.1.input_layernorm.weight": 0.0010205504950135946, "model.layers.1.post_attention_layernorm.weight": 0.0010271624196320772, "model.layers.2.self_attn.q_proj.weight": 0.04685889929533005, "model.layers.2.self_attn.k_proj.weight": 0.022469129413366318, "model.layers.2.self_attn.v_proj.weight": 0.023370197042822838, "model.layers.2.self_attn.o_proj.weight": 0.0475819855928421, "model.layers.2.mlp.gate_proj.weight": 0.09494398534297943, "model.layers.2.mlp.up_proj.weight": 0.0945083498954773, "model.layers.2.mlp.down_proj.weight": 0.09476905316114426, "model.layers.2.input_layernorm.weight": 0.0010051580611616373, "model.layers.2.post_attention_layernorm.weight": 0.001053539803251624, "model.layers.3.self_attn.q_proj.weight": 0.047232672572135925, "model.layers.3.self_attn.k_proj.weight": 0.023347731679677963, "model.layers.3.self_attn.v_proj.weight": 0.023741064593195915, "model.layers.3.self_attn.o_proj.weight": 0.047338634729385376, "model.layers.3.mlp.gate_proj.weight": 0.0952732264995575, "model.layers.3.mlp.up_proj.weight": 0.0945291668176651, "model.layers.3.mlp.down_proj.weight": 0.09521372616291046, "model.layers.3.input_layernorm.weight": 0.0010399693856015801, "model.layers.3.post_attention_layernorm.weight": 0.0010435120202600956, "model.layers.4.self_attn.q_proj.weight": 0.04733704403042793, "model.layers.4.self_attn.k_proj.weight": 0.02390165999531746, "model.layers.4.self_attn.v_proj.weight": 0.02325649932026863, "model.layers.4.self_attn.o_proj.weight": 0.04663906246423721, "model.layers.4.mlp.gate_proj.weight": 0.0962321013212204, "model.layers.4.mlp.up_proj.weight": 0.09537484496831894, "model.layers.4.mlp.down_proj.weight": 0.09633897244930267, "model.layers.4.input_layernorm.weight": 0.0010197792435064912, "model.layers.4.post_attention_layernorm.weight": 0.0010307419579476118, "model.layers.5.self_attn.q_proj.weight": 0.04722204804420471, "model.layers.5.self_attn.k_proj.weight": 0.02330128662288189, "model.layers.5.self_attn.v_proj.weight": 0.02354317717254162, "model.layers.5.self_attn.o_proj.weight": 0.047630105167627335, "model.layers.5.mlp.gate_proj.weight": 0.09721499681472778, "model.layers.5.mlp.up_proj.weight": 0.09608741849660873, "model.layers.5.mlp.down_proj.weight": 0.09693481773138046, "model.layers.5.input_layernorm.weight": 0.0010293652303516865, "model.layers.5.post_attention_layernorm.weight": 0.0010407830122858286, "model.layers.6.self_attn.q_proj.weight": 0.04792800545692444, "model.layers.6.self_attn.k_proj.weight": 0.02384139969944954, "model.layers.6.self_attn.v_proj.weight": 0.023810764774680138, "model.layers.6.self_attn.o_proj.weight": 0.048335000872612, "model.layers.6.mlp.gate_proj.weight": 0.0990210473537445, "model.layers.6.mlp.up_proj.weight": 0.09794849902391434, "model.layers.6.mlp.down_proj.weight": 0.09909770637750626, "model.layers.6.input_layernorm.weight": 0.0010323915630578995, "model.layers.6.post_attention_layernorm.weight": 0.0010740129509940743, "model.layers.7.self_attn.q_proj.weight": 0.04905237257480621, "model.layers.7.self_attn.k_proj.weight": 0.02387080155313015, "model.layers.7.self_attn.v_proj.weight": 0.02396007440984249, "model.layers.7.self_attn.o_proj.weight": 0.04914466291666031, "model.layers.7.mlp.gate_proj.weight": 0.10131847113370895, "model.layers.7.mlp.up_proj.weight": 0.10009589046239853, "model.layers.7.mlp.down_proj.weight": 0.10082816332578659, "model.layers.7.input_layernorm.weight": 0.001010167645290494, "model.layers.7.post_attention_layernorm.weight": 0.0010918396292254329, "model.layers.8.self_attn.q_proj.weight": 0.05020751804113388, "model.layers.8.self_attn.k_proj.weight": 0.024574480950832367, "model.layers.8.self_attn.v_proj.weight": 0.02433864399790764, "model.layers.8.self_attn.o_proj.weight": 0.049819912761449814, "model.layers.8.mlp.gate_proj.weight": 0.1028309315443039, "model.layers.8.mlp.up_proj.weight": 0.10188330709934235, "model.layers.8.mlp.down_proj.weight": 0.10305748134851456, "model.layers.8.input_layernorm.weight": 0.0010453426511958241, "model.layers.8.post_attention_layernorm.weight": 0.0011195699917152524, "model.layers.9.self_attn.q_proj.weight": 0.051054392009973526, "model.layers.9.self_attn.k_proj.weight": 0.02517840825021267, "model.layers.9.self_attn.v_proj.weight": 0.025092313066124916, "model.layers.9.self_attn.o_proj.weight": 0.0512889139354229, "model.layers.9.mlp.gate_proj.weight": 0.10438688099384308, "model.layers.9.mlp.up_proj.weight": 0.10408636182546616, "model.layers.9.mlp.down_proj.weight": 0.10466212779283524, "model.layers.9.input_layernorm.weight": 0.0011076577939093113, "model.layers.9.post_attention_layernorm.weight": 0.0011231946991756558, "model.layers.10.self_attn.q_proj.weight": 0.051607705652713776, "model.layers.10.self_attn.k_proj.weight": 0.025378046557307243, "model.layers.10.self_attn.v_proj.weight": 0.02610124461352825, "model.layers.10.self_attn.o_proj.weight": 0.05250277742743492, "model.layers.10.mlp.gate_proj.weight": 0.10446299612522125, "model.layers.10.mlp.up_proj.weight": 0.10509688407182693, "model.layers.10.mlp.down_proj.weight": 0.10516394674777985, "model.layers.10.input_layernorm.weight": 0.0011458343360573053, "model.layers.10.post_attention_layernorm.weight": 0.0011513590579852462, "model.layers.11.self_attn.q_proj.weight": 0.05228468030691147, "model.layers.11.self_attn.k_proj.weight": 0.02527548000216484, "model.layers.11.self_attn.v_proj.weight": 0.025921670719981194, "model.layers.11.self_attn.o_proj.weight": 0.05347895994782448, "model.layers.11.mlp.gate_proj.weight": 0.10411976277828217, "model.layers.11.mlp.up_proj.weight": 0.10564234852790833, "model.layers.11.mlp.down_proj.weight": 0.10606417804956436, "model.layers.11.input_layernorm.weight": 0.0011017355136573315, "model.layers.11.post_attention_layernorm.weight": 0.0011496846564114094, "model.layers.12.self_attn.q_proj.weight": 0.05213841423392296, "model.layers.12.self_attn.k_proj.weight": 0.025790011510252953, "model.layers.12.self_attn.v_proj.weight": 0.026616811752319336, "model.layers.12.self_attn.o_proj.weight": 0.053594425320625305, "model.layers.12.mlp.gate_proj.weight": 0.10483178496360779, "model.layers.12.mlp.up_proj.weight": 0.1053445115685463, "model.layers.12.mlp.down_proj.weight": 0.10646539181470871, "model.layers.12.input_layernorm.weight": 0.0011598169803619385, "model.layers.12.post_attention_layernorm.weight": 0.0011484480928629637, "model.layers.13.self_attn.q_proj.weight": 0.052453845739364624, "model.layers.13.self_attn.k_proj.weight": 0.026364734396338463, "model.layers.13.self_attn.v_proj.weight": 0.02697295881807804, "model.layers.13.self_attn.o_proj.weight": 0.05438715219497681, "model.layers.13.mlp.gate_proj.weight": 0.10717707127332687, "model.layers.13.mlp.up_proj.weight": 0.10752075165510178, "model.layers.13.mlp.down_proj.weight": 0.1081371158361435,