{"total_norm": 7.521780967712402, "target_norm": 0.9940054416656494, "param2norm_diff": {"model.embed_tokens.weight": 0.1963922530412674, "model.layers.0.self_attn.q_proj.weight": 0.044931236654520035, "model.layers.0.self_attn.k_proj.weight": 0.022034240886569023, "model.layers.0.self_attn.v_proj.weight": 0.022974234074354172, "model.layers.0.self_attn.o_proj.weight": 0.04623371362686157, "model.layers.0.mlp.gate_proj.weight": 0.0916832685470581, "model.layers.0.mlp.up_proj.weight": 0.09124640375375748, "model.layers.0.mlp.down_proj.weight": 0.09162115305662155, "model.layers.0.input_layernorm.weight": 0.0009671610314399004, "model.layers.0.post_attention_layernorm.weight": 0.001012196997180581, "model.layers.1.self_attn.q_proj.weight": 0.04713871330022812, "model.layers.1.self_attn.k_proj.weight": 0.02321700006723404, "model.layers.1.self_attn.v_proj.weight": 0.023097919300198555, "model.layers.1.self_attn.o_proj.weight": 0.047022223472595215, "model.layers.1.mlp.gate_proj.weight": 0.09117066860198975, "model.layers.1.mlp.up_proj.weight": 0.09111566841602325, "model.layers.1.mlp.down_proj.weight": 0.09131299704313278, "model.layers.1.input_layernorm.weight": 0.0010035325540229678, "model.layers.1.post_attention_layernorm.weight": 0.0010088381823152304, "model.layers.2.self_attn.q_proj.weight": 0.04790813848376274, "model.layers.2.self_attn.k_proj.weight": 0.024045968428254128, "model.layers.2.self_attn.v_proj.weight": 0.023568985983729362, "model.layers.2.self_attn.o_proj.weight": 0.04779741168022156, "model.layers.2.mlp.gate_proj.weight": 0.09161264449357986, "model.layers.2.mlp.up_proj.weight": 0.09188778698444366, "model.layers.2.mlp.down_proj.weight": 0.09280355274677277, "model.layers.2.input_layernorm.weight": 0.001057267771102488, "model.layers.2.post_attention_layernorm.weight": 0.001002571196295321, "model.layers.3.self_attn.q_proj.weight": 0.04696885123848915, "model.layers.3.self_attn.k_proj.weight": 0.023131756111979485, "model.layers.3.self_attn.v_proj.weight": 0.023218650370836258, "model.layers.3.self_attn.o_proj.weight": 0.04768362641334534, "model.layers.3.mlp.gate_proj.weight": 0.09467290341854095, "model.layers.3.mlp.up_proj.weight": 0.09525538980960846, "model.layers.3.mlp.down_proj.weight": 0.09625528752803802, "model.layers.3.input_layernorm.weight": 0.001015429850667715, "model.layers.3.post_attention_layernorm.weight": 0.001035621971823275, "model.layers.4.self_attn.q_proj.weight": 0.04747042432427406, "model.layers.4.self_attn.k_proj.weight": 0.023936791345477104, "model.layers.4.self_attn.v_proj.weight": 0.023625556379556656, "model.layers.4.self_attn.o_proj.weight": 0.047848667949438095, "model.layers.4.mlp.gate_proj.weight": 0.09648816287517548, "model.layers.4.mlp.up_proj.weight": 0.09664678573608398, "model.layers.4.mlp.down_proj.weight": 0.09716499596834183, "model.layers.4.input_layernorm.weight": 0.0010583834955468774, "model.layers.4.post_attention_layernorm.weight": 0.0010574880288913846, "model.layers.5.self_attn.q_proj.weight": 0.04762046039104462, "model.layers.5.self_attn.k_proj.weight": 0.023323869332671165, "model.layers.5.self_attn.v_proj.weight": 0.02423117868602276, "model.layers.5.self_attn.o_proj.weight": 0.04955484718084335, "model.layers.5.mlp.gate_proj.weight": 0.0985928550362587, "model.layers.5.mlp.up_proj.weight": 0.09860929101705551, "model.layers.5.mlp.down_proj.weight": 0.09917636215686798, "model.layers.5.input_layernorm.weight": 0.0010376300197094679, "model.layers.5.post_attention_layernorm.weight": 0.0010914690792560577, "model.layers.6.self_attn.q_proj.weight": 0.049336761236190796, "model.layers.6.self_attn.k_proj.weight": 0.024421732872724533, "model.layers.6.self_attn.v_proj.weight": 0.024569043889641762, "model.layers.6.self_attn.o_proj.weight": 0.050272345542907715, "model.layers.6.mlp.gate_proj.weight": 0.09976619482040405, "model.layers.6.mlp.up_proj.weight": 0.10001958906650543, "model.layers.6.mlp.down_proj.weight": 0.10081038624048233, "model.layers.6.input_layernorm.weight": 0.001095467945560813, "model.layers.6.post_attention_layernorm.weight": 0.001085860887542367, "model.layers.7.self_attn.q_proj.weight": 0.04964250326156616, "model.layers.7.self_attn.k_proj.weight": 0.02448183111846447, "model.layers.7.self_attn.v_proj.weight": 0.02492586337029934, "model.layers.7.self_attn.o_proj.weight": 0.05128277838230133, "model.layers.7.mlp.gate_proj.weight": 0.10199901461601257, "model.layers.7.mlp.up_proj.weight": 0.10172493755817413, "model.layers.7.mlp.down_proj.weight": 0.10252901911735535, "model.layers.7.input_layernorm.weight": 0.0010886386735364795, "model.layers.7.post_attention_layernorm.weight": 0.001125854323618114, "model.layers.8.self_attn.q_proj.weight": 0.05080386996269226, "model.layers.8.self_attn.k_proj.weight": 0.025090306997299194, "model.layers.8.self_attn.v_proj.weight": 0.025618603453040123, "model.layers.8.self_attn.o_proj.weight": 0.05183400586247444, "model.layers.8.mlp.gate_proj.weight": 0.10435307025909424, "model.layers.8.mlp.up_proj.weight": 0.10348963737487793, "model.layers.8.mlp.down_proj.weight": 0.1044371947646141, "model.layers.8.input_layernorm.weight": 0.0011227538343518972, "model.layers.8.post_attention_layernorm.weight": 0.0011454669293016195, "model.layers.9.self_attn.q_proj.weight": 0.05174732208251953, "model.layers.9.self_attn.k_proj.weight": 0.025418847799301147, "model.layers.9.self_attn.v_proj.weight": 0.025417085736989975, "model.layers.9.self_attn.o_proj.weight": 0.051981307566165924, "model.layers.9.mlp.gate_proj.weight": 0.10561586171388626, "model.layers.9.mlp.up_proj.weight": 0.10519888252019882, "model.layers.9.mlp.down_proj.weight": 0.10560871660709381, "model.layers.9.input_layernorm.weight": 0.0011123240692541003, "model.layers.9.post_attention_layernorm.weight": 0.0011354995658621192, "model.layers.10.self_attn.q_proj.weight": 0.05092059075832367, "model.layers.10.self_attn.k_proj.weight": 0.025113603100180626, "model.layers.10.self_attn.v_proj.weight": 0.02574331872165203, "model.layers.10.self_attn.o_proj.weight": 0.05325619503855705, "model.layers.10.mlp.gate_proj.weight": 0.10455773770809174, "model.layers.10.mlp.up_proj.weight": 0.10547946393489838, "model.layers.10.mlp.down_proj.weight": 0.10602368414402008, "model.layers.10.input_layernorm.weight": 0.001061843242496252, "model.layers.10.post_attention_layernorm.weight": 0.001147564616985619, "model.layers.11.self_attn.q_proj.weight": 0.05358275771141052, "model.layers.11.self_attn.k_proj.weight": 0.026006581261754036, "model.layers.11.self_attn.v_proj.weight": 0.026574738323688507, "model.layers.11.self_attn.o_proj.weight": 0.054412003606557846, "model.layers.11.mlp.gate_proj.weight": 0.10422983020544052, "model.layers.11.mlp.up_proj.weight": 0.10628233104944229, "model.layers.11.mlp.down_proj.weight": 0.1061977669596672, "model.layers.11.input_layernorm.weight": 0.001132292440161109, "model.layers.11.post_attention_layernorm.weight": 0.0011537764221429825, "model.layers.12.self_attn.q_proj.weight": 0.052725233137607574, "model.layers.12.self_attn.k_proj.weight": 0.02562268078327179, "model.layers.12.self_attn.v_proj.weight": 0.026645557954907417, "model.layers.12.self_attn.o_proj.weight": 0.05417361855506897, "model.layers.12.mlp.gate_proj.weight": 0.10514460504055023, "model.layers.12.mlp.up_proj.weight": 0.10593342036008835, "model.layers.12.mlp.down_proj.weight": 0.10598093271255493, "model.layers.12.input_layernorm.weight": 0.001165955443866551, "model.layers.12.post_attention_layernorm.weight": 0.001167499111033976, "model.layers.13.self_attn.q_proj.weight": 0.05215027183294296, "model.layers.13.self_attn.k_proj.weight": 0.02528943307697773, "model.layers.13.self_attn.v_proj.weight": 0.026468003168702126, "model.layers.13.self_attn.o_proj.weight": 0.05351581051945686, "model.layers.13.mlp.gate_proj.weight": 0.10666853934526443, "model.layers.13.mlp.up_proj.weight": 0.10693875700235367, "model.layers.13.mlp.down_proj.weight": 0.1072133257985115,