{"total_norm": 7.736425876617432, "target_norm": 1.0316276550292969, "param2norm_diff": {"model.embed_tokens.weight": 0.20303088426589966, "model.layers.0.self_attn.q_proj.weight": 0.04525977745652199, "model.layers.0.self_attn.k_proj.weight": 0.023337120190262794, "model.layers.0.self_attn.v_proj.weight": 0.023334356024861336, "model.layers.0.self_attn.o_proj.weight": 0.04636315628886223, "model.layers.0.mlp.gate_proj.weight": 0.09143969416618347, "model.layers.0.mlp.up_proj.weight": 0.09132597595453262, "model.layers.0.mlp.down_proj.weight": 0.09142367541790009, "model.layers.0.input_layernorm.weight": 0.0010049084667116404, "model.layers.0.post_attention_layernorm.weight": 0.0009954675333574414, "model.layers.1.self_attn.q_proj.weight": 0.046213872730731964, "model.layers.1.self_attn.k_proj.weight": 0.022952966392040253, "model.layers.1.self_attn.v_proj.weight": 0.023052513599395752, "model.layers.1.self_attn.o_proj.weight": 0.046604517847299576, "model.layers.1.mlp.gate_proj.weight": 0.09089697152376175, "model.layers.1.mlp.up_proj.weight": 0.09063011407852173, "model.layers.1.mlp.down_proj.weight": 0.09113112092018127, "model.layers.1.input_layernorm.weight": 0.0009786913869902492, "model.layers.1.post_attention_layernorm.weight": 0.0010104443645104766, "model.layers.2.self_attn.q_proj.weight": 0.047318536788225174, "model.layers.2.self_attn.k_proj.weight": 0.023044530302286148, "model.layers.2.self_attn.v_proj.weight": 0.02330969274044037, "model.layers.2.self_attn.o_proj.weight": 0.048047907650470734, "model.layers.2.mlp.gate_proj.weight": 0.09168056398630142, "model.layers.2.mlp.up_proj.weight": 0.09198466688394547, "model.layers.2.mlp.down_proj.weight": 0.09350752085447311, "model.layers.2.input_layernorm.weight": 0.0010164004052057862, "model.layers.2.post_attention_layernorm.weight": 0.0010066838003695011, "model.layers.3.self_attn.q_proj.weight": 0.04738529399037361, "model.layers.3.self_attn.k_proj.weight": 0.022927971556782722, "model.layers.3.self_attn.v_proj.weight": 0.023653412237763405, "model.layers.3.self_attn.o_proj.weight": 0.04835277050733566, "model.layers.3.mlp.gate_proj.weight": 0.09647193551063538, "model.layers.3.mlp.up_proj.weight": 0.09621071815490723, "model.layers.3.mlp.down_proj.weight": 0.09770482778549194, "model.layers.3.input_layernorm.weight": 0.0010255208471789956, "model.layers.3.post_attention_layernorm.weight": 0.0010329487267881632, "model.layers.4.self_attn.q_proj.weight": 0.048713017255067825, "model.layers.4.self_attn.k_proj.weight": 0.023819876834750175, "model.layers.4.self_attn.v_proj.weight": 0.024173768237233162, "model.layers.4.self_attn.o_proj.weight": 0.04829386621713638, "model.layers.4.mlp.gate_proj.weight": 0.09885181486606598, "model.layers.4.mlp.up_proj.weight": 0.09844448417425156, "model.layers.4.mlp.down_proj.weight": 0.09964372217655182, "model.layers.4.input_layernorm.weight": 0.001025903271511197, "model.layers.4.post_attention_layernorm.weight": 0.0010657970560714602, "model.layers.5.self_attn.q_proj.weight": 0.050309982150793076, "model.layers.5.self_attn.k_proj.weight": 0.024452989920973778, "model.layers.5.self_attn.v_proj.weight": 0.024637332186102867, "model.layers.5.self_attn.o_proj.weight": 0.049549587070941925, "model.layers.5.mlp.gate_proj.weight": 0.10123179852962494, "model.layers.5.mlp.up_proj.weight": 0.1010139063000679, "model.layers.5.mlp.down_proj.weight": 0.10145523399114609, "model.layers.5.input_layernorm.weight": 0.001098262844607234, "model.layers.5.post_attention_layernorm.weight": 0.0010933491867035627, "model.layers.6.self_attn.q_proj.weight": 0.0497722253203392, "model.layers.6.self_attn.k_proj.weight": 0.02493738755583763, "model.layers.6.self_attn.v_proj.weight": 0.024889817461371422, "model.layers.6.self_attn.o_proj.weight": 0.050092216581106186, "model.layers.6.mlp.gate_proj.weight": 0.10280399024486542, "model.layers.6.mlp.up_proj.weight": 0.10229627043008804, "model.layers.6.mlp.down_proj.weight": 0.10286274552345276, "model.layers.6.input_layernorm.weight": 0.001091613550670445, "model.layers.6.post_attention_layernorm.weight": 0.0011219356674700975, "model.layers.7.self_attn.q_proj.weight": 0.0501435324549675, "model.layers.7.self_attn.k_proj.weight": 0.024797776713967323, "model.layers.7.self_attn.v_proj.weight": 0.025188790634274483, "model.layers.7.self_attn.o_proj.weight": 0.05042938515543938, "model.layers.7.mlp.gate_proj.weight": 0.104933001101017, "model.layers.7.mlp.up_proj.weight": 0.10399319231510162, "model.layers.7.mlp.down_proj.weight": 0.10465886443853378, "model.layers.7.input_layernorm.weight": 0.0010667165042832494, "model.layers.7.post_attention_layernorm.weight": 0.001151927630417049, "model.layers.8.self_attn.q_proj.weight": 0.05085645243525505, "model.layers.8.self_attn.k_proj.weight": 0.02538132853806019, "model.layers.8.self_attn.v_proj.weight": 0.02513769082725048, "model.layers.8.self_attn.o_proj.weight": 0.05189579725265503, "model.layers.8.mlp.gate_proj.weight": 0.10701555758714676, "model.layers.8.mlp.up_proj.weight": 0.10645025968551636, "model.layers.8.mlp.down_proj.weight": 0.10757391899824142, "model.layers.8.input_layernorm.weight": 0.0011005179258063436, "model.layers.8.post_attention_layernorm.weight": 0.001170787145383656, "model.layers.9.self_attn.q_proj.weight": 0.05332595482468605, "model.layers.9.self_attn.k_proj.weight": 0.02622433379292488, "model.layers.9.self_attn.v_proj.weight": 0.02605942077934742, "model.layers.9.self_attn.o_proj.weight": 0.05363060161471367, "model.layers.9.mlp.gate_proj.weight": 0.10913549363613129, "model.layers.9.mlp.up_proj.weight": 0.10950548946857452, "model.layers.9.mlp.down_proj.weight": 0.11016909033060074, "model.layers.9.input_layernorm.weight": 0.0011220159940421581, "model.layers.9.post_attention_layernorm.weight": 0.0012120897881686687, "model.layers.10.self_attn.q_proj.weight": 0.05354122444987297, "model.layers.10.self_attn.k_proj.weight": 0.026661466807127, "model.layers.10.self_attn.v_proj.weight": 0.02731328271329403, "model.layers.10.self_attn.o_proj.weight": 0.05539767071604729, "model.layers.10.mlp.gate_proj.weight": 0.10891982167959213, "model.layers.10.mlp.up_proj.weight": 0.11105566471815109, "model.layers.10.mlp.down_proj.weight": 0.11137846112251282, "model.layers.10.input_layernorm.weight": 0.00117798603605479, "model.layers.10.post_attention_layernorm.weight": 0.0012053098762407899, "model.layers.11.self_attn.q_proj.weight": 0.0552075058221817, "model.layers.11.self_attn.k_proj.weight": 0.027325766161084175, "model.layers.11.self_attn.v_proj.weight": 0.027641233056783676, "model.layers.11.self_attn.o_proj.weight": 0.05645489692687988, "model.layers.11.mlp.gate_proj.weight": 0.1091802790760994, "model.layers.11.mlp.up_proj.weight": 0.11209794133901596, "model.layers.11.mlp.down_proj.weight": 0.11216661334037781, "model.layers.11.input_layernorm.weight": 0.0011807840783149004, "model.layers.11.post_attention_layernorm.weight": 0.0012149910908192396, "model.layers.12.self_attn.q_proj.weight": 0.05541767552495003, "model.layers.12.self_attn.k_proj.weight": 0.027148926630616188, "model.layers.12.self_attn.v_proj.weight": 0.02822047472000122, "model.layers.12.self_attn.o_proj.weight": 0.0571972094476223, "model.layers.12.mlp.gate_proj.weight": 0.11001358181238174, "model.layers.12.mlp.up_proj.weight": 0.11123267561197281, "model.layers.12.mlp.down_proj.weight": 0.11183128505945206, "model.layers.12.input_layernorm.weight": 0.0012199836783111095, "model.layers.12.post_attention_layernorm.weight": 0.0012126766378059983, "model.layers.13.self_attn.q_proj.weight": 0.054968465119600296, "model.layers.13.self_attn.k_proj.weight": 0.02786140702664852, "model.layers.13.self_attn.v_proj.weight": 0.028457220643758774, "model.layers.13.self_attn.o_proj.weight": 0.05720095336437225, "model.layers.13.mlp.gate_proj.weight": 0.11214958876371384, "model.layers.13.mlp.up_proj.weight": 0.11249280720949173, "model.layers.13.mlp.down_proj.weight": 0.11338512599468231,