{"total_norm": 4.816139221191406, "target_norm": 0.6134194135665894, "param2norm_diff": {"model.embed_tokens.weight": 0.1073186993598938, "model.layers.0.self_attn.q_proj.weight": 0.030053971335291862, "model.layers.0.self_attn.k_proj.weight": 0.01496234443038702, "model.layers.0.self_attn.v_proj.weight": 0.015366454608738422, "model.layers.0.self_attn.o_proj.weight": 0.031134193763136864, "model.layers.0.mlp.gate_proj.weight": 0.061321407556533813, "model.layers.0.mlp.up_proj.weight": 0.061277564615011215, "model.layers.0.mlp.down_proj.weight": 0.06131970137357712, "model.layers.0.input_layernorm.weight": 0.0006650538416579366, "model.layers.0.post_attention_layernorm.weight": 0.0006786124431528151, "model.layers.1.self_attn.q_proj.weight": 0.03093116171658039, "model.layers.1.self_attn.k_proj.weight": 0.015676777809858322, "model.layers.1.self_attn.v_proj.weight": 0.015549966134130955, "model.layers.1.self_attn.o_proj.weight": 0.03125721216201782, "model.layers.1.mlp.gate_proj.weight": 0.0610567107796669, "model.layers.1.mlp.up_proj.weight": 0.061231307685375214, "model.layers.1.mlp.down_proj.weight": 0.06137889251112938, "model.layers.1.input_layernorm.weight": 0.0006861886358819902, "model.layers.1.post_attention_layernorm.weight": 0.0006697861826978624, "model.layers.2.self_attn.q_proj.weight": 0.03184318169951439, "model.layers.2.self_attn.k_proj.weight": 0.015838736668229103, "model.layers.2.self_attn.v_proj.weight": 0.015586950816214085, "model.layers.2.self_attn.o_proj.weight": 0.031554315239191055, "model.layers.2.mlp.gate_proj.weight": 0.06182965636253357, "model.layers.2.mlp.up_proj.weight": 0.06197796389460564, "model.layers.2.mlp.down_proj.weight": 0.062320075929164886, "model.layers.2.input_layernorm.weight": 0.0006858777487650514, "model.layers.2.post_attention_layernorm.weight": 0.0006726496503688395, "model.layers.3.self_attn.q_proj.weight": 0.031432606279850006, "model.layers.3.self_attn.k_proj.weight": 0.015463564544916153, "model.layers.3.self_attn.v_proj.weight": 0.015465407632291317, "model.layers.3.self_attn.o_proj.weight": 0.031380463391542435, "model.layers.3.mlp.gate_proj.weight": 0.06338101625442505, "model.layers.3.mlp.up_proj.weight": 0.06364349275827408, "model.layers.3.mlp.down_proj.weight": 0.06384370476007462, "model.layers.3.input_layernorm.weight": 0.0006694973562844098, "model.layers.3.post_attention_layernorm.weight": 0.0007001598714850843, "model.layers.4.self_attn.q_proj.weight": 0.03144005686044693, "model.layers.4.self_attn.k_proj.weight": 0.0159822478890419, "model.layers.4.self_attn.v_proj.weight": 0.015878550708293915, "model.layers.4.self_attn.o_proj.weight": 0.031490176916122437, "model.layers.4.mlp.gate_proj.weight": 0.0635954737663269, "model.layers.4.mlp.up_proj.weight": 0.06370339542627335, "model.layers.4.mlp.down_proj.weight": 0.06378114968538284, "model.layers.4.input_layernorm.weight": 0.000701845798175782, "model.layers.4.post_attention_layernorm.weight": 0.0007079422357492149, "model.layers.5.self_attn.q_proj.weight": 0.03164788335561752, "model.layers.5.self_attn.k_proj.weight": 0.016082752496004105, "model.layers.5.self_attn.v_proj.weight": 0.01595342718064785, "model.layers.5.self_attn.o_proj.weight": 0.031907495111227036, "model.layers.5.mlp.gate_proj.weight": 0.06376738101243973, "model.layers.5.mlp.up_proj.weight": 0.06372375786304474, "model.layers.5.mlp.down_proj.weight": 0.06389771401882172, "model.layers.5.input_layernorm.weight": 0.0007063158554956317, "model.layers.5.post_attention_layernorm.weight": 0.0007015112205408514, "model.layers.6.self_attn.q_proj.weight": 0.03182920068502426, "model.layers.6.self_attn.k_proj.weight": 0.01580343395471573, "model.layers.6.self_attn.v_proj.weight": 0.01594330370426178, "model.layers.6.self_attn.o_proj.weight": 0.032082147896289825, "model.layers.6.mlp.gate_proj.weight": 0.06423632800579071, "model.layers.6.mlp.up_proj.weight": 0.06424695253372192, "model.layers.6.mlp.down_proj.weight": 0.06449586153030396, "model.layers.6.input_layernorm.weight": 0.000695230788551271, "model.layers.6.post_attention_layernorm.weight": 0.000713807821739465, "model.layers.7.self_attn.q_proj.weight": 0.03198104351758957, "model.layers.7.self_attn.k_proj.weight": 0.015964435413479805, "model.layers.7.self_attn.v_proj.weight": 0.016038427129387856, "model.layers.7.self_attn.o_proj.weight": 0.032416023313999176, "model.layers.7.mlp.gate_proj.weight": 0.06493258476257324, "model.layers.7.mlp.up_proj.weight": 0.06499689072370529, "model.layers.7.mlp.down_proj.weight": 0.06517751514911652, "model.layers.7.input_layernorm.weight": 0.0007120321388356388, "model.layers.7.post_attention_layernorm.weight": 0.0007181670516729355, "model.layers.8.self_attn.q_proj.weight": 0.0323316752910614, "model.layers.8.self_attn.k_proj.weight": 0.016152888536453247, "model.layers.8.self_attn.v_proj.weight": 0.016117887571454048, "model.layers.8.self_attn.o_proj.weight": 0.032535795122385025, "model.layers.8.mlp.gate_proj.weight": 0.06577827781438828, "model.layers.8.mlp.up_proj.weight": 0.06583971530199051, "model.layers.8.mlp.down_proj.weight": 0.06603668630123138, "model.layers.8.input_layernorm.weight": 0.0006995199364610016, "model.layers.8.post_attention_layernorm.weight": 0.0007221052655950189, "model.layers.9.self_attn.q_proj.weight": 0.03267715126276016, "model.layers.9.self_attn.k_proj.weight": 0.01623019017279148, "model.layers.9.self_attn.v_proj.weight": 0.01632661372423172, "model.layers.9.self_attn.o_proj.weight": 0.03299909457564354, "model.layers.9.mlp.gate_proj.weight": 0.06640695780515671, "model.layers.9.mlp.up_proj.weight": 0.06650135666131973, "model.layers.9.mlp.down_proj.weight": 0.06680997461080551, "model.layers.9.input_layernorm.weight": 0.0007139469380490482, "model.layers.9.post_attention_layernorm.weight": 0.0007341900491155684, "model.layers.10.self_attn.q_proj.weight": 0.033121295273303986, "model.layers.10.self_attn.k_proj.weight": 0.016174746677279472, "model.layers.10.self_attn.v_proj.weight": 0.016685299575328827, "model.layers.10.self_attn.o_proj.weight": 0.033519990742206573, "model.layers.10.mlp.gate_proj.weight": 0.06670217961072922, "model.layers.10.mlp.up_proj.weight": 0.06726349145174026, "model.layers.10.mlp.down_proj.weight": 0.06728480756282806, "model.layers.10.input_layernorm.weight": 0.0007332059321925044, "model.layers.10.post_attention_layernorm.weight": 0.0007408128585666418, "model.layers.11.self_attn.q_proj.weight": 0.03311915323138237, "model.layers.11.self_attn.k_proj.weight": 0.016614122316241264, "model.layers.11.self_attn.v_proj.weight": 0.016728680580854416, "model.layers.11.self_attn.o_proj.weight": 0.03385625034570694, "model.layers.11.mlp.gate_proj.weight": 0.06693814694881439, "model.layers.11.mlp.up_proj.weight": 0.06739450991153717, "model.layers.11.mlp.down_proj.weight": 0.06744996458292007, "model.layers.11.input_layernorm.weight": 0.0007225677836686373, "model.layers.11.post_attention_layernorm.weight": 0.0007430048426613212, "model.layers.12.self_attn.q_proj.weight": 0.03356187418103218, "model.layers.12.self_attn.k_proj.weight": 0.016639556735754013, "model.layers.12.self_attn.v_proj.weight": 0.016905486583709717, "model.layers.12.self_attn.o_proj.weight": 0.03415834903717041, "model.layers.12.mlp.gate_proj.weight": 0.06704077869653702, "model.layers.12.mlp.up_proj.weight": 0.0672791376709938, "model.layers.12.mlp.down_proj.weight": 0.06739326566457748, "model.layers.12.input_layernorm.weight": 0.000743700482416898, "model.layers.12.post_attention_layernorm.weight": 0.000749319267924875, "model.layers.13.self_attn.q_proj.weight": 0.03257711976766586, "model.layers.13.self_attn.k_proj.weight": 0.016415966674685478, "model.layers.13.self_attn.v_proj.weight": 0.016863200813531876, "model.layers.13.self_attn.o_proj.weight": 0.03347824141383171, "model.layers.13.mlp.gate_proj.weight": 0.06742069125175476, "model.layers.13.mlp.up_proj.weight": 0.06745882332324982, "model.layers.13.mlp.down_proj.weight": 0.06768573820590973,